=== Concert Analysis ===


##############################
### Concert Day 20
##############################

--- Global Epidemic Metrics ---
Metric           | Mean      | Std       | Min       | P25       | Median    | P75       | Max
-----------------------------------------------------------------------------------------------
Total infected   | 405067.63 | 222.13    | 404558.0  | 404923.5  | 405066.5  | 405243.25 | 405557.0
Attack rate      | 93.22     | 0.05      | 93.1      | 93.18     | 93.22     | 93.26     | 93.33
R0               | 3.06      | 0.02      | 3.02      | 3.04      | 3.06      | 3.08      | 3.1
Infectious pop   | 551.57    | 77.8      | 378.0     | 497.75    | 539.5     | 612.25    | 721.0

--- Sitting (occupation 1) ---
Metric           | Mean      | Std       | Min       | P25       | Median    | P75       | Max
-----------------------------------------------------------------------------------------------
Susceptible      | 497.92    | 1.54      | 492.0     | 497.0     | 498.0     | 499.0     | 500.0
Infectious       | 0.62      | 0.69      | 0.0       | 0.0       | 0.5       | 1.0       | 2.0
Exposed          | 0.75      | 0.99      | 0.0       | 0.0       | 0.5       | 1.0       | 5.0
Recovered        | 0.27      | 0.52      | 0.0       | 0.0       | 0.0       | 0.0       | 2.0
Dead             | 0.0       | 0.0       | 0.0       | 0.0       | 0.0       | 0.0       | 0.0
Same day other   | 0.45      | 0.72      | 0.0       | 0.0       | 0.0       | 1.0       | 3.0
Infected         | 0.62      | 1.01      | 0.0       | 0.0       | 0.0       | 1.0       | 4.0

Infection rate (sitting): 0.12%

Expected vs Observed (sitting):
Metric           | Mean      | Std       | Min       | P25       | Median    | P75       | Max
-----------------------------------------------------------------------------------------------
Expected         | 0.74      | 0.82      | 0.0       | 0.0       | 0.59      | 1.2       | 2.39
Std              | 0.6       | 0.62      | 0.0       | 0.0       | 0.54      | 1.09      | 1.54
Z-score          | -0.09     | 0.66      | -1.55     | -0.18     | 0.0       | 0.0       | 2.57

--- Standing (occupation 2) ---
Metric           | Mean      | Std       | Min       | P25       | Median    | P75       | Max
-----------------------------------------------------------------------------------------------
Susceptible      | 498.25    | 1.39      | 494.0     | 498.0     | 498.5     | 499.0     | 500.0
Infectious       | 0.33      | 0.6       | 0.0       | 0.0       | 0.0       | 1.0       | 2.0
Exposed          | 0.8       | 0.95      | 0.0       | 0.0       | 1.0       | 1.0       | 5.0
Recovered        | 0.25      | 0.51      | 0.0       | 0.0       | 0.0       | 0.0       | 2.0
Dead             | 0.0       | 0.0       | 0.0       | 0.0       | 0.0       | 0.0       | 0.0
Same day other   | 0.37      | 0.61      | 0.0       | 0.0       | 0.0       | 1.0       | 2.0
Infected         | 1.08      | 2.66      | 0.0       | 0.0       | 0.0       | 0.0       | 13.0

Infection rate (standing): 0.22%

Expected vs Observed (standing):
Metric           | Mean      | Std       | Min       | P25       | Median    | P75       | Max
-----------------------------------------------------------------------------------------------
Expected         | 1.19      | 2.14      | 0.0       | 0.0       | 0.0       | 3.56      | 7.12
Std              | 0.55      | 0.94      | 0.0       | 0.0       | 0.0       | 1.88      | 2.65
Z-score          | -0.07     | 0.67      | -1.93     | 0.0       | 0.0       | 0.0       | 2.24

Per-generation breakdown (sitting):
Generation 1     | 2.07      | 4.11      | 0.0       | 0.0       | 0.0       | 3.0       | 18.0
Generation 2     | 6.05      | 14.14     | 0.0       | 0.0       | 0.0       | 3.25      | 64.0
Generation 3     | 14.23     | 33.74     | 0.0       | 0.0       | 0.0       | 6.25      | 154.0
Generation 4     | 21.33     | 51.01     | 0.0       | 0.0       | 0.0       | 10.75     | 247.0
Generation 5     | 20.23     | 51.0      | 0.0       | 0.0       | 0.0       | 11.5      | 288.0
Generation 6     | 12.47     | 34.25     | 0.0       | 0.0       | 0.0       | 3.5       | 198.0
Generation 7     | 5.98      | 17.92     | 0.0       | 0.0       | 0.0       | 1.0       | 96.0
Generation 8     | 1.98      | 5.68      | 0.0       | 0.0       | 0.0       | 0.0       | 32.0
Generation 9     | 0.48      | 1.6       | 0.0       | 0.0       | 0.0       | 0.0       | 8.0
Generation 10    | 0.08      | 0.33      | 0.0       | 0.0       | 0.0       | 0.0       | 2.0

Per-generation breakdown (standing):
Generation 1     | 2.53      | 6.21      | 0.0       | 0.0       | 0.0       | 0.0       | 28.0
Generation 2     | 6.75      | 17.39     | 0.0       | 0.0       | 0.0       | 0.0       | 83.0
Generation 3     | 16.88     | 44.35     | 0.0       | 0.0       | 0.0       | 0.0       | 194.0
Generation 4     | 29.07     | 76.98     | 0.0       | 0.0       | 0.0       | 0.0       | 327.0
Generation 5     | 31.95     | 88.22     | 0.0       | 0.0       | 0.0       | 0.0       | 469.0
Generation 6     | 23.25     | 71.2      | 0.0       | 0.0       | 0.0       | 0.0       | 437.0
Generation 7     | 12.17     | 42.38     | 0.0       | 0.0       | 0.0       | 0.0       | 283.0
Generation 8     | 5.03      | 18.48     | 0.0       | 0.0       | 0.0       | 0.0       | 128.0
Generation 9     | 1.25      | 4.67      | 0.0       | 0.0       | 0.0       | 0.0       | 33.0
Generation 10    | 0.22      | 0.8       | 0.0       | 0.0       | 0.0       | 0.0       | 5.0
Generation 11    | 0.02      | 0.13      | 0.0       | 0.0       | 0.0       | 0.0       | 1.0


##############################
### Concert Day 21
##############################

--- Global Epidemic Metrics ---
Metric           | Mean      | Std       | Min       | P25       | Median    | P75       | Max
-----------------------------------------------------------------------------------------------
Total infected   | 405073.55 | 186.41    | 404700.0  | 404946.75 | 405081.5  | 405208.25 | 405559.0
Attack rate      | 93.22     | 0.04      | 93.13     | 93.19     | 93.22     | 93.25     | 93.33
R0               | 3.06      | 0.02      | 3.01      | 3.05      | 3.05      | 3.07      | 3.09
Infectious pop   | 664.2     | 90.95     | 479.0     | 604.75    | 662.0     | 739.25    | 853.0

--- Sitting (occupation 1) ---
Metric           | Mean      | Std       | Min       | P25       | Median    | P75       | Max
-----------------------------------------------------------------------------------------------
Susceptible      | 496.93    | 1.76      | 493.0     | 496.0     | 497.0     | 498.0     | 500.0
Infectious       | 0.85      | 0.82      | 0.0       | 0.0       | 1.0       | 1.0       | 3.0
Exposed          | 1.27      | 1.06      | 0.0       | 0.0       | 1.0       | 2.0       | 4.0
Recovered        | 0.43      | 0.74      | 0.0       | 0.0       | 0.0       | 1.0       | 3.0
Dead             | 0.0       | 0.0       | 0.0       | 0.0       | 0.0       | 0.0       | 0.0
Same day other   | 0.52      | 0.75      | 0.0       | 0.0       | 0.0       | 1.0       | 3.0
Infected         | 0.77      | 1.21      | 0.0       | 0.0       | 0.0       | 1.0       | 6.0

Infection rate (sitting): 0.15%

Expected vs Observed (sitting):
Metric           | Mean      | Std       | Min       | P25       | Median    | P75       | Max
-----------------------------------------------------------------------------------------------
Expected         | 1.01      | 0.97      | 0.0       | 0.0       | 1.19      | 1.2       | 3.54
Std              | 0.76      | 0.66      | 0.0       | 0.0       | 1.09      | 1.09      | 1.88
Z-score          | -0.2      | 0.69      | -1.55     | -0.89     | 0.0       | 0.0       | 2.35

--- Standing (occupation 2) ---
Metric           | Mean      | Std       | Min       | P25       | Median    | P75       | Max
-----------------------------------------------------------------------------------------------
Susceptible      | 497.78    | 1.56      | 494.0     | 497.0     | 498.0     | 499.0     | 500.0
Infectious       | 0.77      | 0.81      | 0.0       | 0.0       | 1.0       | 1.0       | 4.0
Exposed          | 0.72      | 0.78      | 0.0       | 0.0       | 1.0       | 1.0       | 3.0
Recovered        | 0.33      | 0.66      | 0.0       | 0.0       | 0.0       | 0.25      | 3.0
Dead             | 0.0       | 0.0       | 0.0       | 0.0       | 0.0       | 0.0       | 0.0
Same day other   | 0.4       | 0.59      | 0.0       | 0.0       | 0.0       | 1.0       | 2.0
Infected         | 2.72      | 4.34      | 0.0       | 0.0       | 2.0       | 3.25      | 26.0

Infection rate (standing): 0.55%

Expected vs Observed (standing):
Metric           | Mean      | Std       | Min       | P25       | Median    | P75       | Max
-----------------------------------------------------------------------------------------------
Expected         | 2.73      | 2.87      | 0.0       | 0.0       | 3.57      | 3.58      | 14.05
Std              | 1.25      | 1.08      | 0.0       | 0.0       | 1.88      | 1.89      | 3.69
Z-score          | -0.06     | 1.0       | -2.36     | -0.31     | 0.0       | 0.0       | 3.23

Per-generation breakdown (sitting):
Generation 1     | 2.07      | 3.19      | 0.0       | 0.0       | 0.0       | 3.25      | 11.0
Generation 2     | 5.3       | 8.91      | 0.0       | 0.0       | 0.0       | 9.25      | 35.0
Generation 3     | 11.72     | 19.75     | 0.0       | 0.0       | 0.0       | 14.75     | 78.0
Generation 4     | 17.45     | 31.81     | 0.0       | 0.0       | 0.0       | 19.0      | 141.0
Generation 5     | 15.97     | 32.71     | 0.0       | 0.0       | 0.0       | 14.25     | 158.0
Generation 6     | 9.52      | 23.02     | 0.0       | 0.0       | 0.0       | 5.25      | 132.0
Generation 7     | 3.82      | 10.33     | 0.0       | 0.0       | 0.0       | 1.0       | 60.0
Generation 8     | 1.28      | 3.88      | 0.0       | 0.0       | 0.0       | 0.0       | 23.0
Generation 9     | 0.35      | 1.12      | 0.0       | 0.0       | 0.0       | 0.0       | 6.0
Generation 10    | 0.02      | 0.13      | 0.0       | 0.0       | 0.0       | 0.0       | 1.0

Per-generation breakdown (standing):
Generation 1     | 8.23      | 13.01     | 0.0       | 0.0       | 4.5       | 11.0      | 71.0
Generation 2     | 23.93     | 42.52     | 0.0       | 0.0       | 7.0       | 29.25     | 255.0
Generation 3     | 54.27     | 99.63     | 0.0       | 0.0       | 18.5      | 62.5      | 623.0
Generation 4     | 76.22     | 147.52    | 0.0       | 0.0       | 21.5      | 89.5      | 942.0
Generation 5     | 68.63     | 141.07    | 0.0       | 0.0       | 12.5      | 74.75     | 903.0
Generation 6     | 43.22     | 96.02     | 0.0       | 0.0       | 7.0       | 47.0      | 631.0
Generation 7     | 18.87     | 46.7      | 0.0       | 0.0       | 3.0       | 14.25     | 320.0
Generation 8     | 6.58      | 18.26     | 0.0       | 0.0       | 0.0       | 5.0       | 129.0
Generation 9     | 1.65      | 4.25      | 0.0       | 0.0       | 0.0       | 1.0       | 27.0
Generation 10    | 0.58      | 1.95      | 0.0       | 0.0       | 0.0       | 0.0       | 14.0
Generation 11    | 0.1       | 0.35      | 0.0       | 0.0       | 0.0       | 0.0       | 2.0


##############################
### Concert Day 22
##############################

--- Global Epidemic Metrics ---
Metric           | Mean      | Std       | Min       | P25       | Median    | P75       | Max
-----------------------------------------------------------------------------------------------
Total infected   | 405113.97 | 203.17    | 404653.0  | 404963.75 | 405121.5  | 405221.5  | 405512.0
Attack rate      | 93.23     | 0.05      | 93.12     | 93.19     | 93.23     | 93.25     | 93.32
R0               | 3.06      | 0.02      | 3.01      | 3.05      | 3.06      | 3.07      | 3.1
Infectious pop   | 804.72    | 123.74    | 550.0     | 721.75    | 779.5     | 873.5     | 1125.0

--- Sitting (occupation 1) ---
Metric           | Mean      | Std       | Min       | P25       | Median    | P75       | Max
-----------------------------------------------------------------------------------------------
Susceptible      | 496.27    | 1.86      | 491.0     | 495.0     | 497.0     | 497.0     | 499.0
Infectious       | 0.85      | 0.9       | 0.0       | 0.0       | 1.0       | 1.0       | 4.0
Exposed          | 1.6       | 1.32      | 0.0       | 1.0       | 1.5       | 2.0       | 5.0
Recovered        | 0.62      | 0.78      | 0.0       | 0.0       | 0.0       | 1.0       | 3.0
Dead             | 0.0       | 0.0       | 0.0       | 0.0       | 0.0       | 0.0       | 0.0
Same day other   | 0.67      | 0.82      | 0.0       | 0.0       | 0.0       | 1.0       | 3.0
Infected         | 0.93      | 1.75      | 0.0       | 0.0       | 0.0       | 1.0       | 10.0

Infection rate (sitting): 0.19%

Expected vs Observed (sitting):
Metric           | Mean      | Std       | Min       | P25       | Median    | P75       | Max
-----------------------------------------------------------------------------------------------
Expected         | 1.01      | 1.06      | 0.0       | 0.0       | 1.19      | 1.2       | 4.7
Std              | 0.75      | 0.67      | 0.0       | 0.0       | 1.09      | 1.09      | 2.16
Z-score          | -0.09     | 0.86      | -1.55     | -0.89     | 0.0       | 0.0       | 2.56

--- Standing (occupation 2) ---
Metric           | Mean      | Std       | Min       | P25       | Median    | P75       | Max
-----------------------------------------------------------------------------------------------
Susceptible      | 496.72    | 1.61      | 492.0     | 496.0     | 497.0     | 498.0     | 500.0
Infectious       | 0.97      | 0.99      | 0.0       | 0.0       | 1.0       | 2.0       | 3.0
Exposed          | 1.15      | 1.13      | 0.0       | 0.0       | 1.0       | 2.0       | 4.0
Recovered        | 0.65      | 0.71      | 0.0       | 0.0       | 1.0       | 1.0       | 3.0
Dead             | 0.0       | 0.0       | 0.0       | 0.0       | 0.0       | 0.0       | 0.0
Same day other   | 0.52      | 0.72      | 0.0       | 0.0       | 0.0       | 1.0       | 3.0
Infected         | 3.05      | 3.54      | 0.0       | 0.0       | 2.0       | 5.0       | 13.0

Infection rate (standing): 0.61%

Expected vs Observed (standing):
Metric           | Mean      | Std       | Min       | P25       | Median    | P75       | Max
-----------------------------------------------------------------------------------------------
Expected         | 3.44      | 3.51      | 0.0       | 0.0       | 3.57      | 7.09      | 10.62
Std              | 1.38      | 1.23      | 0.0       | 0.0       | 1.88      | 2.64      | 3.22
Z-score          | -0.16     | 0.75      | -1.9      | -0.5      | 0.0       | 0.0       | 2.24

Per-generation breakdown (sitting):
Generation 1     | 2.98      | 6.07      | 0.0       | 0.0       | 0.0       | 2.25      | 27.0
Generation 2     | 8.7       | 19.62     | 0.0       | 0.0       | 0.0       | 9.25      | 112.0
Generation 3     | 18.33     | 40.85     | 0.0       | 0.0       | 0.0       | 17.75     | 238.0
Generation 4     | 24.22     | 56.05     | 0.0       | 0.0       | 0.0       | 22.25     | 338.0
Generation 5     | 19.6      | 47.09     | 0.0       | 0.0       | 0.0       | 13.5      | 285.0
Generation 6     | 10.57     | 27.08     | 0.0       | 0.0       | 0.0       | 5.25      | 139.0
Generation 7     | 3.83      | 10.22     | 0.0       | 0.0       | 0.0       | 1.25      | 54.0
Generation 8     | 1.25      | 4.47      | 0.0       | 0.0       | 0.0       | 0.0       | 30.0
Generation 9     | 0.45      | 1.79      | 0.0       | 0.0       | 0.0       | 0.0       | 11.0
Generation 10    | 0.15      | 0.73      | 0.0       | 0.0       | 0.0       | 0.0       | 5.0
Generation 11    | 0.03      | 0.18      | 0.0       | 0.0       | 0.0       | 0.0       | 1.0

Per-generation breakdown (standing):
Generation 1     | 9.27      | 10.97     | 0.0       | 0.0       | 4.5       | 16.75     | 38.0
Generation 2     | 25.03     | 30.75     | 0.0       | 0.0       | 11.5      | 49.0      | 129.0
Generation 3     | 52.68     | 68.15     | 0.0       | 0.0       | 15.5      | 88.75     | 282.0
Generation 4     | 71.23     | 96.82     | 0.0       | 0.0       | 13.0      | 98.25     | 382.0
Generation 5     | 60.82     | 87.4      | 0.0       | 0.0       | 7.0       | 87.0      | 303.0
Generation 6     | 32.38     | 49.61     | 0.0       | 0.0       | 1.0       | 51.0      | 205.0
Generation 7     | 12.68     | 21.71     | 0.0       | 0.0       | 0.0       | 18.0      | 113.0
Generation 8     | 3.88      | 7.51      | 0.0       | 0.0       | 0.0       | 4.25      | 42.0
Generation 9     | 0.92      | 1.97      | 0.0       | 0.0       | 0.0       | 1.0       | 12.0
Generation 10    | 0.25      | 0.82      | 0.0       | 0.0       | 0.0       | 0.0       | 5.0
Generation 11    | 0.07      | 0.31      | 0.0       | 0.0       | 0.0       | 0.0       | 2.0
Generation 12    | 0.02      | 0.13      | 0.0       | 0.0       | 0.0       | 0.0       | 1.0
Generation 13    | 0.02      | 0.13      | 0.0       | 0.0       | 0.0       | 0.0       | 1.0


##############################
### Concert Day 23
##############################

--- Global Epidemic Metrics ---
Metric           | Mean      | Std       | Min       | P25       | Median    | P75       | Max
-----------------------------------------------------------------------------------------------
Total infected   | 405072.07 | 178.99    | 404740.0  | 404935.5  | 405080.0  | 405189.25 | 405436.0
Attack rate      | 93.22     | 0.04      | 93.14     | 93.19     | 93.22     | 93.24     | 93.3
R0               | 3.06      | 0.02      | 3.01      | 3.04      | 3.06      | 3.07      | 3.1
Infectious pop   | 1018.7    | 155.29    | 686.0     | 939.75    | 1021.0    | 1108.0    | 1461.0

--- Sitting (occupation 1) ---
Metric           | Mean      | Std       | Min       | P25       | Median    | P75       | Max
-----------------------------------------------------------------------------------------------
Susceptible      | 495.35    | 2.33      | 488.0     | 494.0     | 496.0     | 497.0     | 499.0
Infectious       | 1.48      | 1.07      | 0.0       | 1.0       | 1.0       | 2.0       | 4.0
Exposed          | 1.67      | 1.39      | 0.0       | 1.0       | 1.0       | 2.0       | 6.0
Recovered        | 0.7       | 0.89      | 0.0       | 0.0       | 0.0       | 1.0       | 3.0
Dead             | 0.0       | 0.0       | 0.0       | 0.0       | 0.0       | 0.0       | 0.0
Same day other   | 0.8       | 0.88      | 0.0       | 0.0       | 1.0       | 1.0       | 3.0
Infected         | 2.1       | 2.11      | 0.0       | 1.0       | 2.0       | 3.0       | 10.0

Infection rate (sitting): 0.42%

Expected vs Observed (sitting):
Metric           | Mean      | Std       | Min       | P25       | Median    | P75       | Max
-----------------------------------------------------------------------------------------------
Expected         | 1.76      | 1.26      | 0.0       | 1.19      | 1.2       | 2.38      | 4.72
Std              | 1.16      | 0.63      | 0.0       | 1.09      | 1.09      | 1.54      | 2.16
Z-score          | 0.21      | 0.87      | -1.1      | -0.24     | 0.0       | 0.49      | 2.58

--- Standing (occupation 2) ---
Metric           | Mean      | Std       | Min       | P25       | Median    | P75       | Max
-----------------------------------------------------------------------------------------------
Susceptible      | 495.57    | 2.16      | 489.0     | 494.0     | 496.0     | 497.0     | 500.0
Infectious       | 1.13      | 0.91      | 0.0       | 0.75      | 1.0       | 2.0       | 4.0
Exposed          | 1.87      | 1.41      | 0.0       | 1.0       | 2.0       | 3.0       | 7.0
Recovered        | 0.63      | 0.76      | 0.0       | 0.0       | 0.5       | 1.0       | 3.0
Dead             | 0.0       | 0.0       | 0.0       | 0.0       | 0.0       | 0.0       | 0.0
Same day other   | 0.8       | 0.94      | 0.0       | 0.0       | 1.0       | 1.0       | 4.0
Infected         | 3.67      | 3.46      | 0.0       | 0.0       | 3.0       | 6.0       | 15.0

Infection rate (standing): 0.74%

Expected vs Observed (standing):
Metric           | Mean      | Std       | Min       | P25       | Median    | P75       | Max
-----------------------------------------------------------------------------------------------
Expected         | 4.02      | 3.21      | 0.0       | 2.64      | 3.57      | 7.06      | 13.97
Std              | 1.69      | 1.07      | 0.0       | 1.4       | 1.88      | 2.64      | 3.68
Z-score          | -0.14     | 0.97      | -1.89     | -0.81     | 0.0       | 0.23      | 2.88

Per-generation breakdown (sitting):
Generation 1     | 6.27      | 6.8       | 0.0       | 0.0       | 4.5       | 10.0      | 32.0
Generation 2     | 17.45     | 19.46     | 0.0       | 0.0       | 11.0      | 30.25     | 73.0
Generation 3     | 36.8      | 42.5      | 0.0       | 0.0       | 25.0      | 64.0      | 158.0
Generation 4     | 46.68     | 56.3      | 0.0       | 0.0       | 30.0      | 66.5      | 216.0
Generation 5     | 38.02     | 48.89     | 0.0       | 0.0       | 21.0      | 60.0      | 228.0
Generation 6     | 20.1      | 30.33     | 0.0       | 0.0       | 8.0       | 23.75     | 159.0
Generation 7     | 7.92      | 13.83     | 0.0       | 0.0       | 2.0       | 10.0      | 67.0
Generation 8     | 2.45      | 4.59      | 0.0       | 0.0       | 0.0       | 3.0       | 21.0
Generation 9     | 0.57      | 1.39      | 0.0       | 0.0       | 0.0       | 0.0       | 7.0
Generation 10    | 0.1       | 0.35      | 0.0       | 0.0       | 0.0       | 0.0       | 2.0

Per-generation breakdown (standing):
Generation 1     | 10.65     | 10.69     | 0.0       | 0.0       | 8.5       | 18.0      | 45.0
Generation 2     | 27.85     | 28.98     | 0.0       | 0.0       | 20.5      | 51.75     | 128.0
Generation 3     | 52.35     | 54.04     | 0.0       | 0.0       | 37.0      | 94.75     | 212.0
Generation 4     | 61.73     | 65.21     | 0.0       | 0.0       | 42.5      | 107.5     | 277.0
Generation 5     | 43.67     | 46.1      | 0.0       | 0.0       | 31.5      | 72.25     | 193.0
Generation 6     | 21.37     | 23.08     | 0.0       | 0.0       | 17.0      | 36.25     | 104.0
Generation 7     | 7.77      | 9.66      | 0.0       | 0.0       | 4.5       | 12.25     | 43.0
Generation 8     | 2.28      | 3.38      | 0.0       | 0.0       | 1.0       | 3.0       | 17.0
Generation 9     | 0.58      | 1.18      | 0.0       | 0.0       | 0.0       | 1.0       | 6.0
Generation 10    | 0.12      | 0.42      | 0.0       | 0.0       | 0.0       | 0.0       | 2.0
Generation 11    | 0.03      | 0.18      | 0.0       | 0.0       | 0.0       | 0.0       | 1.0
Generation 12    | 0.02      | 0.13      | 0.0       | 0.0       | 0.0       | 0.0       | 1.0
Generation 13    | 0.02      | 0.13      | 0.0       | 0.0       | 0.0       | 0.0       | 1.0


##############################
### Concert Day 24
##############################

--- Global Epidemic Metrics ---
Metric           | Mean      | Std       | Min       | P25       | Median    | P75       | Max
-----------------------------------------------------------------------------------------------
Total infected   | 405118.97 | 209.52    | 404663.0  | 404979.0  | 405127.0  | 405251.5  | 405501.0
Attack rate      | 93.23     | 0.05      | 93.12     | 93.2      | 93.23     | 93.26     | 93.32
R0               | 3.06      | 0.02      | 3.01      | 3.05      | 3.06      | 3.07      | 3.09
Infectious pop   | 1198.4    | 161.37    | 807.0     | 1065.75   | 1195.0    | 1349.25   | 1526.0

--- Sitting (occupation 1) ---
Metric           | Mean      | Std       | Min       | P25       | Median    | P75       | Max
-----------------------------------------------------------------------------------------------
Susceptible      | 495.8     | 2.01      | 492.0     | 495.0     | 496.0     | 497.0     | 500.0
Infectious       | 1.27      | 1.21      | 0.0       | 0.0       | 1.0       | 2.0       | 6.0
Exposed          | 1.68      | 1.23      | 0.0       | 1.0       | 1.5       | 3.0       | 4.0
Recovered        | 0.68      | 0.85      | 0.0       | 0.0       | 0.0       | 1.0       | 3.0
Dead             | 0.0       | 0.0       | 0.0       | 0.0       | 0.0       | 0.0       | 0.0
Same day other   | 0.57      | 0.7       | 0.0       | 0.0       | 0.0       | 1.0       | 2.0
Infected         | 1.48      | 2.12      | 0.0       | 0.0       | 1.0       | 2.0       | 10.0

Infection rate (sitting): 0.3%

Expected vs Observed (sitting):
Metric           | Mean      | Std       | Min       | P25       | Median    | P75       | Max
-----------------------------------------------------------------------------------------------
Expected         | 1.5       | 1.42      | 0.0       | 0.0       | 1.19      | 2.38      | 7.05
Std              | 1.0       | 0.71      | 0.0       | 0.0       | 1.09      | 1.54      | 2.64
Z-score          | -0.04     | 0.91      | -1.89     | -0.32     | 0.0       | 0.0       | 3.45

--- Standing (occupation 2) ---
Metric           | Mean      | Std       | Min       | P25       | Median    | P75       | Max
-----------------------------------------------------------------------------------------------
Susceptible      | 495.25    | 2.24      | 488.0     | 494.0     | 495.5     | 497.0     | 499.0
Infectious       | 1.38      | 1.38      | 0.0       | 0.75      | 1.0       | 2.0       | 6.0
Exposed          | 1.85      | 1.36      | 0.0       | 1.0       | 2.0       | 3.0       | 5.0
Recovered        | 0.72      | 0.83      | 0.0       | 0.0       | 1.0       | 1.0       | 3.0
Dead             | 0.0       | 0.0       | 0.0       | 0.0       | 0.0       | 0.0       | 0.0
Same day other   | 0.8       | 0.92      | 0.0       | 0.0       | 1.0       | 1.0       | 3.0
Infected         | 4.62      | 4.77      | 0.0       | 0.0       | 4.0       | 6.25      | 23.0

Infection rate (standing): 0.93%

Expected vs Observed (standing):
Metric           | Mean      | Std       | Min       | P25       | Median    | P75       | Max
-----------------------------------------------------------------------------------------------
Expected         | 4.88      | 4.81      | 0.0       | 2.66      | 3.57      | 7.07      | 20.84
Std              | 1.81      | 1.24      | 0.0       | 1.41      | 1.88      | 2.64      | 4.47
Z-score          | -0.06     | 0.92      | -1.91     | -0.62     | 0.0       | 0.23      | 2.38

Per-generation breakdown (sitting):
Generation 1     | 4.42      | 6.83      | 0.0       | 0.0       | 2.0       | 6.0       | 37.0
Generation 2     | 11.9      | 19.72     | 0.0       | 0.0       | 2.5       | 16.5      | 105.0
Generation 3     | 23.03     | 38.11     | 0.0       | 0.0       | 4.5       | 30.25     | 189.0
Generation 4     | 26.28     | 47.17     | 0.0       | 0.0       | 4.0       | 30.25     | 222.0
Generation 5     | 18.63     | 34.45     | 0.0       | 0.0       | 1.0       | 17.5      | 154.0
Generation 6     | 9.13      | 17.12     | 0.0       | 0.0       | 0.0       | 9.25      | 70.0
Generation 7     | 3.15      | 6.69      | 0.0       | 0.0       | 0.0       | 2.25      | 28.0
Generation 8     | 0.98      | 2.43      | 0.0       | 0.0       | 0.0       | 0.0       | 14.0
Generation 9     | 0.18      | 0.54      | 0.0       | 0.0       | 0.0       | 0.0       | 3.0
Generation 10    | 0.03      | 0.26      | 0.0       | 0.0       | 0.0       | 0.0       | 2.0
Generation 11    | 0.02      | 0.13      | 0.0       | 0.0       | 0.0       | 0.0       | 1.0
Generation 12    | 0.02      | 0.13      | 0.0       | 0.0       | 0.0       | 0.0       | 1.0

Per-generation breakdown (standing):
Generation 1     | 14.82     | 17.29     | 0.0       | 0.0       | 10.5      | 20.25     | 77.0
Generation 2     | 38.55     | 47.32     | 0.0       | 0.0       | 22.0      | 50.25     | 221.0
Generation 3     | 69.63     | 86.37     | 0.0       | 0.0       | 47.5      | 88.75     | 395.0
Generation 4     | 82.25     | 107.0     | 0.0       | 0.0       | 52.5      | 101.5     | 529.0
Generation 5     | 60.67     | 83.49     | 0.0       | 0.0       | 38.0      | 75.75     | 431.0
Generation 6     | 30.15     | 46.75     | 0.0       | 0.0       | 15.5      | 37.75     | 247.0
Generation 7     | 10.9      | 18.07     | 0.0       | 0.0       | 5.5       | 12.25     | 97.0
Generation 8     | 3.12      | 6.25      | 0.0       | 0.0       | 1.0       | 3.25      | 39.0
Generation 9     | 0.73      | 1.96      | 0.0       | 0.0       | 0.0       | 1.0       | 13.0
Generation 10    | 0.17      | 0.59      | 0.0       | 0.0       | 0.0       | 0.0       | 4.0
Generation 11    | 0.03      | 0.18      | 0.0       | 0.0       | 0.0       | 0.0       | 1.0
Generation 12    | 0.02      | 0.13      | 0.0       | 0.0       | 0.0       | 0.0       | 1.0


##############################
### Concert Day 25
##############################

--- Global Epidemic Metrics ---
Metric           | Mean      | Std       | Min       | P25       | Median    | P75       | Max
-----------------------------------------------------------------------------------------------
Total infected   | 405037.62 | 226.46    | 404568.0  | 404884.5  | 405017.5  | 405140.5  | 405717.0
Attack rate      | 93.21     | 0.05      | 93.1      | 93.17     | 93.2      | 93.23     | 93.37
R0               | 3.06      | 0.02      | 3.0       | 3.05      | 3.06      | 3.07      | 3.09
Infectious pop   | 1538.38   | 257.03    | 1125.0    | 1330.75   | 1534.0    | 1702.0    | 2120.0

--- Sitting (occupation 1) ---
Metric           | Mean      | Std       | Min       | P25       | Median    | P75       | Max
-----------------------------------------------------------------------------------------------
Susceptible      | 493.7     | 2.69      | 484.0     | 492.75    | 494.0     | 495.0     | 500.0
Infectious       | 1.6       | 1.04      | 0.0       | 1.0       | 1.5       | 2.0       | 4.0
Exposed          | 2.72      | 1.7       | 0.0       | 1.0       | 3.0       | 3.0       | 9.0
Recovered        | 0.87      | 0.91      | 0.0       | 0.0       | 1.0       | 1.0       | 3.0
Dead             | 0.0       | 0.0       | 0.0       | 0.0       | 0.0       | 0.0       | 0.0
Same day other   | 1.12      | 0.9       | 0.0       | 0.0       | 1.0       | 2.0       | 3.0
Infected         | 1.93      | 2.04      | 0.0       | 0.0       | 1.0       | 3.0       | 10.0

Infection rate (sitting): 0.39%

Expected vs Observed (sitting):
Metric           | Mean      | Std       | Min       | P25       | Median    | P75       | Max
-----------------------------------------------------------------------------------------------
Expected         | 1.89      | 1.23      | 0.0       | 1.19      | 1.76      | 2.37      | 4.73
Std              | 1.24      | 0.58      | 0.0       | 1.09      | 1.31      | 1.54      | 2.16
Z-score          | -0.02     | 0.94      | -1.71     | -0.89     | 0.0       | 0.41      | 2.58

--- Standing (occupation 2) ---
Metric           | Mean      | Std       | Min       | P25       | Median    | P75       | Max
-----------------------------------------------------------------------------------------------
Susceptible      | 494.3     | 2.27      | 488.0     | 493.0     | 495.0     | 496.0     | 499.0
Infectious       | 1.62      | 1.14      | 0.0       | 1.0       | 1.5       | 2.0       | 5.0
Exposed          | 2.35      | 1.46      | 0.0       | 1.0       | 2.0       | 3.0       | 6.0
Recovered        | 0.75      | 0.88      | 0.0       | 0.0       | 1.0       | 1.0       | 3.0
Dead             | 0.0       | 0.0       | 0.0       | 0.0       | 0.0       | 0.0       | 0.0
Same day other   | 0.98      | 0.91      | 0.0       | 0.0       | 1.0       | 2.0       | 3.0
Infected         | 5.15      | 4.34      | 0.0       | 1.75      | 4.0       | 8.25      | 17.0

Infection rate (standing): 1.04%

Expected vs Observed (standing):
Metric           | Mean      | Std       | Min       | P25       | Median    | P75       | Max
-----------------------------------------------------------------------------------------------
Expected         | 5.7       | 3.98      | 0.0       | 3.55      | 5.3       | 7.11      | 17.36
Std              | 2.1       | 1.1       | 0.0       | 1.88      | 2.26      | 2.65      | 4.09
Z-score          | -0.21     | 1.0       | -2.3      | -0.82     | -0.11     | 0.16      | 3.43

Per-generation breakdown (sitting):
Generation 1     | 4.95      | 5.89      | 0.0       | 0.0       | 3.0       | 8.0       | 27.0
Generation 2     | 10.98     | 13.51     | 0.0       | 0.0       | 5.0       | 21.0      | 51.0
Generation 3     | 19.23     | 25.23     | 0.0       | 0.0       | 5.0       | 33.25     | 101.0
Generation 4     | 20.17     | 27.89     | 0.0       | 0.0       | 5.5       | 34.25     | 99.0
Generation 5     | 12.72     | 20.34     | 0.0       | 0.0       | 2.5       | 21.0      | 87.0
Generation 6     | 6.17      | 11.13     | 0.0       | 0.0       | 0.0       | 7.25      | 55.0
Generation 7     | 2.4       | 5.27      | 0.0       | 0.0       | 0.0       | 2.0       | 28.0
Generation 8     | 0.75      | 2.21      | 0.0       | 0.0       | 0.0       | 0.0       | 14.0
Generation 9     | 0.15      | 0.8       | 0.0       | 0.0       | 0.0       | 0.0       | 6.0
Generation 10    | 0.02      | 0.13      | 0.0       | 0.0       | 0.0       | 0.0       | 1.0

Per-generation breakdown (standing):
Generation 1     | 14.7      | 12.3      | 0.0       | 3.5       | 13.0      | 23.25     | 45.0
Generation 2     | 37.8      | 32.9      | 0.0       | 8.5       | 30.5      | 57.0      | 120.0
Generation 3     | 63.93     | 59.22     | 0.0       | 13.75     | 48.0      | 98.75     | 235.0
Generation 4     | 66.17     | 63.61     | 0.0       | 12.25     | 54.0      | 106.75    | 268.0
Generation 5     | 44.38     | 45.48     | 0.0       | 1.75      | 31.5      | 76.0      | 186.0
Generation 6     | 19.6      | 22.84     | 0.0       | 0.0       | 13.0      | 30.75     | 95.0
Generation 7     | 6.95      | 9.73      | 0.0       | 0.0       | 3.5       | 10.0      | 49.0
Generation 8     | 1.98      | 3.18      | 0.0       | 0.0       | 1.0       | 3.0       | 14.0
Generation 9     | 0.53      | 1.1       | 0.0       | 0.0       | 0.0       | 0.25      | 5.0
Generation 10    | 0.12      | 0.42      | 0.0       | 0.0       | 0.0       | 0.0       | 2.0


##############################
### Concert Day 26
##############################

--- Global Epidemic Metrics ---
Metric           | Mean      | Std       | Min       | P25       | Median    | P75       | Max
-----------------------------------------------------------------------------------------------
Total infected   | 405117.27 | 199.86    | 404622.0  | 404970.75 | 405124.0  | 405284.0  | 405519.0
Attack rate      | 93.23     | 0.05      | 93.11     | 93.19     | 93.23     | 93.27     | 93.32
R0               | 3.05      | 0.02      | 3.01      | 3.04      | 3.06      | 3.07      | 3.09
Infectious pop   | 1829.02   | 317.68    | 1303.0    | 1610.25   | 1763.5    | 2045.75   | 2813.0

--- Sitting (occupation 1) ---
Metric           | Mean      | Std       | Min       | P25       | Median    | P75       | Max
-----------------------------------------------------------------------------------------------
Susceptible      | 492.82    | 2.26      | 488.0     | 491.0     | 493.0     | 494.0     | 498.0
Infectious       | 2.12      | 1.14      | 0.0       | 1.0       | 2.0       | 3.0       | 6.0
Exposed          | 2.7       | 1.46      | 0.0       | 2.0       | 2.0       | 3.25      | 6.0
Recovered        | 1.0       | 1.04      | 0.0       | 0.0       | 1.0       | 1.0       | 5.0
Dead             | 0.0       | 0.0       | 0.0       | 0.0       | 0.0       | 0.0       | 0.0
Same day other   | 1.37      | 1.33      | 0.0       | 0.0       | 1.0       | 2.0       | 5.0
Infected         | 2.27      | 1.77      | 0.0       | 1.0       | 2.0       | 3.0       | 8.0

Infection rate (sitting): 0.46%

Expected vs Observed (sitting):
Metric           | Mean      | Std       | Min       | P25       | Median    | P75       | Max
-----------------------------------------------------------------------------------------------
Expected         | 2.5       | 1.33      | 0.0       | 1.19      | 2.37      | 3.52      | 7.05
Std              | 1.5       | 0.49      | 0.0       | 1.09      | 1.54      | 1.87      | 2.64
Z-score          | -0.12     | 0.83      | -1.72     | -0.82     | -0.18     | 0.42      | 2.36

--- Standing (occupation 2) ---
Metric           | Mean      | Std       | Min       | P25       | Median    | P75       | Max
-----------------------------------------------------------------------------------------------
Susceptible      | 492.55    | 3.26      | 485.0     | 490.0     | 493.0     | 495.0     | 498.0
Infectious       | 2.02      | 1.55      | 0.0       | 1.0       | 2.0       | 3.0       | 7.0
Exposed          | 2.82      | 1.63      | 0.0       | 1.75      | 3.0       | 4.0       | 7.0
Recovered        | 1.22      | 1.3       | 0.0       | 0.0       | 1.0       | 2.0       | 7.0
Dead             | 0.0       | 0.0       | 0.0       | 0.0       | 0.0       | 0.0       | 0.0
Same day other   | 1.4       | 1.14      | 0.0       | 0.0       | 1.0       | 2.0       | 4.0
Infected         | 6.68      | 5.71      | 0.0       | 2.0       | 6.0       | 11.0      | 22.0

Infection rate (standing): 1.36%

Expected vs Observed (standing):
Metric           | Mean      | Std       | Min       | P25       | Median    | P75       | Max
-----------------------------------------------------------------------------------------------
Expected         | 7.06      | 5.34      | 0.0       | 3.56      | 7.03      | 10.5      | 24.08
Std              | 2.35      | 1.18      | 0.0       | 1.88      | 2.63      | 3.2       | 4.78
Z-score          | -0.11     | 1.18      | -2.3      | -0.83     | -0.02     | 0.59      | 2.9

Per-generation breakdown (sitting):
Generation 1     | 6.47      | 5.64      | 0.0       | 2.0       | 5.5       | 9.25      | 22.0
Generation 2     | 15.7      | 15.88     | 0.0       | 3.0       | 10.5      | 22.75     | 61.0
Generation 3     | 26.83     | 29.81     | 0.0       | 6.0       | 14.0      | 38.5      | 113.0
Generation 4     | 24.5      | 29.54     | 0.0       | 3.0       | 10.0      | 37.0      | 112.0
Generation 5     | 15.55     | 19.98     | 0.0       | 1.0       | 5.5       | 30.75     | 86.0
Generation 6     | 7.17      | 11.2      | 0.0       | 0.0       | 2.0       | 10.25     | 56.0
Generation 7     | 2.47      | 5.58      | 0.0       | 0.0       | 0.0       | 2.25      | 37.0
Generation 8     | 0.65      | 2.8       | 0.0       | 0.0       | 0.0       | 0.0       | 21.0
Generation 9     | 0.28      | 1.35      | 0.0       | 0.0       | 0.0       | 0.0       | 10.0
Generation 10    | 0.03      | 0.26      | 0.0       | 0.0       | 0.0       | 0.0       | 2.0
Generation 11    | 0.02      | 0.13      | 0.0       | 0.0       | 0.0       | 0.0       | 1.0

Per-generation breakdown (standing):
Generation 1     | 18.17     | 16.23     | 0.0       | 3.0       | 15.0      | 29.25     | 57.0
Generation 2     | 45.02     | 40.85     | 0.0       | 7.75      | 33.5      | 75.5      | 142.0
Generation 3     | 76.03     | 70.87     | 0.0       | 14.5      | 54.0      | 133.25    | 243.0
Generation 4     | 72.47     | 71.52     | 0.0       | 9.0       | 52.0      | 125.5     | 270.0
Generation 5     | 43.68     | 48.33     | 0.0       | 5.25      | 24.5      | 63.25     | 171.0
Generation 6     | 18.55     | 21.91     | 0.0       | 1.0       | 11.0      | 24.25     | 84.0
Generation 7     | 5.83      | 8.08      | 0.0       | 0.0       | 2.5       | 8.25      | 37.0
Generation 8     | 1.53      | 2.47      | 0.0       | 0.0       | 0.0       | 2.0       | 13.0
Generation 9     | 0.4       | 1.03      | 0.0       | 0.0       | 0.0       | 0.0       | 5.0
Generation 10    | 0.12      | 0.45      | 0.0       | 0.0       | 0.0       | 0.0       | 3.0
Generation 11    | 0.02      | 0.13      | 0.0       | 0.0       | 0.0       | 0.0       | 1.0


##############################
### Concert Day 27
##############################

--- Global Epidemic Metrics ---
Metric           | Mean      | Std       | Min       | P25       | Median    | P75       | Max
-----------------------------------------------------------------------------------------------
Total infected   | 405039.33 | 202.43    | 404579.0  | 404910.25 | 405078.0  | 405166.25 | 405427.0
Attack rate      | 93.21     | 0.05      | 93.1      | 93.18     | 93.22     | 93.24     | 93.3
R0               | 3.06      | 0.02      | 3.01      | 3.05      | 3.06      | 3.07      | 3.09
Infectious pop   | 2325.63   | 367.56    | 1630.0    | 2091.25   | 2262.0    | 2569.25   | 3233.0

--- Sitting (occupation 1) ---
Metric           | Mean      | Std       | Min       | P25       | Median    | P75       | Max
-----------------------------------------------------------------------------------------------
Susceptible      | 490.48    | 3.26      | 483.0     | 488.75    | 491.0     | 493.0     | 497.0
Infectious       | 2.78      | 1.51      | 0.0       | 2.0       | 3.0       | 4.0       | 7.0
Exposed          | 3.88      | 2.06      | 0.0       | 2.0       | 4.0       | 5.0       | 10.0
Recovered        | 1.3       | 1.29      | 0.0       | 0.0       | 1.0       | 2.0       | 6.0
Dead             | 0.0       | 0.0       | 0.0       | 0.0       | 0.0       | 0.0       | 0.0
Same day other   | 1.55      | 1.33      | 0.0       | 1.0       | 1.0       | 2.0       | 7.0
Infected         | 2.88      | 2.31      | 0.0       | 1.0       | 2.5       | 4.0       | 11.0

Infection rate (sitting): 0.59%

Expected vs Observed (sitting):
Metric           | Mean      | Std       | Min       | P25       | Median    | P75       | Max
-----------------------------------------------------------------------------------------------
Expected         | 3.26      | 1.75      | 0.0       | 2.34      | 3.52      | 4.67      | 8.13
Std              | 1.71      | 0.56      | 0.0       | 1.53      | 1.87      | 2.15      | 2.83
Z-score          | -0.19     | 0.97      | -1.88     | -0.88     | -0.28     | 0.41      | 2.57

--- Standing (occupation 2) ---
Metric           | Mean      | Std       | Min       | P25       | Median    | P75       | Max
-----------------------------------------------------------------------------------------------
Susceptible      | 490.37    | 2.82      | 484.0     | 489.0     | 490.5     | 492.0     | 498.0
Infectious       | 2.9       | 1.41      | 0.0       | 2.0       | 3.0       | 4.0       | 7.0
Exposed          | 3.78      | 1.93      | 0.0       | 3.0       | 4.0       | 5.0       | 9.0
Recovered        | 1.23      | 1.08      | 0.0       | 0.0       | 1.0       | 2.0       | 4.0
Dead             | 0.0       | 0.0       | 0.0       | 0.0       | 0.0       | 0.0       | 0.0
Same day other   | 1.72      | 1.25      | 0.0       | 1.0       | 1.0       | 2.0       | 5.0
Infected         | 9.5       | 5.74      | 0.0       | 5.0       | 8.0       | 15.0      | 23.0

Infection rate (standing): 1.94%

Expected vs Observed (standing):
Metric           | Mean      | Std       | Min       | P25       | Median    | P75       | Max
-----------------------------------------------------------------------------------------------
Expected         | 10.12     | 4.85      | 0.0       | 7.03      | 10.48     | 13.92     | 24.03
Std              | 3.01      | 0.89      | 0.0       | 2.63      | 3.2       | 3.68      | 4.78
Z-score          | -0.2      | 1.06      | -2.5      | -0.81     | -0.23     | 0.38      | 3.22

Per-generation breakdown (sitting):
Generation 1     | 8.1       | 7.48      | 0.0       | 3.0       | 7.0       | 11.0      | 35.0
Generation 2     | 19.27     | 17.57     | 0.0       | 5.0       | 14.5      | 31.25     | 76.0
Generation 3     | 28.07     | 27.05     | 0.0       | 3.0       | 22.0      | 44.25     | 107.0
Generation 4     | 23.77     | 25.45     | 0.0       | 1.75      | 17.0      | 36.25     | 107.0
Generation 5     | 13.42     | 15.76     | 0.0       | 0.0       | 7.5       | 20.75     | 73.0
Generation 6     | 5.27      | 6.68      | 0.0       | 0.0       | 3.0       | 6.25      | 31.0
Generation 7     | 1.8       | 2.53      | 0.0       | 0.0       | 1.0       | 3.0       | 10.0
Generation 8     | 0.67      | 1.5       | 0.0       | 0.0       | 0.0       | 1.0       | 8.0
Generation 9     | 0.12      | 0.37      | 0.0       | 0.0       | 0.0       | 0.0       | 2.0
Generation 10    | 0.07      | 0.25      | 0.0       | 0.0       | 0.0       | 0.0       | 1.0
Generation 11    | 0.03      | 0.18      | 0.0       | 0.0       | 0.0       | 0.0       | 1.0

Per-generation breakdown (standing):
Generation 1     | 25.62     | 17.54     | 0.0       | 11.75     | 23.0      | 38.25     | 64.0
Generation 2     | 56.17     | 38.17     | 0.0       | 25.5      | 49.0      | 83.0      | 147.0
Generation 3     | 80.67     | 58.51     | 0.0       | 33.5      | 71.5      | 121.75    | 262.0
Generation 4     | 68.68     | 53.91     | 0.0       | 31.25     | 52.5      | 101.25    | 260.0
Generation 5     | 36.18     | 31.39     | 0.0       | 12.75     | 26.5      | 56.25     | 155.0
Generation 6     | 13.78     | 13.42     | 0.0       | 3.75      | 10.0      | 19.0      | 63.0
Generation 7     | 3.78      | 4.53      | 0.0       | 0.75      | 2.0       | 5.25      | 24.0
Generation 8     | 1.12      | 1.54      | 0.0       | 0.0       | 0.0       | 2.0       | 6.0
Generation 9     | 0.13      | 0.5       | 0.0       | 0.0       | 0.0       | 0.0       | 3.0
Generation 10    | 0.03      | 0.18      | 0.0       | 0.0       | 0.0       | 0.0       | 1.0


##############################
### Concert Day 28
##############################

--- Global Epidemic Metrics ---
Metric           | Mean      | Std       | Min       | P25       | Median    | P75       | Max
-----------------------------------------------------------------------------------------------
Total infected   | 405082.45 | 244.79    | 404451.0  | 404975.25 | 405047.5  | 405231.0  | 405753.0
Attack rate      | 93.22     | 0.06      | 93.07     | 93.2      | 93.21     | 93.25     | 93.37
R0               | 3.05      | 0.02      | 3.01      | 3.04      | 3.05      | 3.07      | 3.1
Infectious pop   | 2691.53   | 373.41    | 2012.0    | 2460.25   | 2656.0    | 2904.0    | 3697.0

--- Sitting (occupation 1) ---
Metric           | Mean      | Std       | Min       | P25       | Median    | P75       | Max
-----------------------------------------------------------------------------------------------
Susceptible      | 489.33    | 3.63      | 479.0     | 487.0     | 489.5     | 492.0     | 497.0
Infectious       | 2.92      | 1.92      | 0.0       | 2.0       | 3.0       | 4.0       | 7.0
Exposed          | 4.32      | 2.56      | 0.0       | 3.0       | 4.0       | 5.25      | 11.0
Recovered        | 1.53      | 1.14      | 0.0       | 1.0       | 1.0       | 2.0       | 5.0
Dead             | 0.0       | 0.0       | 0.0       | 0.0       | 0.0       | 0.0       | 0.0
Same day other   | 1.9       | 1.64      | 0.0       | 1.0       | 1.5       | 3.0       | 7.0
Infected         | 3.03      | 2.66      | 0.0       | 1.0       | 3.0       | 4.0       | 10.0

Infection rate (sitting): 0.62%

Expected vs Observed (sitting):
Metric           | Mean      | Std       | Min       | P25       | Median    | P75       | Max
-----------------------------------------------------------------------------------------------
Expected         | 3.41      | 2.23      | 0.0       | 2.34      | 3.49      | 4.69      | 8.16
Std              | 1.67      | 0.77      | 0.0       | 1.53      | 1.86      | 2.16      | 2.83
Z-score          | -0.19     | 0.89      | -2.43     | -0.8      | -0.2      | 0.33      | 1.87

--- Standing (occupation 2) ---
Metric           | Mean      | Std       | Min       | P25       | Median    | P75       | Max
-----------------------------------------------------------------------------------------------
Susceptible      | 489.23    | 3.58      | 477.0     | 488.0     | 489.5     | 492.0     | 495.0
Infectious       | 2.92      | 1.48      | 0.0       | 2.0       | 3.0       | 4.0       | 7.0
Exposed          | 4.75      | 2.4       | 1.0       | 3.0       | 4.0       | 6.0       | 13.0
Recovered        | 1.32      | 1.05      | 0.0       | 1.0       | 1.0       | 2.0       | 5.0
Dead             | 0.0       | 0.0       | 0.0       | 0.0       | 0.0       | 0.0       | 0.0
Same day other   | 1.78      | 1.32      | 0.0       | 1.0       | 2.0       | 3.0       | 5.0
Infected         | 9.47      | 6.1       | 0.0       | 5.0       | 9.0       | 12.0      | 29.0

Infection rate (standing): 1.94%

Expected vs Observed (standing):
Metric           | Mean      | Std       | Min       | P25       | Median    | P75       | Max
-----------------------------------------------------------------------------------------------
Expected         | 10.14     | 5.05      | 0.0       | 7.02      | 10.45     | 13.92     | 23.79
Std              | 3.01      | 0.91      | 0.0       | 2.63      | 3.2       | 3.68      | 4.76
Z-score          | -0.24     | 0.97      | -2.17     | -0.82     | -0.27     | 0.32      | 2.12

Per-generation breakdown (sitting):
Generation 1     | 7.57      | 7.29      | 0.0       | 0.0       | 6.0       | 12.0      | 26.0
Generation 2     | 16.43     | 17.23     | 0.0       | 0.0       | 11.5      | 28.5      | 63.0
Generation 3     | 21.25     | 25.68     | 0.0       | 0.0       | 14.0      | 33.5      | 116.0
Generation 4     | 16.52     | 25.25     | 0.0       | 0.0       | 8.0       | 20.75     | 118.0
Generation 5     | 8.45      | 15.24     | 0.0       | 0.0       | 2.0       | 10.0      | 81.0
Generation 6     | 3.55      | 7.49      | 0.0       | 0.0       | 0.0       | 3.0       | 36.0
Generation 7     | 0.95      | 2.26      | 0.0       | 0.0       | 0.0       | 1.0       | 11.0
Generation 8     | 0.13      | 0.43      | 0.0       | 0.0       | 0.0       | 0.0       | 2.0
Generation 9     | 0.05      | 0.22      | 0.0       | 0.0       | 0.0       | 0.0       | 1.0

Per-generation breakdown (standing):
Generation 1     | 25.83     | 17.66     | 0.0       | 13.5      | 23.5      | 32.5      | 71.0
Generation 2     | 55.98     | 40.78     | 0.0       | 27.75     | 50.0      | 73.25     | 165.0
Generation 3     | 78.48     | 60.86     | 0.0       | 32.75     | 66.0      | 105.25    | 250.0
Generation 4     | 64.2      | 55.69     | 0.0       | 21.75     | 45.5      | 92.25     | 238.0
Generation 5     | 34.7      | 33.92     | 0.0       | 9.75      | 25.0      | 55.25     | 155.0
Generation 6     | 13.87     | 16.26     | 0.0       | 3.0       | 8.0       | 21.25     | 72.0
Generation 7     | 4.0       | 5.62      | 0.0       | 0.0       | 2.0       | 5.25      | 26.0
Generation 8     | 1.17      | 1.74      | 0.0       | 0.0       | 0.0       | 2.0       | 8.0
Generation 9     | 0.25      | 0.63      | 0.0       | 0.0       | 0.0       | 0.0       | 2.0
Generation 10    | 0.02      | 0.13      | 0.0       | 0.0       | 0.0       | 0.0       | 1.0


##############################
### Concert Day 29
##############################

--- Global Epidemic Metrics ---
Metric           | Mean      | Std       | Min       | P25       | Median    | P75       | Max
-----------------------------------------------------------------------------------------------
Total infected   | 405073.12 | 170.31    | 404632.0  | 404955.25 | 405088.5  | 405175.25 | 405454.0
Attack rate      | 93.22     | 0.04      | 93.12     | 93.19     | 93.22     | 93.24     | 93.31
R0               | 3.05      | 0.02      | 3.0       | 3.05      | 3.06      | 3.07      | 3.08
Infectious pop   | 3289.9    | 521.18    | 2219.0    | 2908.75   | 3260.0    | 3607.75   | 4663.0

--- Sitting (occupation 1) ---
Metric           | Mean      | Std       | Min       | P25       | Median    | P75       | Max
-----------------------------------------------------------------------------------------------
Susceptible      | 486.38    | 4.34      | 476.0     | 483.0     | 487.0     | 489.25    | 496.0
Infectious       | 3.85      | 2.1       | 1.0       | 2.0       | 4.0       | 5.0       | 9.0
Exposed          | 5.73      | 2.52      | 1.0       | 4.0       | 5.5       | 7.25      | 13.0
Recovered        | 1.9       | 1.26      | 0.0       | 1.0       | 2.0       | 3.0       | 5.0
Dead             | 0.0       | 0.0       | 0.0       | 0.0       | 0.0       | 0.0       | 0.0
Same day other   | 2.13      | 1.47      | 0.0       | 1.0       | 2.0       | 3.0       | 6.0
Infected         | 3.72      | 2.84      | 0.0       | 1.0       | 3.0       | 6.0       | 13.0

Infection rate (sitting): 0.76%

Expected vs Observed (sitting):
Metric           | Mean      | Std       | Min       | P25       | Median    | P75       | Max
-----------------------------------------------------------------------------------------------
Expected         | 4.46      | 2.4       | 1.16      | 2.35      | 4.62      | 5.84      | 10.3
Std              | 2.02      | 0.59      | 1.08      | 1.53      | 2.14      | 2.4       | 3.17
Z-score          | -0.36     | 0.89      | -1.87     | -0.94     | -0.56     | 0.31      | 2.35

--- Standing (occupation 2) ---
Metric           | Mean      | Std       | Min       | P25       | Median    | P75       | Max
-----------------------------------------------------------------------------------------------
Susceptible      | 486.93    | 4.17      | 475.0     | 485.75    | 487.0     | 489.0     | 495.0
Infectious       | 3.8       | 1.87      | 1.0       | 2.75      | 4.0       | 5.0       | 9.0
Exposed          | 5.2       | 2.48      | 1.0       | 4.0       | 5.0       | 6.25      | 16.0
Recovered        | 1.88      | 1.66      | 0.0       | 1.0       | 2.0       | 2.25      | 9.0
Dead             | 0.0       | 0.0       | 0.0       | 0.0       | 0.0       | 0.0       | 0.0
Same day other   | 2.18      | 1.37      | 0.0       | 1.0       | 2.0       | 3.0       | 6.0
Infected         | 12.52     | 7.28      | 0.0       | 8.0       | 12.0      | 16.0      | 40.0

Infection rate (standing): 2.57%

Expected vs Observed (standing):
Metric           | Mean      | Std       | Min       | P25       | Median    | P75       | Max
-----------------------------------------------------------------------------------------------
Expected         | 13.09     | 6.24      | 3.5       | 9.54      | 13.64     | 17.17     | 30.55
Std              | 3.47      | 0.82      | 1.86      | 3.05      | 3.64      | 4.07      | 5.35
Z-score          | -0.17     | 1.13      | -2.43     | -1.05     | -0.03     | 0.58      | 2.27

Per-generation breakdown (sitting):
Generation 1     | 8.93      | 8.47      | 0.0       | 3.0       | 7.0       | 14.0      | 44.0
Generation 2     | 17.63     | 17.98     | 0.0       | 4.0       | 11.5      | 25.5      | 78.0
Generation 3     | 22.45     | 24.03     | 0.0       | 4.0       | 16.0      | 39.25     | 123.0
Generation 4     | 17.22     | 18.73     | 0.0       | 2.0       | 11.0      | 28.25     | 88.0
Generation 5     | 8.38      | 9.79      | 0.0       | 0.75      | 4.5       | 14.25     | 37.0
Generation 6     | 2.77      | 3.49      | 0.0       | 0.0       | 1.0       | 4.0       | 14.0
Generation 7     | 0.87      | 1.66      | 0.0       | 0.0       | 0.0       | 1.0       | 10.0
Generation 8     | 0.2       | 0.63      | 0.0       | 0.0       | 0.0       | 0.0       | 4.0
Generation 9     | 0.07      | 0.31      | 0.0       | 0.0       | 0.0       | 0.0       | 2.0
Generation 10    | 0.02      | 0.13      | 0.0       | 0.0       | 0.0       | 0.0       | 1.0

Per-generation breakdown (standing):
Generation 1     | 33.82     | 21.51     | 0.0       | 19.75     | 33.0      | 43.75     | 124.0
Generation 2     | 66.4      | 42.56     | 0.0       | 42.5      | 62.5      | 88.25     | 256.0
Generation 3     | 82.12     | 49.69     | 0.0       | 54.0      | 80.0      | 97.5      | 284.0
Generation 4     | 60.23     | 37.87     | 0.0       | 34.5      | 58.5      | 88.25     | 179.0
Generation 5     | 28.35     | 19.92     | 0.0       | 12.75     | 25.5      | 39.0      | 92.0
Generation 6     | 10.72     | 8.57      | 0.0       | 3.75      | 9.0       | 17.0      | 43.0
Generation 7     | 3.32      | 3.52      | 0.0       | 0.0       | 2.0       | 6.25      | 13.0
Generation 8     | 0.83      | 1.22      | 0.0       | 0.0       | 0.0       | 1.0       | 6.0
Generation 9     | 0.13      | 0.34      | 0.0       | 0.0       | 0.0       | 0.0       | 1.0
Generation 10    | 0.03      | 0.18      | 0.0       | 0.0       | 0.0       | 0.0       | 1.0


##############################
### Concert Day 30
##############################

--- Global Epidemic Metrics ---
Metric           | Mean      | Std       | Min       | P25       | Median    | P75       | Max
-----------------------------------------------------------------------------------------------
Total infected   | 405080.72 | 252.8     | 404463.0  | 404956.0  | 405066.0  | 405228.0  | 405635.0
Attack rate      | 93.22     | 0.06      | 93.08     | 93.19     | 93.22     | 93.25     | 93.35
R0               | 3.06      | 0.02      | 3.0       | 3.05      | 3.06      | 3.07      | 3.1
Infectious pop   | 4056.48   | 701.46    | 2814.0    | 3457.75   | 4062.5    | 4479.0    | 6037.0

--- Sitting (occupation 1) ---
Metric           | Mean      | Std       | Min       | P25       | Median    | P75       | Max
-----------------------------------------------------------------------------------------------
Susceptible      | 482.92    | 5.06      | 469.0     | 479.75    | 484.0     | 487.0     | 491.0
Infectious       | 5.0       | 2.28      | 0.0       | 3.0       | 5.0       | 6.25      | 10.0
Exposed          | 6.55      | 2.68      | 1.0       | 5.0       | 6.0       | 8.0       | 16.0
Recovered        | 2.57      | 1.67      | 0.0       | 1.0       | 2.0       | 4.0       | 7.0
Dead             | 0.0       | 0.0       | 0.0       | 0.0       | 0.0       | 0.0       | 0.0
Same day other   | 2.97      | 1.78      | 0.0       | 2.0       | 3.0       | 4.0       | 9.0
Infected         | 5.55      | 3.51      | 0.0       | 3.0       | 5.0       | 8.25      | 15.0

Infection rate (sitting): 1.15%

Expected vs Observed (sitting):
Metric           | Mean      | Std       | Min       | P25       | Median    | P75       | Max
-----------------------------------------------------------------------------------------------
Expected         | 5.75      | 2.59      | 0.0       | 3.52      | 5.83      | 7.22      | 11.5
Std              | 2.3       | 0.61      | 0.0       | 1.87      | 2.4       | 2.67      | 3.35
Z-score          | -0.07     | 0.96      | -2.26     | -0.77     | -0.27     | 0.69      | 2.61

--- Standing (occupation 2) ---
Metric           | Mean      | Std       | Min       | P25       | Median    | P75       | Max
-----------------------------------------------------------------------------------------------
Susceptible      | 483.93    | 4.49      | 470.0     | 481.0     | 484.0     | 487.0     | 492.0
Infectious       | 4.95      | 2.73      | 0.0       | 3.0       | 4.0       | 7.0       | 12.0
Exposed          | 6.45      | 2.69      | 1.0       | 5.0       | 6.0       | 8.0       | 13.0
Recovered        | 1.93      | 1.36      | 0.0       | 1.0       | 2.0       | 3.0       | 5.0
Dead             | 0.0       | 0.0       | 0.0       | 0.0       | 0.0       | 0.0       | 0.0
Same day other   | 2.73      | 1.58      | 0.0       | 2.0       | 2.0       | 4.0       | 6.0
Infected         | 15.63     | 9.24      | 0.0       | 9.75      | 13.0      | 20.75     | 39.0

Infection rate (standing): 3.23%

Expected vs Observed (standing):
Metric           | Mean      | Std       | Min       | P25       | Median    | P75       | Max
-----------------------------------------------------------------------------------------------
Expected         | 16.84     | 9.03      | 0.0       | 10.4      | 13.81     | 23.71     | 38.98
Std              | 3.85      | 1.13      | 0.0       | 3.19      | 3.66      | 4.75      | 5.98
Z-score          | -0.27     | 1.04      | -2.64     | -0.85     | -0.31     | 0.27      | 2.68

Per-generation breakdown (sitting):
Generation 1     | 14.0      | 9.67      | 0.0       | 6.0       | 13.0      | 19.5      | 41.0
Generation 2     | 25.55     | 18.81     | 0.0       | 9.0       | 21.5      | 38.25     | 76.0
Generation 3     | 28.92     | 23.16     | 0.0       | 13.75     | 23.0      | 43.75     | 107.0
Generation 4     | 18.58     | 16.96     | 0.0       | 5.0       | 12.5      | 30.0      | 62.0
Generation 5     | 8.58      | 9.91      | 0.0       | 1.75      | 4.5       | 13.0      | 41.0
Generation 6     | 2.58      | 3.74      | 0.0       | 0.0       | 1.0       | 4.0       | 12.0
Generation 7     | 0.85      | 1.61      | 0.0       | 0.0       | 0.0       | 1.0       | 6.0
Generation 8     | 0.2       | 0.58      | 0.0       | 0.0       | 0.0       | 0.0       | 3.0
Generation 9     | 0.03      | 0.18      | 0.0       | 0.0       | 0.0       | 0.0       | 1.0

Per-generation breakdown (standing):
Generation 1     | 38.2      | 23.59     | 0.0       | 21.75     | 30.0      | 51.5      | 103.0
Generation 2     | 69.22     | 42.57     | 0.0       | 39.75     | 65.5      | 91.5      | 204.0
Generation 3     | 78.15     | 52.91     | 0.0       | 38.0      | 71.0      | 103.25    | 247.0
Generation 4     | 51.5      | 41.19     | 0.0       | 22.75     | 45.0      | 71.0      | 199.0
Generation 5     | 23.63     | 21.44     | 0.0       | 9.0       | 16.0      | 33.0      | 102.0
Generation 6     | 7.53      | 9.3       | 0.0       | 2.0       | 5.0       | 9.0       | 48.0
Generation 7     | 2.32      | 3.2       | 0.0       | 0.0       | 1.0       | 3.0       | 15.0
Generation 8     | 0.5       | 1.11      | 0.0       | 0.0       | 0.0       | 0.25      | 5.0
Generation 9     | 0.07      | 0.31      | 0.0       | 0.0       | 0.0       | 0.0       | 2.0


##############################
### Concert Day 31
##############################

--- Global Epidemic Metrics ---
Metric           | Mean      | Std       | Min       | P25       | Median    | P75       | Max
-----------------------------------------------------------------------------------------------
Total infected   | 405044.52 | 174.04    | 404621.0  | 404916.0  | 405052.0  | 405172.25 | 405425.0
Attack rate      | 93.21     | 0.04      | 93.11     | 93.18     | 93.21     | 93.24     | 93.3
R0               | 3.06      | 0.02      | 3.01      | 3.05      | 3.06      | 3.07      | 3.1
Infectious pop   | 4829.12   | 749.36    | 3605.0    | 4200.75   | 4761.5    | 5334.75   | 6718.0

--- Sitting (occupation 1) ---
Metric           | Mean      | Std       | Min       | P25       | Median    | P75       | Max
-----------------------------------------------------------------------------------------------
Susceptible      | 480.58    | 4.88      | 468.0     | 478.0     | 482.0     | 484.0     | 492.0
Infectious       | 5.4       | 1.86      | 1.0       | 4.0       | 5.0       | 7.0       | 9.0
Exposed          | 7.57      | 2.37      | 2.0       | 6.0       | 7.5       | 9.0       | 14.0
Recovered        | 2.98      | 1.9       | 0.0       | 2.0       | 3.0       | 4.0       | 9.0
Dead             | 0.0       | 0.0       | 0.0       | 0.0       | 0.0       | 0.0       | 0.0
Same day other   | 3.47      | 1.94      | 0.0       | 2.0       | 3.0       | 4.25      | 10.0
Infected         | 6.48      | 3.44      | 1.0       | 4.0       | 6.0       | 9.0       | 14.0

Infection rate (sitting): 1.35%

Expected vs Observed (sitting):
Metric           | Mean      | Std       | Min       | P25       | Median    | P75       | Max
-----------------------------------------------------------------------------------------------
Expected         | 6.19      | 2.09      | 1.16      | 4.63      | 5.79      | 7.99      | 10.28
Std              | 2.43      | 0.44      | 1.07      | 2.14      | 2.39      | 2.8       | 3.17
Z-score          | 0.14      | 1.13      | -1.7      | -0.74     | 0.02      | 0.94      | 3.45

--- Standing (occupation 2) ---
Metric           | Mean      | Std       | Min       | P25       | Median    | P75       | Max
-----------------------------------------------------------------------------------------------
Susceptible      | 480.82    | 5.09      | 471.0     | 477.75    | 481.5     | 485.0     | 490.0
Infectious       | 4.95      | 2.33      | 1.0       | 3.0       | 5.0       | 7.0       | 11.0
Exposed          | 8.18      | 2.49      | 3.0       | 6.0       | 8.0       | 10.0      | 15.0
Recovered        | 2.55      | 1.68      | 0.0       | 1.0       | 2.0       | 4.0       | 6.0
Dead             | 0.0       | 0.0       | 0.0       | 0.0       | 0.0       | 0.0       | 0.0
Same day other   | 3.5       | 2.04      | 0.0       | 2.0       | 3.0       | 5.0       | 8.0
Infected         | 15.22     | 8.29      | 2.0       | 9.75      | 14.0      | 20.0      | 36.0

Infection rate (standing): 3.16%

Expected vs Observed (standing):
Metric           | Mean      | Std       | Min       | P25       | Median    | P75       | Max
-----------------------------------------------------------------------------------------------
Expected         | 16.75     | 7.66      | 3.5       | 10.36     | 16.94     | 23.42     | 35.93
Std              | 3.9       | 0.93      | 1.86      | 3.18      | 4.04      | 4.72      | 5.76
Z-score          | -0.37     | 1.06      | -2.61     | -1.0      | -0.37     | 0.3       | 1.91

Per-generation breakdown (sitting):
Generation 1     | 15.9      | 10.08     | 0.0       | 7.0       | 13.5      | 21.25     | 40.0
Generation 2     | 28.58     | 17.92     | 0.0       | 12.0      | 28.0      | 37.75     | 70.0
Generation 3     | 30.73     | 21.94     | 0.0       | 12.0      | 28.0      | 44.25     | 83.0
Generation 4     | 20.77     | 17.13     | 0.0       | 7.5       | 18.5      | 28.75     | 69.0
Generation 5     | 8.83      | 8.8       | 0.0       | 2.0       | 6.0       | 11.0      | 37.0
Generation 6     | 3.47      | 4.29      | 0.0       | 0.75      | 2.0       | 5.0       | 21.0
Generation 7     | 0.8       | 1.57      | 0.0       | 0.0       | 0.0       | 1.0       | 8.0
Generation 8     | 0.07      | 0.31      | 0.0       | 0.0       | 0.0       | 0.0       | 2.0

Per-generation breakdown (standing):
Generation 1     | 37.18     | 23.21     | 0.0       | 20.0      | 36.0      | 47.0      | 98.0
Generation 2     | 61.85     | 40.06     | 0.0       | 33.0      | 60.5      | 81.25     | 171.0
Generation 3     | 62.02     | 42.6      | 0.0       | 30.5      | 58.5      | 86.5      | 182.0
Generation 4     | 37.58     | 28.29     | 0.0       | 15.0      | 32.5      | 57.0      | 114.0
Generation 5     | 15.42     | 14.58     | 0.0       | 4.0       | 11.0      | 23.25     | 62.0
Generation 6     | 4.42      | 5.52      | 0.0       | 1.0       | 2.0       | 6.25      | 24.0
Generation 7     | 1.0       | 1.63      | 0.0       | 0.0       | 0.0       | 1.0       | 8.0
Generation 8     | 0.15      | 0.44      | 0.0       | 0.0       | 0.0       | 0.0       | 2.0
Generation 9     | 0.02      | 0.13      | 0.0       | 0.0       | 0.0       | 0.0       | 1.0
Generation 10    | 0.02      | 0.13      | 0.0       | 0.0       | 0.0       | 0.0       | 1.0


##############################
### Concert Day 32
##############################

--- Global Epidemic Metrics ---
Metric           | Mean      | Std       | Min       | P25       | Median    | P75       | Max
-----------------------------------------------------------------------------------------------
Total infected   | 405096.88 | 201.74    | 404562.0  | 404980.5  | 405102.0  | 405244.0  | 405563.0
Attack rate      | 93.22     | 0.05      | 93.1      | 93.2      | 93.22     | 93.26     | 93.33
R0               | 3.05      | 0.02      | 3.02      | 3.04      | 3.06      | 3.07      | 3.08
Infectious pop   | 5985.27   | 1018.28   | 4329.0    | 5209.25   | 5848.0    | 6658.25   | 8704.0

--- Sitting (occupation 1) ---
Metric           | Mean      | Std       | Min       | P25       | Median    | P75       | Max
-----------------------------------------------------------------------------------------------
Susceptible      | 474.83    | 6.81      | 458.0     | 470.0     | 476.0     | 480.0     | 487.0
Infectious       | 6.92      | 2.58      | 2.0       | 5.0       | 7.0       | 8.0       | 13.0
Exposed          | 10.08     | 3.95      | 3.0       | 7.0       | 10.0      | 13.0      | 19.0
Recovered        | 3.92      | 2.35      | 0.0       | 2.0       | 3.5       | 6.0       | 10.0
Dead             | 0.0       | 0.0       | 0.0       | 0.0       | 0.0       | 0.0       | 0.0
Same day other   | 4.25      | 2.3       | 1.0       | 2.75      | 4.0       | 5.0       | 11.0
Infected         | 7.6       | 4.31      | 1.0       | 5.0       | 7.0       | 10.0      | 19.0

Infection rate (sitting): 1.6%

Expected vs Observed (sitting):
Metric           | Mean      | Std       | Min       | P25       | Median    | P75       | Max
-----------------------------------------------------------------------------------------------
Expected         | 7.8       | 2.83      | 2.3       | 5.74      | 7.87      | 9.08      | 14.1
Std              | 2.72      | 0.51      | 1.51      | 2.38      | 2.78      | 2.98      | 3.7
Z-score          | -0.09     | 1.06      | -1.98     | -0.85     | -0.29     | 0.69      | 2.3

--- Standing (occupation 2) ---
Metric           | Mean      | Std       | Min       | P25       | Median    | P75       | Max
-----------------------------------------------------------------------------------------------
Susceptible      | 475.6     | 5.85      | 463.0     | 471.0     | 476.0     | 480.0     | 488.0
Infectious       | 7.15      | 2.69      | 1.0       | 5.0       | 7.0       | 9.0       | 14.0
Exposed          | 9.75      | 3.61      | 3.0       | 7.0       | 10.0      | 11.25     | 21.0
Recovered        | 3.3       | 1.67      | 0.0       | 2.0       | 3.0       | 4.0       | 7.0
Dead             | 0.0       | 0.0       | 0.0       | 0.0       | 0.0       | 0.0       | 0.0
Same day other   | 4.2       | 2.28      | 0.0       | 3.0       | 4.0       | 5.0       | 11.0
Infected         | 22.03     | 9.85      | 2.0       | 14.75     | 20.0      | 28.25     | 44.0

Infection rate (standing): 4.63%

Expected vs Observed (standing):
Metric           | Mean      | Std       | Min       | P25       | Median    | P75       | Max
-----------------------------------------------------------------------------------------------
Expected         | 23.76     | 8.58      | 3.49      | 17.22     | 23.52     | 29.92     | 44.86
Std              | 4.65      | 0.88      | 1.86      | 4.08      | 4.73      | 5.3       | 6.37
Z-score          | -0.38     | 0.99      | -2.45     | -1.29     | -0.4      | 0.36      | 1.6

Per-generation breakdown (sitting):
Generation 1     | 18.03     | 10.9      | 2.0       | 10.0      | 16.5      | 25.0      | 47.0
Generation 2     | 29.0      | 18.77     | 1.0       | 13.75     | 28.0      | 38.25     | 74.0
Generation 3     | 28.55     | 20.83     | 0.0       | 16.0      | 24.0      | 37.25     | 82.0
Generation 4     | 16.65     | 15.54     | 0.0       | 6.0       | 13.0      | 20.0      | 73.0
Generation 5     | 7.02      | 7.17      | 0.0       | 2.0       | 5.0       | 10.0      | 37.0
Generation 6     | 2.6       | 3.36      | 0.0       | 0.0       | 1.0       | 4.0       | 16.0
Generation 7     | 0.78      | 1.7       | 0.0       | 0.0       | 0.0       | 1.0       | 10.0
Generation 8     | 0.2       | 0.63      | 0.0       | 0.0       | 0.0       | 0.0       | 3.0
Generation 9     | 0.08      | 0.33      | 0.0       | 0.0       | 0.0       | 0.0       | 2.0
Generation 10    | 0.02      | 0.13      | 0.0       | 0.0       | 0.0       | 0.0       | 1.0

Per-generation breakdown (standing):
Generation 1     | 51.95     | 24.3      | 5.0       | 30.75     | 48.5      | 71.25     | 103.0
Generation 2     | 80.53     | 37.25     | 11.0      | 55.0      | 72.0      | 111.25    | 173.0
Generation 3     | 72.63     | 36.02     | 13.0      | 44.75     | 63.5      | 99.0      | 179.0
Generation 4     | 41.53     | 26.01     | 5.0       | 21.0      | 34.0      | 57.25     | 121.0
Generation 5     | 15.3      | 12.19     | 0.0       | 6.0       | 13.0      | 20.0      | 62.0
Generation 6     | 4.47      | 4.01      | 0.0       | 1.0       | 4.0       | 6.0       | 18.0
Generation 7     | 1.0       | 1.28      | 0.0       | 0.0       | 1.0       | 2.0       | 5.0
Generation 8     | 0.12      | 0.37      | 0.0       | 0.0       | 0.0       | 0.0       | 2.0
Generation 9     | 0.02      | 0.13      | 0.0       | 0.0       | 0.0       | 0.0       | 1.0


##############################
### Concert Day 33
##############################

--- Global Epidemic Metrics ---
Metric           | Mean      | Std       | Min       | P25       | Median    | P75       | Max
-----------------------------------------------------------------------------------------------
Total infected   | 405078.57 | 204.65    | 404682.0  | 404965.25 | 405051.5  | 405169.5  | 405674.0
Attack rate      | 93.22     | 0.05      | 93.13     | 93.19     | 93.21     | 93.24     | 93.36
R0               | 3.06      | 0.02      | 3.01      | 3.05      | 3.05      | 3.07      | 3.1
Infectious pop   | 7256.35   | 1120.53   | 5061.0    | 6494.0    | 7168.0    | 7863.25   | 11927.0

--- Sitting (occupation 1) ---
Metric           | Mean      | Std       | Min       | P25       | Median    | P75       | Max
-----------------------------------------------------------------------------------------------
Susceptible      | 470.05    | 7.11      | 452.0     | 465.0     | 471.0     | 474.25    | 487.0
Infectious       | 8.82      | 3.63      | 3.0       | 6.0       | 8.0       | 11.0      | 24.0
Exposed          | 11.05     | 3.45      | 4.0       | 8.0       | 10.5      | 13.0      | 22.0
Recovered        | 5.02      | 2.37      | 0.0       | 3.0       | 5.0       | 7.0       | 12.0
Dead             | 0.0       | 0.0       | 0.0       | 0.0       | 0.0       | 0.0       | 0.0
Same day other   | 5.07      | 2.56      | 0.0       | 3.0       | 5.0       | 7.0       | 10.0
Infected         | 9.92      | 4.7       | 2.0       | 6.0       | 9.0       | 12.0      | 26.0

Infection rate (sitting): 2.11%

Expected vs Observed (sitting):
Metric           | Mean      | Std       | Min       | P25       | Median    | P75       | Max
-----------------------------------------------------------------------------------------------
Expected         | 9.8       | 3.86      | 3.43      | 6.8       | 9.02      | 12.1      | 25.35
Std              | 3.04      | 0.57      | 1.85      | 2.59      | 2.97      | 3.43      | 4.89
Z-score          | 0.06      | 0.99      | -1.81     | -0.64     | 0.1       | 0.95      | 1.84

--- Standing (occupation 2) ---
Metric           | Mean      | Std       | Min       | P25       | Median    | P75       | Max
-----------------------------------------------------------------------------------------------
Susceptible      | 471.03    | 6.76      | 450.0     | 466.0     | 472.0     | 476.0     | 481.0
Infectious       | 8.55      | 3.23      | 3.0       | 6.0       | 8.0       | 10.0      | 17.0
Exposed          | 11.5      | 3.78      | 5.0       | 9.0       | 11.0      | 14.0      | 23.0
Recovered        | 4.23      | 2.24      | 1.0       | 3.0       | 4.0       | 5.0       | 12.0
Dead             | 0.0       | 0.0       | 0.0       | 0.0       | 0.0       | 0.0       | 0.0
Same day other   | 4.68      | 2.21      | 1.0       | 3.0       | 4.0       | 6.0       | 11.0
Infected         | 27.33     | 11.06     | 11.0      | 18.75     | 25.5      | 34.0      | 61.0

Infection rate (standing): 5.8%

Expected vs Observed (standing):
Metric           | Mean      | Std       | Min       | P25       | Median    | P75       | Max
-----------------------------------------------------------------------------------------------
Expected         | 27.96     | 9.81      | 10.19     | 20.28     | 26.47     | 32.73     | 53.09
Std              | 5.04      | 0.82      | 3.16      | 4.41      | 5.0       | 5.52      | 6.85
Z-score          | -0.12     | 1.06      | -2.41     | -0.8      | -0.13     | 0.51      | 2.31

Per-generation breakdown (sitting):
Generation 1     | 23.03     | 11.39     | 5.0       | 15.0      | 21.0      | 30.25     | 56.0
Generation 2     | 31.63     | 17.59     | 6.0       | 18.75     | 27.0      | 46.25     | 87.0
Generation 3     | 25.15     | 17.54     | 2.0       | 13.0      | 21.5      | 36.0      | 71.0
Generation 4     | 12.3      | 10.85     | 0.0       | 4.0       | 9.0       | 17.5      | 41.0
Generation 5     | 4.73      | 5.16      | 0.0       | 1.0       | 3.0       | 7.0       | 28.0
Generation 6     | 1.2       | 1.75      | 0.0       | 0.0       | 1.0       | 2.0       | 9.0
Generation 7     | 0.3       | 0.96      | 0.0       | 0.0       | 0.0       | 0.0       | 5.0
Generation 8     | 0.03      | 0.18      | 0.0       | 0.0       | 0.0       | 0.0       | 1.0

Per-generation breakdown (standing):
Generation 1     | 62.4      | 25.41     | 23.0      | 43.0      | 57.5      | 82.75     | 143.0
Generation 2     | 90.18     | 36.85     | 32.0      | 64.5      | 87.5      | 109.25    | 208.0
Generation 3     | 74.48     | 34.14     | 16.0      | 51.0      | 71.5      | 83.25     | 225.0
Generation 4     | 36.27     | 19.3      | 2.0       | 22.75     | 31.5      | 47.25     | 123.0
Generation 5     | 13.03     | 9.63      | 1.0       | 7.0       | 10.0      | 17.0      | 58.0
Generation 6     | 3.83      | 3.62      | 0.0       | 1.0       | 3.0       | 5.0       | 18.0
Generation 7     | 0.78      | 1.19      | 0.0       | 0.0       | 0.0       | 1.0       | 6.0
Generation 8     | 0.12      | 0.49      | 0.0       | 0.0       | 0.0       | 0.0       | 3.0
Generation 9     | 0.02      | 0.13      | 0.0       | 0.0       | 0.0       | 0.0       | 1.0


##############################
### Concert Day 34
##############################

--- Global Epidemic Metrics ---
Metric           | Mean      | Std       | Min       | P25       | Median    | P75       | Max
-----------------------------------------------------------------------------------------------
Total infected   | 405049.37 | 221.33    | 404617.0  | 404905.0  | 405068.0  | 405214.5  | 405467.0
Attack rate      | 93.21     | 0.05      | 93.11     | 93.18     | 93.22     | 93.25     | 93.31
R0               | 3.06      | 0.02      | 3.02      | 3.05      | 3.06      | 3.07      | 3.1
Infectious pop   | 8471.98   | 1354.62   | 6099.0    | 7525.5    | 8220.0    | 9386.5    | 11298.0

--- Sitting (occupation 1) ---
Metric           | Mean      | Std       | Min       | P25       | Median    | P75       | Max
-----------------------------------------------------------------------------------------------
Susceptible      | 465.12    | 8.58      | 445.0     | 459.75    | 466.5     | 471.25    | 480.0
Infectious       | 10.0      | 4.1       | 3.0       | 7.0       | 10.0      | 12.0      | 22.0
Exposed          | 13.87     | 4.52      | 3.0       | 10.75     | 13.0      | 15.25     | 25.0
Recovered        | 5.13      | 2.42      | 0.0       | 3.0       | 4.5       | 7.0       | 12.0
Dead             | 0.0       | 0.0       | 0.0       | 0.0       | 0.0       | 0.0       | 0.0
Same day other   | 5.88      | 2.62      | 2.0       | 4.0       | 5.5       | 7.0       | 14.0
Infected         | 10.22     | 5.73      | 1.0       | 6.75      | 9.0       | 13.0      | 33.0

Infection rate (sitting): 2.2%

Expected vs Observed (sitting):
Metric           | Mean      | Std       | Min       | P25       | Median    | P75       | Max
-----------------------------------------------------------------------------------------------
Expected         | 10.96     | 4.27      | 3.39      | 7.81      | 10.95     | 13.29     | 23.24
Std              | 3.21      | 0.62      | 1.84      | 2.77      | 3.27      | 3.59      | 4.69
Z-score          | -0.25     | 1.14      | -2.39     | -1.02     | -0.48     | 0.42      | 3.32

--- Standing (occupation 2) ---
Metric           | Mean      | Std       | Min       | P25       | Median    | P75       | Max
-----------------------------------------------------------------------------------------------
Susceptible      | 467.1     | 7.62      | 448.0     | 462.0     | 468.0     | 472.0     | 484.0
Infectious       | 10.1      | 3.47      | 4.0       | 7.0       | 10.0      | 13.0      | 19.0
Exposed          | 12.3      | 4.09      | 6.0       | 9.0       | 12.0      | 15.0      | 24.0
Recovered        | 4.23      | 2.35      | 0.0       | 2.75      | 4.0       | 6.0       | 12.0
Dead             | 0.0       | 0.0       | 0.0       | 0.0       | 0.0       | 0.0       | 0.0
Same day other   | 6.27      | 2.43      | 1.0       | 4.75      | 6.0       | 8.0       | 12.0
Infected         | 32.07     | 12.53     | 2.0       | 23.5      | 31.0      | 42.25     | 60.0

Infection rate (standing): 6.87%

Expected vs Observed (standing):
Metric           | Mean      | Std       | Min       | P25       | Median    | P75       | Max
-----------------------------------------------------------------------------------------------
Expected         | 32.57     | 10.45     | 13.77     | 23.48     | 32.23     | 40.98     | 58.41
Std              | 5.42      | 0.83      | 3.66      | 4.72      | 5.48      | 6.11      | 7.14
Z-score          | -0.12     | 1.17      | -3.22     | -0.62     | -0.17     | 0.62      | 2.52

Per-generation breakdown (sitting):
Generation 1     | 22.52     | 13.12     | 1.0       | 12.75     | 22.5      | 31.0      | 71.0
Generation 2     | 29.23     | 16.72     | 0.0       | 18.5      | 27.5      | 39.25     | 67.0
Generation 3     | 23.02     | 13.44     | 0.0       | 15.75     | 21.0      | 29.5      | 63.0
Generation 4     | 10.5      | 7.46      | 0.0       | 5.0       | 9.5       | 15.25     | 27.0
Generation 5     | 3.53      | 3.45      | 0.0       | 1.0       | 3.0       | 5.0       | 15.0
Generation 6     | 0.77      | 1.29      | 0.0       | 0.0       | 0.0       | 1.0       | 6.0
Generation 7     | 0.28      | 1.03      | 0.0       | 0.0       | 0.0       | 0.0       | 6.0
Generation 8     | 0.08      | 0.33      | 0.0       | 0.0       | 0.0       | 0.0       | 2.0

Per-generation breakdown (standing):
Generation 1     | 68.6      | 29.38     | 4.0       | 47.0      | 66.0      | 90.0      | 145.0
Generation 2     | 91.75     | 42.34     | 2.0       | 62.75     | 85.0      | 117.5     | 224.0
Generation 3     | 70.58     | 34.78     | 0.0       | 48.75     | 62.5      | 89.75     | 187.0
Generation 4     | 32.7      | 18.01     | 0.0       | 22.0      | 30.0      | 44.0      | 89.0
Generation 5     | 11.25     | 7.67      | 0.0       | 6.0       | 10.5      | 14.0      | 43.0
Generation 6     | 3.43      | 3.1       | 0.0       | 1.0       | 3.0       | 5.0       | 15.0
Generation 7     | 0.9       | 1.3       | 0.0       | 0.0       | 0.0       | 1.0       | 6.0
Generation 8     | 0.12      | 0.45      | 0.0       | 0.0       | 0.0       | 0.0       | 2.0
Generation 9     | 0.03      | 0.18      | 0.0       | 0.0       | 0.0       | 0.0       | 1.0


##############################
### Concert Day 35
##############################

--- Global Epidemic Metrics ---
Metric           | Mean      | Std       | Min       | P25       | Median    | P75       | Max
-----------------------------------------------------------------------------------------------
Total infected   | 405070.25 | 218.45    | 404565.0  | 404942.5  | 405093.0  | 405216.25 | 405509.0
Attack rate      | 93.22     | 0.05      | 93.1      | 93.19     | 93.22     | 93.25     | 93.32
R0               | 3.05      | 0.02      | 3.02      | 3.04      | 3.05      | 3.07      | 3.08
Infectious pop   | 10752.15  | 1847.98   | 6819.0    | 9407.75   | 10841.5   | 11722.5   | 15228.0

--- Sitting (occupation 1) ---
Metric           | Mean      | Std       | Min       | P25       | Median    | P75       | Max
-----------------------------------------------------------------------------------------------
Susceptible      | 456.1     | 9.17      | 433.0     | 450.0     | 457.0     | 463.0     | 472.0
Infectious       | 12.45     | 4.34      | 3.0       | 9.0       | 12.0      | 15.0      | 25.0
Exposed          | 17.65     | 5.83      | 4.0       | 13.75     | 16.5      | 22.0      | 34.0
Recovered        | 6.53      | 2.55      | 1.0       | 5.0       | 6.0       | 8.0       | 13.0
Dead             | 0.0       | 0.0       | 0.0       | 0.0       | 0.0       | 0.0       | 0.0
Same day other   | 7.27      | 2.64      | 1.0       | 6.0       | 7.0       | 9.0       | 14.0
Infected         | 12.72     | 5.48      | 3.0       | 9.0       | 13.0      | 16.0      | 27.0

Infection rate (sitting): 2.79%

Expected vs Observed (sitting):
Metric           | Mean      | Std       | Min       | P25       | Median    | P75       | Max
-----------------------------------------------------------------------------------------------
Expected         | 13.37     | 4.4       | 3.39      | 10.02     | 13.16     | 16.27     | 25.62
Std              | 3.55      | 0.6       | 1.83      | 3.13      | 3.58      | 3.96      | 4.91
Z-score          | -0.19     | 0.9       | -1.91     | -0.79     | -0.24     | 0.39      | 1.64

--- Standing (occupation 2) ---
Metric           | Mean      | Std       | Min       | P25       | Median    | P75       | Max
-----------------------------------------------------------------------------------------------
Susceptible      | 459.23    | 8.97      | 433.0     | 454.75    | 459.5     | 464.0     | 479.0
Infectious       | 11.45     | 4.23      | 3.0       | 8.0       | 11.0      | 14.0      | 21.0
Exposed          | 16.18     | 4.89      | 7.0       | 12.0      | 16.0      | 19.0      | 29.0
Recovered        | 5.87      | 2.45      | 2.0       | 4.0       | 5.5       | 7.0       | 14.0
Dead             | 0.0       | 0.0       | 0.0       | 0.0       | 0.0       | 0.0       | 0.0
Same day other   | 7.27      | 2.65      | 1.0       | 6.0       | 7.0       | 9.0       | 14.0
Infected         | 34.08     | 14.15     | 6.0       | 21.75     | 33.5      | 45.25     | 70.0

Infection rate (standing): 7.42%

Expected vs Observed (standing):
Metric           | Mean      | Std       | Min       | P25       | Median    | P75       | Max
-----------------------------------------------------------------------------------------------
Expected         | 36.04     | 12.38     | 10.13     | 26.01     | 35.09     | 44.19     | 63.83
Std              | 5.65      | 0.95      | 3.15      | 4.95      | 5.69      | 6.32      | 7.41
Z-score          | -0.36     | 1.16      | -2.75     | -1.24     | -0.32     | 0.52      | 2.43

Per-generation breakdown (sitting):
Generation 1     | 24.6      | 11.9      | 1.0       | 17.0      | 24.0      | 30.25     | 61.0
Generation 2     | 28.6      | 15.22     | 0.0       | 19.75     | 26.0      | 39.25     | 75.0
Generation 3     | 20.05     | 12.43     | 0.0       | 10.5      | 19.5      | 28.5      | 49.0
Generation 4     | 7.97      | 6.58      | 0.0       | 2.75      | 6.0       | 12.0      | 22.0
Generation 5     | 2.58      | 3.06      | 0.0       | 0.0       | 1.0       | 4.0       | 12.0
Generation 6     | 0.73      | 1.27      | 0.0       | 0.0       | 0.0       | 1.0       | 5.0
Generation 7     | 0.17      | 0.42      | 0.0       | 0.0       | 0.0       | 0.0       | 2.0
Generation 8     | 0.05      | 0.22      | 0.0       | 0.0       | 0.0       | 0.0       | 1.0
Generation 9     | 0.02      | 0.13      | 0.0       | 0.0       | 0.0       | 0.0       | 1.0

Per-generation breakdown (standing):
Generation 1     | 67.12     | 28.82     | 10.0      | 43.0      | 62.5      | 87.25     | 139.0
Generation 2     | 78.53     | 37.91     | 10.0      | 49.5      | 71.5      | 101.0     | 180.0
Generation 3     | 54.12     | 27.2      | 7.0       | 36.0      | 48.5      | 70.5      | 134.0
Generation 4     | 23.35     | 14.57     | 0.0       | 11.75     | 20.5      | 29.5      | 72.0
Generation 5     | 7.47      | 5.94      | 0.0       | 3.0       | 6.0       | 10.0      | 25.0
Generation 6     | 2.18      | 2.36      | 0.0       | 0.0       | 1.0       | 4.0       | 10.0
Generation 7     | 0.63      | 1.19      | 0.0       | 0.0       | 0.0       | 1.0       | 6.0
Generation 8     | 0.08      | 0.42      | 0.0       | 0.0       | 0.0       | 0.0       | 3.0


##############################
### Concert Day 36
##############################

--- Global Epidemic Metrics ---
Metric           | Mean      | Std       | Min       | P25       | Median    | P75       | Max
-----------------------------------------------------------------------------------------------
Total infected   | 405106.55 | 201.34    | 404716.0  | 404947.25 | 405080.5  | 405265.25 | 405623.0
Attack rate      | 93.23     | 0.05      | 93.14     | 93.19     | 93.22     | 93.26     | 93.34
R0               | 3.06      | 0.02      | 3.02      | 3.04      | 3.06      | 3.07      | 3.09
Infectious pop   | 12631.4   | 1874.72   | 9176.0    | 11339.75  | 12336.5   | 13877.5   | 17603.0

--- Sitting (occupation 1) ---
Metric           | Mean      | Std       | Min       | P25       | Median    | P75       | Max
-----------------------------------------------------------------------------------------------
Susceptible      | 449.55    | 9.45      | 419.0     | 445.75    | 451.0     | 456.0     | 469.0
Infectious       | 14.5      | 4.04      | 7.0       | 11.75     | 14.0      | 16.25     | 27.0
Exposed          | 19.95     | 4.76      | 10.0      | 17.0      | 19.0      | 23.0      | 32.0
Recovered        | 7.62      | 2.87      | 2.0       | 6.0       | 7.0       | 9.0       | 16.0
Dead             | 0.0       | 0.0       | 0.0       | 0.0       | 0.0       | 0.0       | 0.0
Same day other   | 8.38      | 2.96      | 3.0       | 6.0       | 8.0       | 10.0      | 17.0
Infected         | 13.98     | 5.58      | 1.0       | 10.0      | 13.0      | 17.25     | 31.0

Infection rate (sitting): 3.11%

Expected vs Observed (sitting):
Metric           | Mean      | Std       | Min       | P25       | Median    | P75       | Max
-----------------------------------------------------------------------------------------------
Expected         | 15.33     | 3.95      | 7.56      | 12.58     | 14.7      | 17.31     | 26.34
Std              | 3.81      | 0.47      | 2.73      | 3.5       | 3.77      | 4.08      | 4.97
Z-score          | -0.36     | 0.99      | -2.46     | -1.11     | -0.2      | 0.3       | 2.2

--- Standing (occupation 2) ---
Metric           | Mean      | Std       | Min       | P25       | Median    | P75       | Max
-----------------------------------------------------------------------------------------------
Susceptible      | 450.88    | 9.77      | 427.0     | 445.75    | 452.5     | 458.25    | 470.0
Infectious       | 14.58     | 4.8       | 3.0       | 12.0      | 14.0      | 17.25     | 27.0
Exposed          | 19.15     | 5.01      | 8.0       | 16.0      | 19.0      | 22.0      | 31.0
Recovered        | 7.23      | 2.89      | 2.0       | 5.0       | 7.0       | 9.0       | 17.0
Dead             | 0.0       | 0.0       | 0.0       | 0.0       | 0.0       | 0.0       | 0.0
Same day other   | 8.15      | 3.38      | 2.0       | 5.75      | 8.0       | 9.0       | 18.0
Infected         | 42.7      | 15.86     | 8.0       | 32.75     | 42.5      | 52.25     | 81.0

Infection rate (standing): 9.47%

Expected vs Observed (standing):
Metric           | Mean      | Std       | Min       | P25       | Median    | P75       | Max
-----------------------------------------------------------------------------------------------
Expected         | 44.57     | 13.32     | 10.06     | 37.22     | 43.81     | 53.36     | 75.58
Std              | 6.24      | 0.92      | 3.14      | 5.84      | 6.29      | 6.86      | 7.89
Z-score          | -0.33     | 1.1       | -2.78     | -1.06     | -0.39     | 0.48      | 1.87

Per-generation breakdown (sitting):
Generation 1     | 25.92     | 10.59     | 3.0       | 19.0      | 25.0      | 32.25     | 57.0
Generation 2     | 28.68     | 12.54     | 3.0       | 19.0      | 28.0      | 38.0      | 61.0
Generation 3     | 19.13     | 11.74     | 1.0       | 10.75     | 18.5      | 25.0      | 59.0
Generation 4     | 7.78      | 6.36      | 0.0       | 3.0       | 6.5       | 10.25     | 29.0
Generation 5     | 2.63      | 2.94      | 0.0       | 1.0       | 2.0       | 4.0       | 14.0
Generation 6     | 0.62      | 1.11      | 0.0       | 0.0       | 0.0       | 1.0       | 6.0
Generation 7     | 0.17      | 0.42      | 0.0       | 0.0       | 0.0       | 0.0       | 2.0
Generation 8     | 0.05      | 0.22      | 0.0       | 0.0       | 0.0       | 0.0       | 1.0
Generation 9     | 0.02      | 0.13      | 0.0       | 0.0       | 0.0       | 0.0       | 1.0

Per-generation breakdown (standing):
Generation 1     | 81.78     | 33.06     | 17.0      | 58.75     | 80.0      | 102.25    | 167.0
Generation 2     | 89.15     | 37.13     | 19.0      | 64.0      | 89.5      | 116.5     | 155.0
Generation 3     | 57.93     | 28.75     | 9.0       | 37.75     | 62.0      | 72.25     | 130.0
Generation 4     | 23.35     | 13.76     | 0.0       | 12.0      | 23.5      | 32.0      | 58.0
Generation 5     | 7.25      | 5.61      | 0.0       | 3.0       | 6.0       | 10.25     | 22.0
Generation 6     | 1.72      | 1.79      | 0.0       | 0.0       | 1.0       | 3.0       | 7.0
Generation 7     | 0.25      | 0.51      | 0.0       | 0.0       | 0.0       | 0.0       | 2.0
Generation 8     | 0.12      | 0.32      | 0.0       | 0.0       | 0.0       | 0.0       | 1.0
Generation 9     | 0.05      | 0.22      | 0.0       | 0.0       | 0.0       | 0.0       | 1.0


##############################
### Concert Day 37
##############################

--- Global Epidemic Metrics ---
Metric           | Mean      | Std       | Min       | P25       | Median    | P75       | Max
-----------------------------------------------------------------------------------------------
Total infected   | 405100.32 | 212.49    | 404558.0  | 404937.75 | 405069.5  | 405232.0  | 405580.0
Attack rate      | 93.22     | 0.05      | 93.1      | 93.19     | 93.22     | 93.25     | 93.33
R0               | 3.05      | 0.02      | 3.02      | 3.04      | 3.05      | 3.07      | 3.1
Infectious pop   | 14870.95  | 1924.16   | 10626.0   | 13249.5   | 15070.5   | 16043.75  | 19233.0

--- Sitting (occupation 1) ---
Metric           | Mean      | Std       | Min       | P25       | Median    | P75       | Max
-----------------------------------------------------------------------------------------------
Susceptible      | 442.65    | 10.63     | 415.0     | 437.0     | 443.0     | 450.0     | 465.0
Infectious       | 16.67     | 4.1       | 8.0       | 14.0      | 16.0      | 19.0      | 25.0
Exposed          | 21.85     | 5.3       | 11.0      | 18.0      | 22.0      | 25.25     | 34.0
Recovered        | 8.9       | 3.4       | 1.0       | 7.0       | 8.0       | 12.0      | 16.0
Dead             | 0.0       | 0.0       | 0.0       | 0.0       | 0.0       | 0.0       | 0.0
Same day other   | 9.93      | 3.42      | 4.0       | 7.75      | 10.0      | 11.0      | 24.0
Infected         | 16.25     | 5.27      | 5.0       | 12.75     | 17.0      | 19.25     | 26.0

Infection rate (sitting): 3.67%

Expected vs Observed (sitting):
Metric           | Mean      | Std       | Min       | P25       | Median    | P75       | Max
-----------------------------------------------------------------------------------------------
Expected         | 17.3      | 3.92      | 8.69      | 15.03     | 17.12     | 19.9      | 24.28
Std              | 4.05      | 0.46      | 2.92      | 3.81      | 4.06      | 4.36      | 4.79
Z-score          | -0.26     | 0.89      | -2.15     | -0.75     | -0.35     | 0.44      | 1.43

--- Standing (occupation 2) ---
Metric           | Mean      | Std       | Min       | P25       | Median    | P75       | Max
-----------------------------------------------------------------------------------------------
Susceptible      | 443.33    | 9.22      | 418.0     | 437.75    | 444.0     | 449.25    | 463.0
Infectious       | 15.87     | 4.92      | 7.0       | 12.75     | 15.5      | 19.0      | 35.0
Exposed          | 21.95     | 4.72      | 12.0      | 18.0      | 22.0      | 25.0      | 34.0
Recovered        | 9.73      | 3.0       | 3.0       | 7.0       | 10.0      | 11.25     | 16.0
Dead             | 0.0       | 0.0       | 0.0       | 0.0       | 0.0       | 0.0       | 0.0
Same day other   | 9.12      | 2.8       | 4.0       | 7.0       | 9.0       | 11.0      | 17.0
Infected         | 48.08     | 14.18     | 20.0      | 37.0      | 48.0      | 56.0      | 90.0

Infection rate (standing): 10.85%

Expected vs Observed (standing):
Metric           | Mean      | Std       | Min       | P25       | Median    | P75       | Max
-----------------------------------------------------------------------------------------------
Expected         | 47.53     | 13.03     | 22.26     | 38.86     | 47.0      | 56.04     | 93.28
Std              | 6.44      | 0.76      | 4.6       | 5.95      | 6.48      | 6.99      | 8.51
Z-score          | 0.09      | 0.87      | -2.13     | -0.44     | 0.08      | 0.56      | 1.86

Per-generation breakdown (sitting):
Generation 1     | 29.77     | 11.78     | 7.0       | 20.75     | 29.0      | 38.0      | 60.0
Generation 2     | 28.53     | 13.22     | 5.0       | 19.0      | 28.5      | 34.25     | 73.0
Generation 3     | 16.88     | 9.72      | 2.0       | 8.75      | 15.5      | 22.5      | 46.0
Generation 4     | 6.12      | 5.12      | 0.0       | 2.0       | 5.0       | 9.0       | 26.0
Generation 5     | 1.47      | 1.97      | 0.0       | 0.0       | 1.0       | 2.0       | 10.0
Generation 6     | 0.4       | 0.85      | 0.0       | 0.0       | 0.0       | 0.25      | 4.0
Generation 7     | 0.1       | 0.4       | 0.0       | 0.0       | 0.0       | 0.0       | 2.0
Generation 8     | 0.03      | 0.18      | 0.0       | 0.0       | 0.0       | 0.0       | 1.0

Per-generation breakdown (standing):
Generation 1     | 86.42     | 26.46     | 38.0      | 64.0      | 86.5      | 100.5     | 161.0
Generation 2     | 83.35     | 28.63     | 33.0      | 60.0      | 80.0      | 98.75     | 185.0
Generation 3     | 47.12     | 21.58     | 10.0      | 32.5      | 42.0      | 58.5      | 124.0
Generation 4     | 17.12     | 10.12     | 2.0       | 10.0      | 15.5      | 22.0      | 55.0
Generation 5     | 4.78      | 3.65      | 0.0       | 2.75      | 4.0       | 6.25      | 18.0
Generation 6     | 1.25      | 1.6       | 0.0       | 0.0       | 1.0       | 2.0       | 8.0
Generation 7     | 0.38      | 0.8       | 0.0       | 0.0       | 0.0       | 0.0       | 3.0
Generation 8     | 0.12      | 0.37      | 0.0       | 0.0       | 0.0       | 0.0       | 2.0
Generation 9     | 0.02      | 0.13      | 0.0       | 0.0       | 0.0       | 0.0       | 1.0


##############################
### Concert Day 38
##############################

--- Global Epidemic Metrics ---
Metric           | Mean      | Std       | Min       | P25       | Median    | P75       | Max
-----------------------------------------------------------------------------------------------
Total infected   | 405132.77 | 176.9     | 404730.0  | 405013.25 | 405110.0  | 405272.5  | 405433.0
Attack rate      | 93.23     | 0.04      | 93.14     | 93.2      | 93.23     | 93.26     | 93.3
R0               | 3.05      | 0.02      | 3.01      | 3.04      | 3.06      | 3.07      | 3.09
Infectious pop   | 18349.88  | 2633.44   | 12392.0   | 16329.0   | 18305.0   | 19737.25  | 28246.0

--- Sitting (occupation 1) ---
Metric           | Mean      | Std       | Min       | P25       | Median    | P75       | Max
-----------------------------------------------------------------------------------------------
Susceptible      | 429.95    | 11.6      | 401.0     | 421.0     | 429.0     | 437.25    | 451.0
Infectious       | 21.45     | 5.38      | 10.0      | 18.0      | 20.5      | 25.25     | 34.0
Exposed          | 27.22     | 6.03      | 14.0      | 23.0      | 26.5      | 31.25     | 40.0
Recovered        | 10.75     | 3.62      | 1.0       | 8.75      | 10.0      | 13.0      | 23.0
Dead             | 0.0       | 0.0       | 0.0       | 0.0       | 0.0       | 0.0       | 0.0
Same day other   | 10.63     | 3.43      | 5.0       | 8.0       | 10.0      | 13.0      | 20.0
Infected         | 20.3      | 5.71      | 10.0      | 16.0      | 20.0      | 23.25     | 34.0

Infection rate (sitting): 4.72%

Expected vs Observed (sitting):
Metric           | Mean      | Std       | Min       | P25       | Median    | P75       | Max
-----------------------------------------------------------------------------------------------
Expected         | 21.48     | 4.86      | 10.72     | 18.35     | 20.89     | 24.34     | 32.27
Std              | 4.49      | 0.48      | 3.23      | 4.19      | 4.46      | 4.78      | 5.45
Z-score          | -0.25     | 0.89      | -2.22     | -0.72     | -0.34     | 0.22      | 2.71

--- Standing (occupation 2) ---
Metric           | Mean      | Std       | Min       | P25       | Median    | P75       | Max
-----------------------------------------------------------------------------------------------
Susceptible      | 427.8     | 11.24     | 399.0     | 420.0     | 429.0     | 436.0     | 455.0
Infectious       | 21.62     | 4.6       | 8.0       | 19.0      | 22.0      | 25.0      | 32.0
Exposed          | 28.32     | 6.16      | 13.0      | 24.75     | 28.0      | 31.0      | 46.0
Recovered        | 11.78     | 3.67      | 4.0       | 9.0       | 11.5      | 14.25     | 20.0
Dead             | 0.0       | 0.0       | 0.0       | 0.0       | 0.0       | 0.0       | 0.0
Same day other   | 10.48     | 3.58      | 2.0       | 8.0       | 10.0      | 13.0      | 20.0
Infected         | 59.07     | 13.68     | 22.0      | 50.0      | 60.5      | 69.25     | 85.0

Infection rate (standing): 13.81%

Expected vs Observed (standing):
Metric           | Mean      | Std       | Min       | P25       | Median    | P75       | Max
-----------------------------------------------------------------------------------------------
Expected         | 61.39     | 11.32     | 25.12     | 55.56     | 61.86     | 68.08     | 84.73
Std              | 7.2       | 0.59      | 4.87      | 6.96      | 7.27      | 7.56      | 8.2
Z-score          | -0.33     | 1.05      | -3.32     | -1.11     | -0.29     | 0.3       | 1.94

Per-generation breakdown (sitting):
Generation 1     | 31.85     | 12.19     | 12.0      | 23.0      | 30.0      | 39.5      | 64.0
Generation 2     | 27.18     | 12.05     | 6.0       | 18.0      | 26.5      | 34.0      | 56.0
Generation 3     | 13.5      | 7.56      | 1.0       | 7.0       | 12.0      | 18.25     | 34.0
Generation 4     | 4.18      | 3.6       | 0.0       | 1.75      | 3.0       | 7.0       | 17.0
Generation 5     | 1.28      | 1.28      | 0.0       | 0.0       | 1.0       | 2.0       | 5.0
Generation 6     | 0.3       | 0.56      | 0.0       | 0.0       | 0.0       | 0.25      | 2.0
Generation 7     | 0.08      | 0.28      | 0.0       | 0.0       | 0.0       | 0.0       | 1.0

Per-generation breakdown (standing):
Generation 1     | 98.02     | 24.55     | 30.0      | 80.0      | 96.5      | 117.0     | 144.0
Generation 2     | 82.85     | 26.27     | 24.0      | 64.0      | 78.5      | 104.25    | 159.0
Generation 3     | 43.23     | 17.64     | 10.0      | 31.0      | 42.5      | 50.25     | 111.0
Generation 4     | 14.32     | 7.73      | 3.0       | 9.75      | 13.0      | 17.0      | 43.0
Generation 5     | 3.7       | 2.73      | 0.0       | 2.0       | 3.0       | 5.0       | 12.0
Generation 6     | 0.82      | 1.17      | 0.0       | 0.0       | 0.0       | 1.0       | 5.0
Generation 7     | 0.15      | 0.4       | 0.0       | 0.0       | 0.0       | 0.0       | 2.0
Generation 8     | 0.08      | 0.33      | 0.0       | 0.0       | 0.0       | 0.0       | 2.0


##############################
### Concert Day 39
##############################

--- Global Epidemic Metrics ---
Metric           | Mean      | Std       | Min       | P25       | Median    | P75       | Max
-----------------------------------------------------------------------------------------------
Total infected   | 405136.32 | 180.22    | 404760.0  | 404993.5  | 405126.0  | 405263.5  | 405591.0
Attack rate      | 93.23     | 0.04      | 93.15     | 93.2      | 93.23     | 93.26     | 93.34
R0               | 3.05      | 0.01      | 3.02      | 3.05      | 3.05      | 3.06      | 3.09
Infectious pop   | 22306.28  | 3365.36   | 15971.0   | 20004.0   | 22110.5   | 24205.25  | 31371.0

--- Sitting (occupation 1) ---
Metric           | Mean      | Std       | Min       | P25       | Median    | P75       | Max
-----------------------------------------------------------------------------------------------
Susceptible      | 414.23    | 13.76     | 380.0     | 403.75    | 413.5     | 426.0     | 438.0
Infectious       | 25.67     | 6.67      | 13.0      | 21.0      | 25.5      | 30.0      | 43.0
Exposed          | 32.92     | 6.19      | 19.0      | 28.0      | 33.0      | 37.0      | 45.0
Recovered        | 14.43     | 4.71      | 5.0       | 11.0      | 14.0      | 18.0      | 25.0
Dead             | 0.0       | 0.0       | 0.0       | 0.0       | 0.0       | 0.0       | 0.0
Same day other   | 12.75     | 3.39      | 6.0       | 10.0      | 12.5      | 16.0      | 22.0
Infected         | 22.6      | 6.58      | 9.0       | 18.0      | 23.0      | 27.25     | 35.0

Infection rate (sitting): 5.46%

Expected vs Observed (sitting):
Metric           | Mean      | Std       | Min       | P25       | Median    | P75       | Max
-----------------------------------------------------------------------------------------------
Expected         | 24.58     | 5.54      | 13.05     | 20.48     | 24.45     | 28.23     | 37.33
Std              | 4.77      | 0.51      | 3.56      | 4.42      | 4.8       | 5.13      | 5.8
Z-score          | -0.41     | 0.85      | -2.39     | -0.86     | -0.45     | 0.1       | 1.3

--- Standing (occupation 2) ---
Metric           | Mean      | Std       | Min       | P25       | Median    | P75       | Max
-----------------------------------------------------------------------------------------------
Susceptible      | 415.1     | 16.09     | 374.0     | 406.5     | 416.5     | 427.25    | 444.0
Infectious       | 26.02     | 6.52      | 14.0      | 22.0      | 25.5      | 29.5      | 47.0
Exposed          | 32.62     | 7.53      | 18.0      | 27.0      | 31.5      | 37.25     | 53.0
Recovered        | 13.07     | 4.42      | 3.0       | 10.0      | 13.0      | 16.25     | 23.0
Dead             | 0.0       | 0.0       | 0.0       | 0.0       | 0.0       | 0.0       | 0.0
Same day other   | 13.2      | 3.5       | 6.0       | 10.0      | 14.0      | 16.0      | 21.0
Infected         | 65.35     | 14.05     | 37.0      | 55.75     | 64.5      | 76.0      | 98.0

Infection rate (standing): 15.74%

Expected vs Observed (standing):
Metric           | Mean      | Std       | Min       | P25       | Median    | P75       | Max
-----------------------------------------------------------------------------------------------
Expected         | 70.2      | 13.66     | 41.21     | 62.63     | 70.13     | 79.58     | 107.84
Std              | 7.58      | 0.57      | 6.1       | 7.31      | 7.64      | 8.01      | 8.77
Z-score          | -0.63     | 0.9       | -2.28     | -1.23     | -0.56     | -0.02     | 2.23

Per-generation breakdown (sitting):
Generation 1     | 32.77     | 10.47     | 9.0       | 24.75     | 34.5      | 41.0      | 53.0
Generation 2     | 23.83     | 10.7      | 2.0       | 15.0      | 23.0      | 33.25     | 45.0
Generation 3     | 10.55     | 5.89      | 1.0       | 6.75      | 10.0      | 14.0      | 26.0
Generation 4     | 3.48      | 2.68      | 0.0       | 2.0       | 3.0       | 5.0       | 14.0
Generation 5     | 0.87      | 1.28      | 0.0       | 0.0       | 0.0       | 1.0       | 7.0
Generation 6     | 0.17      | 0.53      | 0.0       | 0.0       | 0.0       | 0.0       | 3.0
Generation 7     | 0.02      | 0.13      | 0.0       | 0.0       | 0.0       | 0.0       | 1.0

Per-generation breakdown (standing):
Generation 1     | 94.33     | 20.17     | 58.0      | 80.0      | 92.0      | 106.25    | 145.0
Generation 2     | 68.05     | 18.84     | 36.0      | 55.5      | 64.0      | 77.5      | 124.0
Generation 3     | 32.08     | 12.31     | 9.0       | 23.75     | 30.0      | 40.5      | 60.0
Generation 4     | 10.22     | 5.29      | 2.0       | 7.75      | 9.0       | 13.0      | 26.0
Generation 5     | 2.75      | 2.14      | 0.0       | 1.0       | 2.0       | 4.0       | 9.0
Generation 6     | 0.73      | 1.07      | 0.0       | 0.0       | 0.0       | 1.0       | 5.0
Generation 7     | 0.15      | 0.48      | 0.0       | 0.0       | 0.0       | 0.0       | 3.0
Generation 8     | 0.02      | 0.13      | 0.0       | 0.0       | 0.0       | 0.0       | 1.0
Generation 9     | 0.02      | 0.13      | 0.0       | 0.0       | 0.0       | 0.0       | 1.0


##############################
### Concert Day 40
##############################

--- Global Epidemic Metrics ---
Metric           | Mean      | Std       | Min       | P25       | Median    | P75       | Max
-----------------------------------------------------------------------------------------------
Total infected   | 405119.53 | 260.82    | 404473.0  | 404943.0  | 405116.5  | 405303.5  | 405677.0
Attack rate      | 93.23     | 0.06      | 93.08     | 93.19     | 93.23     | 93.27     | 93.36
R0               | 3.05      | 0.02      | 3.01      | 3.04      | 3.05      | 3.07      | 3.1
Infectious pop   | 26261.48  | 3400.1    | 17126.0   | 23874.75  | 26271.5   | 28317.5   | 37865.0

--- Sitting (occupation 1) ---
Metric           | Mean      | Std       | Min       | P25       | Median    | P75       | Max
-----------------------------------------------------------------------------------------------
Susceptible      | 399.57    | 16.66     | 347.0     | 391.0     | 402.0     | 410.0     | 438.0
Infectious       | 30.55     | 7.44      | 18.0      | 24.75     | 30.0      | 34.0      | 52.0
Exposed          | 37.87     | 7.57      | 17.0      | 33.5      | 38.0      | 41.25     | 58.0
Recovered        | 17.35     | 5.35      | 6.0       | 14.0      | 17.0      | 19.0      | 36.0
Dead             | 0.0       | 0.0       | 0.0       | 0.0       | 0.0       | 0.0       | 0.0
Same day other   | 14.67     | 4.47      | 5.0       | 11.0      | 14.0      | 17.25     | 27.0
Infected         | 27.72     | 8.35      | 12.0      | 23.0      | 26.5      | 31.0      | 55.0

Infection rate (sitting): 6.94%

Expected vs Observed (sitting):
Metric           | Mean      | Std       | Min       | P25       | Median    | P75       | Max
-----------------------------------------------------------------------------------------------
Expected         | 28.03     | 5.6       | 17.5      | 23.85     | 27.52     | 31.69     | 41.91
Std              | 5.07      | 0.46      | 4.09      | 4.74      | 5.07      | 5.4       | 6.1
Z-score          | -0.07     | 1.08      | -2.82     | -0.72     | -0.09     | 0.52      | 3.13

--- Standing (occupation 2) ---
Metric           | Mean      | Std       | Min       | P25       | Median    | P75       | Max
-----------------------------------------------------------------------------------------------
Susceptible      | 403.58    | 14.18     | 363.0     | 395.0     | 404.0     | 415.0     | 431.0
Infectious       | 27.8      | 5.11      | 17.0      | 24.0      | 27.0      | 32.0      | 41.0
Exposed          | 37.28     | 7.06      | 26.0      | 32.75     | 37.0      | 42.0      | 54.0
Recovered        | 16.52     | 4.55      | 9.0       | 12.75     | 17.0      | 20.0      | 28.0
Dead             | 0.0       | 0.0       | 0.0       | 0.0       | 0.0       | 0.0       | 0.0
Same day other   | 14.82     | 3.57      | 7.0       | 12.0      | 14.5      | 17.25     | 23.0
Infected         | 69.98     | 14.71     | 41.0      | 58.75     | 69.0      | 80.25     | 107.0

Infection rate (standing): 17.34%

Expected vs Observed (standing):
Metric           | Mean      | Std       | Min       | P25       | Median    | P75       | Max
-----------------------------------------------------------------------------------------------
Expected         | 72.85     | 10.56     | 49.75     | 64.46     | 72.58     | 81.46     | 96.76
Std              | 7.69      | 0.42      | 6.63      | 7.36      | 7.73      | 8.05      | 8.51
Z-score          | -0.38     | 1.23      | -2.79     | -1.32     | -0.44     | 0.38      | 2.52

Per-generation breakdown (sitting):
Generation 1     | 36.78     | 12.14     | 13.0      | 29.0      | 34.0      | 42.25     | 75.0
Generation 2     | 23.15     | 12.0      | 10.0      | 15.0      | 19.0      | 28.0      | 67.0
Generation 3     | 9.72      | 6.07      | 0.0       | 5.0       | 8.5       | 12.0      | 33.0
Generation 4     | 2.93      | 2.5       | 0.0       | 1.0       | 3.0       | 4.0       | 11.0
Generation 5     | 0.8       | 1.19      | 0.0       | 0.0       | 0.0       | 1.0       | 6.0
Generation 6     | 0.18      | 0.6       | 0.0       | 0.0       | 0.0       | 0.0       | 4.0
Generation 7     | 0.05      | 0.29      | 0.0       | 0.0       | 0.0       | 0.0       | 2.0
Generation 8     | 0.02      | 0.13      | 0.0       | 0.0       | 0.0       | 0.0       | 1.0

Per-generation breakdown (standing):
Generation 1     | 94.25     | 23.37     | 44.0      | 80.0      | 91.0      | 104.75    | 152.0
Generation 2     | 60.83     | 17.42     | 27.0      | 50.75     | 57.5      | 70.25     | 106.0
Generation 3     | 25.87     | 10.62     | 9.0       | 18.0      | 24.0      | 31.5      | 63.0
Generation 4     | 7.93      | 4.2       | 1.0       | 4.0       | 8.0       | 10.0      | 19.0
Generation 5     | 1.95      | 1.73      | 0.0       | 1.0       | 1.5       | 3.0       | 7.0
Generation 6     | 0.58      | 0.87      | 0.0       | 0.0       | 0.0       | 1.0       | 4.0
Generation 7     | 0.13      | 0.43      | 0.0       | 0.0       | 0.0       | 0.0       | 2.0
Generation 8     | 0.03      | 0.18      | 0.0       | 0.0       | 0.0       | 0.0       | 1.0


##############################
### Concert Day 41
##############################

--- Global Epidemic Metrics ---
Metric           | Mean      | Std       | Min       | P25       | Median    | P75       | Max
-----------------------------------------------------------------------------------------------
Total infected   | 405102.55 | 201.11    | 404527.0  | 404995.5  | 405124.0  | 405216.25 | 405509.0
Attack rate      | 93.22     | 0.05      | 93.09     | 93.2      | 93.23     | 93.25     | 93.32
R0               | 3.06      | 0.02      | 3.01      | 3.05      | 3.05      | 3.06      | 3.1
Infectious pop   | 30978.2   | 4554.41   | 20549.0   | 28027.0   | 31272.0   | 33957.0   | 42766.0

--- Sitting (occupation 1) ---
Metric           | Mean      | Std       | Min       | P25       | Median    | P75       | Max
-----------------------------------------------------------------------------------------------
Susceptible      | 384.55    | 16.72     | 349.0     | 373.5     | 382.0     | 396.5     | 425.0
Infectious       | 35.8      | 7.83      | 15.0      | 29.75     | 36.0      | 40.25     | 52.0
Exposed          | 43.68     | 7.44      | 22.0      | 38.75     | 45.0      | 48.0      | 61.0
Recovered        | 19.8      | 5.47      | 8.0       | 16.0      | 19.0      | 23.0      | 36.0
Dead             | 0.0       | 0.0       | 0.0       | 0.0       | 0.0       | 0.0       | 0.0
Same day other   | 16.17     | 4.66      | 5.0       | 13.0      | 15.0      | 19.25     | 32.0
Infected         | 30.7      | 7.63      | 10.0      | 25.0      | 30.5      | 35.0      | 50.0

Infection rate (sitting): 7.98%

Expected vs Observed (sitting):
Metric           | Mean      | Std       | Min       | P25       | Median    | P75       | Max
-----------------------------------------------------------------------------------------------
Expected         | 31.45     | 5.75      | 14.74     | 26.92     | 31.46     | 35.08     | 43.37
Std              | 5.34      | 0.45      | 3.77      | 5.01      | 5.37      | 5.65      | 6.19
Z-score          | -0.14     | 1.04      | -1.92     | -0.75     | -0.35     | 0.55      | 2.75

--- Standing (occupation 2) ---
Metric           | Mean      | Std       | Min       | P25       | Median    | P75       | Max
-----------------------------------------------------------------------------------------------
Susceptible      | 386.72    | 17.06     | 349.0     | 373.75    | 386.0     | 397.25    | 430.0
Infectious       | 34.75     | 7.01      | 19.0      | 30.0      | 34.0      | 41.0      | 48.0
Exposed          | 42.38     | 8.0       | 24.0      | 37.0      | 43.5      | 48.0      | 58.0
Recovered        | 19.65     | 5.4       | 11.0      | 15.75     | 19.0      | 22.0      | 33.0
Dead             | 0.0       | 0.0       | 0.0       | 0.0       | 0.0       | 0.0       | 0.0
Same day other   | 16.5      | 4.54      | 5.0       | 14.0      | 16.0      | 19.25     | 26.0
Infected         | 82.2      | 14.58     | 46.0      | 71.0      | 80.0      | 95.0      | 113.0

Infection rate (standing): 21.26%

Expected vs Observed (standing):
Metric           | Mean      | Std       | Min       | P25       | Median    | P75       | Max
-----------------------------------------------------------------------------------------------
Expected         | 84.89     | 12.77     | 52.52     | 76.46     | 84.44     | 96.44     | 107.42
Std              | 8.09      | 0.42      | 6.77      | 7.84      | 8.11      | 8.47      | 8.77
Z-score          | -0.34     | 0.77      | -2.87     | -0.73     | -0.33     | 0.0       | 1.15

Per-generation breakdown (sitting):
Generation 1     | 38.27     | 11.3      | 9.0       | 30.0      | 38.0      | 44.5      | 65.0
Generation 2     | 22.18     | 9.6       | 2.0       | 14.0      | 22.0      | 28.25     | 50.0
Generation 3     | 8.42      | 5.95      | 0.0       | 3.75      | 7.0       | 11.25     | 25.0
Generation 4     | 2.25      | 2.14      | 0.0       | 0.0       | 2.0       | 4.0       | 8.0
Generation 5     | 0.4       | 0.76      | 0.0       | 0.0       | 0.0       | 1.0       | 3.0
Generation 6     | 0.08      | 0.33      | 0.0       | 0.0       | 0.0       | 0.0       | 2.0
Generation 7     | 0.02      | 0.13      | 0.0       | 0.0       | 0.0       | 0.0       | 1.0

Per-generation breakdown (standing):
Generation 1     | 99.55     | 18.09     | 52.0      | 88.0      | 99.5      | 110.0     | 144.0
Generation 2     | 57.87     | 15.61     | 26.0      | 48.75     | 57.0      | 68.0      | 96.0
Generation 3     | 22.75     | 8.21      | 9.0       | 17.0      | 21.5      | 29.0      | 46.0
Generation 4     | 6.83      | 4.08      | 2.0       | 3.75      | 5.0       | 9.25      | 16.0
Generation 5     | 1.73      | 1.61      | 0.0       | 1.0       | 1.0       | 2.25      | 6.0
Generation 6     | 0.55      | 0.93      | 0.0       | 0.0       | 0.0       | 1.0       | 4.0
Generation 7     | 0.17      | 0.42      | 0.0       | 0.0       | 0.0       | 0.0       | 2.0
Generation 8     | 0.02      | 0.13      | 0.0       | 0.0       | 0.0       | 0.0       | 1.0


##############################
### Concert Day 42
##############################

--- Global Epidemic Metrics ---
Metric           | Mean      | Std       | Min       | P25       | Median    | P75       | Max
-----------------------------------------------------------------------------------------------
Total infected   | 405079.45 | 201.04    | 404456.0  | 404954.0  | 405091.0  | 405215.75 | 405460.0
Attack rate      | 93.22     | 0.05      | 93.08     | 93.19     | 93.22     | 93.25     | 93.31
R0               | 3.06      | 0.02      | 2.99      | 3.05      | 3.06      | 3.07      | 3.11
Infectious pop   | 35293.15  | 4619.94   | 26063.0   | 32467.5   | 35932.0   | 38274.0   | 46491.0

--- Sitting (occupation 1) ---
Metric           | Mean      | Std       | Min       | P25       | Median    | P75       | Max
-----------------------------------------------------------------------------------------------
Susceptible      | 371.12    | 15.42     | 330.0     | 361.0     | 370.5     | 383.25    | 398.0
Infectious       | 40.52     | 6.19      | 27.0      | 36.75     | 40.0      | 45.0      | 56.0
Exposed          | 47.77     | 7.13      | 28.0      | 42.0      | 49.0      | 53.0      | 63.0
Recovered        | 23.27     | 6.23      | 10.0      | 19.75     | 23.0      | 26.25     | 41.0
Dead             | 0.0       | 0.0       | 0.0       | 0.0       | 0.0       | 0.0       | 0.0
Same day other   | 17.33     | 3.88      | 10.0      | 14.75     | 17.5      | 20.0      | 27.0
Infected         | 32.73     | 6.63      | 21.0      | 28.0      | 32.0      | 37.25     | 52.0

Infection rate (sitting): 8.82%

Expected vs Observed (sitting):
Metric           | Mean      | Std       | Min       | P25       | Median    | P75       | Max
-----------------------------------------------------------------------------------------------
Expected         | 34.28     | 4.13      | 24.83     | 32.01     | 33.77     | 37.61     | 44.48
Std              | 5.56      | 0.3       | 4.82      | 5.4       | 5.54      | 5.8       | 6.23
Z-score          | -0.27     | 1.0       | -2.0      | -0.96     | -0.47     | 0.47      | 2.39

--- Standing (occupation 2) ---
Metric           | Mean      | Std       | Min       | P25       | Median    | P75       | Max
-----------------------------------------------------------------------------------------------
Susceptible      | 373.83    | 17.56     | 332.0     | 361.0     | 375.0     | 384.5     | 410.0
Infectious       | 40.33     | 7.07      | 27.0      | 35.75     | 39.0      | 44.0      | 57.0
Exposed          | 46.72     | 8.75      | 23.0      | 39.0      | 47.5      | 52.25     | 67.0
Recovered        | 21.92     | 5.2       | 12.0      | 19.0      | 21.5      | 24.0      | 37.0
Dead             | 0.0       | 0.0       | 0.0       | 0.0       | 0.0       | 0.0       | 0.0
Same day other   | 17.2      | 4.05      | 10.0      | 14.75     | 17.0      | 20.0      | 27.0
Infected         | 90.32     | 13.78     | 63.0      | 78.0      | 88.5      | 102.0     | 119.0

Infection rate (standing): 24.16%

Expected vs Observed (standing):
Metric           | Mean      | Std       | Min       | P25       | Median    | P75       | Max
-----------------------------------------------------------------------------------------------
Expected         | 93.51     | 10.85     | 68.67     | 86.38     | 91.61     | 100.71    | 118.42
Std              | 8.34      | 0.29      | 7.52      | 8.15      | 8.36      | 8.58      | 8.96
Z-score          | -0.38     | 1.02      | -3.33     | -1.0      | -0.42     | 0.21      | 1.95

Per-generation breakdown (sitting):
Generation 1     | 36.23     | 11.08     | 15.0      | 30.0      | 35.0      | 42.25     | 76.0
Generation 2     | 18.52     | 8.74      | 5.0       | 13.75     | 17.0      | 22.0      | 46.0
Generation 3     | 6.58      | 4.63      | 0.0       | 3.0       | 5.5       | 9.25      | 22.0
Generation 4     | 1.78      | 2.08      | 0.0       | 0.0       | 1.0       | 3.0       | 9.0
Generation 5     | 0.5       | 0.85      | 0.0       | 0.0       | 0.0       | 1.0       | 4.0
Generation 6     | 0.22      | 0.56      | 0.0       | 0.0       | 0.0       | 0.0       | 2.0
Generation 7     | 0.03      | 0.18      | 0.0       | 0.0       | 0.0       | 0.0       | 1.0

Per-generation breakdown (standing):
Generation 1     | 104.97    | 16.16     | 69.0      | 94.75     | 104.5     | 116.0     | 146.0
Generation 2     | 55.33     | 12.71     | 32.0      | 46.75     | 55.0      | 64.25     | 100.0
Generation 3     | 19.48     | 7.51      | 7.0       | 13.0      | 19.0      | 24.0      | 47.0
Generation 4     | 5.32      | 3.06      | 0.0       | 4.0       | 5.0       | 7.0       | 13.0
Generation 5     | 1.38      | 1.68      | 0.0       | 0.0       | 1.0       | 2.0       | 9.0
Generation 6     | 0.43      | 0.87      | 0.0       | 0.0       | 0.0       | 1.0       | 4.0
Generation 7     | 0.08      | 0.33      | 0.0       | 0.0       | 0.0       | 0.0       | 2.0
Generation 8     | 0.02      | 0.13      | 0.0       | 0.0       | 0.0       | 0.0       | 1.0


##############################
### Concert Day 43
##############################

--- Global Epidemic Metrics ---
Metric           | Mean      | Std       | Min       | P25       | Median    | P75       | Max
-----------------------------------------------------------------------------------------------
Total infected   | 405127.05 | 219.81    | 404678.0  | 404945.75 | 405146.0  | 405270.25 | 405593.0
Attack rate      | 93.23     | 0.05      | 93.13     | 93.19     | 93.23     | 93.26     | 93.34
R0               | 3.06      | 0.02      | 3.02      | 3.05      | 3.06      | 3.07      | 3.09
Infectious pop   | 43851.38  | 5412.16   | 33600.0   | 40015.75  | 43654.5   | 48005.75  | 56291.0

--- Sitting (occupation 1) ---
Metric           | Mean      | Std       | Min       | P25       | Median    | P75       | Max
-----------------------------------------------------------------------------------------------
Susceptible      | 342.22    | 17.12     | 304.0     | 329.5     | 344.0     | 355.0     | 382.0
Infectious       | 51.27     | 8.04      | 34.0      | 45.0      | 50.0      | 56.0      | 71.0
Exposed          | 55.47     | 8.76      | 37.0      | 49.0      | 57.5      | 62.0      | 73.0
Recovered        | 31.22     | 6.22      | 17.0      | 27.5      | 31.0      | 36.0      | 43.0
Dead             | 0.0       | 0.0       | 0.0       | 0.0       | 0.0       | 0.0       | 0.0
Same day other   | 19.83     | 3.89      | 12.0      | 17.0      | 19.0      | 23.0      | 28.0
Infected         | 37.12     | 7.79      | 18.0      | 31.75     | 37.0      | 42.0      | 55.0

Infection rate (sitting): 10.85%

Expected vs Observed (sitting):
Metric           | Mean      | Std       | Min       | P25       | Median    | P75       | Max
-----------------------------------------------------------------------------------------------
Expected         | 39.43     | 4.5       | 28.42     | 36.02     | 39.94     | 41.76     | 48.93
Std              | 5.89      | 0.28      | 5.12      | 5.69      | 5.92      | 6.05      | 6.44
Z-score          | -0.4      | 1.01      | -3.13     | -1.15     | -0.37     | 0.31      | 1.7

--- Standing (occupation 2) ---
Metric           | Mean      | Std       | Min       | P25       | Median    | P75       | Max
-----------------------------------------------------------------------------------------------
Susceptible      | 346.48    | 18.26     | 295.0     | 331.75    | 348.5     | 359.0     | 391.0
Infectious       | 49.18     | 8.81      | 23.0      | 43.75     | 49.0      | 54.0      | 71.0
Exposed          | 55.08     | 8.11      | 41.0      | 48.0      | 55.0      | 60.25     | 73.0
Recovered        | 29.37     | 6.39      | 14.0      | 25.75     | 29.0      | 33.0      | 45.0
Dead             | 0.0       | 0.0       | 0.0       | 0.0       | 0.0       | 0.0       | 0.0
Same day other   | 19.88     | 3.9       | 12.0      | 17.0      | 20.0      | 22.0      | 29.0
Infected         | 97.92     | 13.83     | 44.0      | 91.75     | 99.0      | 106.25    | 127.0

Infection rate (standing): 28.26%

Expected vs Observed (standing):
Metric           | Mean      | Std       | Min       | P25       | Median    | P75       | Max
-----------------------------------------------------------------------------------------------
Expected         | 102.4     | 12.03     | 58.71     | 95.15     | 104.5     | 109.88    | 124.9
Std              | 8.45      | 0.3       | 7.05      | 8.27      | 8.51      | 8.64      | 8.83
Z-score          | -0.53     | 1.04      | -2.36     | -1.2      | -0.39     | 0.1       | 2.17

Per-generation breakdown (sitting):
Generation 1     | 36.58     | 8.58      | 18.0      | 30.75     | 37.0      | 43.0      | 56.0
Generation 2     | 16.3      | 6.55      | 5.0       | 12.0      | 15.0      | 20.25     | 32.0
Generation 3     | 5.33      | 2.83      | 1.0       | 3.0       | 5.0       | 8.0       | 13.0
Generation 4     | 1.17      | 1.37      | 0.0       | 0.0       | 1.0       | 2.0       | 6.0
Generation 5     | 0.37      | 0.69      | 0.0       | 0.0       | 0.0       | 1.0       | 3.0
Generation 6     | 0.17      | 0.49      | 0.0       | 0.0       | 0.0       | 0.0       | 2.0
Generation 7     | 0.03      | 0.18      | 0.0       | 0.0       | 0.0       | 0.0       | 1.0
Generation 8     | 0.02      | 0.13      | 0.0       | 0.0       | 0.0       | 0.0       | 1.0

Per-generation breakdown (standing):
Generation 1     | 96.58     | 17.59     | 39.0      | 87.0      | 98.0      | 106.5     | 138.0
Generation 2     | 44.35     | 11.66     | 21.0      | 37.0      | 42.5      | 52.5      | 77.0
Generation 3     | 14.65     | 5.52      | 6.0       | 10.0      | 14.5      | 18.0      | 30.0
Generation 4     | 3.75      | 2.62      | 0.0       | 2.0       | 3.0       | 4.0       | 14.0
Generation 5     | 1.05      | 1.0       | 0.0       | 0.0       | 1.0       | 2.0       | 4.0
Generation 6     | 0.22      | 0.49      | 0.0       | 0.0       | 0.0       | 0.0       | 2.0
Generation 7     | 0.05      | 0.22      | 0.0       | 0.0       | 0.0       | 0.0       | 1.0


##############################
### Concert Day 44
##############################

--- Global Epidemic Metrics ---
Metric           | Mean      | Std       | Min       | P25       | Median    | P75       | Max
-----------------------------------------------------------------------------------------------
Total infected   | 405103.2  | 225.63    | 404521.0  | 404999.0  | 405070.0  | 405278.5  | 405613.0
Attack rate      | 93.22     | 0.05      | 93.09     | 93.2      | 93.22     | 93.27     | 93.34
R0               | 3.05      | 0.02      | 3.01      | 3.04      | 3.05      | 3.07      | 3.09
Infectious pop   | 50968.53  | 5706.21   | 31914.0   | 46851.25  | 51184.5   | 54436.75  | 62480.0

--- Sitting (occupation 1) ---
Metric           | Mean      | Std       | Min       | P25       | Median    | P75       | Max
-----------------------------------------------------------------------------------------------
Susceptible      | 322.25    | 19.39     | 274.0     | 311.75    | 319.5     | 333.25    | 385.0
Infectious       | 57.87     | 9.33      | 32.0      | 51.0      | 58.5      | 62.25     | 82.0
Exposed          | 62.45     | 8.48      | 40.0      | 57.0      | 62.5      | 68.0      | 79.0
Recovered        | 36.13     | 8.57      | 24.0      | 30.0      | 34.0      | 41.0      | 61.0
Dead             | 0.0       | 0.0       | 0.0       | 0.0       | 0.0       | 0.0       | 0.0
Same day other   | 21.3      | 5.06      | 8.0       | 17.0      | 21.0      | 25.0      | 33.0
Infected         | 39.68     | 7.98      | 25.0      | 34.75     | 39.0      | 45.25     | 63.0

Infection rate (sitting): 12.31%

Expected vs Observed (sitting):
Metric           | Mean      | Std       | Min       | P25       | Median    | P75       | Max
-----------------------------------------------------------------------------------------------
Expected         | 41.5      | 4.58      | 28.52     | 38.47     | 41.64     | 44.68     | 53.64
Std              | 6.0       | 0.27      | 5.14      | 5.83      | 6.0       | 6.21      | 6.66
Z-score          | -0.3      | 1.09      | -2.64     | -0.86     | -0.45     | 0.27      | 3.07

--- Standing (occupation 2) ---
Metric           | Mean      | Std       | Min       | P25       | Median    | P75       | Max
-----------------------------------------------------------------------------------------------
Susceptible      | 325.88    | 19.5      | 290.0     | 312.5     | 323.0     | 338.5     | 379.0
Infectious       | 57.88     | 10.38     | 31.0      | 50.0      | 58.0      | 66.0      | 80.0
Exposed          | 60.28     | 8.74      | 37.0      | 54.75     | 60.0      | 66.0      | 79.0
Recovered        | 35.38     | 6.56      | 23.0      | 30.75     | 36.0      | 38.5      | 53.0
Dead             | 0.0       | 0.0       | 0.0       | 0.0       | 0.0       | 0.0       | 0.0
Same day other   | 20.57     | 4.26      | 12.0      | 18.0      | 20.0      | 23.25     | 33.0
Infected         | 103.68    | 13.83     | 73.0      | 94.75     | 103.0     | 113.0     | 133.0

Infection rate (standing): 31.82%

Expected vs Observed (standing):
Metric           | Mean      | Std       | Min       | P25       | Median    | P75       | Max
-----------------------------------------------------------------------------------------------
Expected         | 109.91    | 12.22     | 75.95     | 102.58    | 111.08    | 119.19    | 135.06
Std              | 8.48      | 0.23      | 7.79      | 8.36      | 8.53      | 8.66      | 8.9
Z-score          | -0.73     | 1.01      | -2.92     | -1.45     | -0.73     | 0.09      | 1.4

Per-generation breakdown (sitting):
Generation 1     | 34.67     | 9.74      | 15.0      | 29.0      | 33.0      | 39.0      | 70.0
Generation 2     | 14.13     | 5.51      | 4.0       | 10.0      | 14.0      | 17.25     | 30.0
Generation 3     | 4.42      | 3.09      | 0.0       | 2.0       | 4.0       | 6.0       | 14.0
Generation 4     | 1.03      | 1.23      | 0.0       | 0.0       | 1.0       | 2.0       | 5.0
Generation 5     | 0.32      | 0.7       | 0.0       | 0.0       | 0.0       | 0.0       | 3.0
Generation 6     | 0.08      | 0.33      | 0.0       | 0.0       | 0.0       | 0.0       | 2.0

Per-generation breakdown (standing):
Generation 1     | 91.58     | 15.66     | 52.0      | 80.0      | 91.0      | 100.0     | 130.0
Generation 2     | 37.03     | 10.59     | 18.0      | 29.75     | 37.0      | 43.25     | 71.0
Generation 3     | 11.05     | 4.22      | 2.0       | 8.0       | 11.0      | 14.0      | 24.0
Generation 4     | 2.8       | 1.8       | 0.0       | 1.0       | 2.0       | 4.0       | 7.0
Generation 5     | 0.58      | 0.85      | 0.0       | 0.0       | 0.0       | 1.0       | 4.0
Generation 6     | 0.15      | 0.4       | 0.0       | 0.0       | 0.0       | 0.0       | 2.0
Generation 7     | 0.02      | 0.13      | 0.0       | 0.0       | 0.0       | 0.0       | 1.0


##############################
### Concert Day 45
##############################

--- Global Epidemic Metrics ---
Metric           | Mean      | Std       | Min       | P25       | Median    | P75       | Max
-----------------------------------------------------------------------------------------------
Total infected   | 405121.4  | 219.76    | 404642.0  | 404966.0  | 405100.5  | 405245.5  | 405573.0
Attack rate      | 93.23     | 0.05      | 93.12     | 93.19     | 93.22     | 93.26     | 93.33
R0               | 3.06      | 0.02      | 3.01      | 3.05      | 3.06      | 3.07      | 3.09
Infectious pop   | 57507.73  | 5430.79   | 40185.0   | 54817.25  | 57026.0   | 60309.0   | 69243.0

--- Sitting (occupation 1) ---
Metric           | Mean      | Std       | Min       | P25       | Median    | P75       | Max
-----------------------------------------------------------------------------------------------
Susceptible      | 302.62    | 18.54     | 264.0     | 288.75    | 299.5     | 319.25    | 344.0
Infectious       | 65.6      | 9.19      | 45.0      | 60.75     | 65.5      | 71.0      | 85.0
Exposed          | 68.92     | 7.98      | 48.0      | 63.75     | 68.0      | 75.0      | 88.0
Recovered        | 41.53     | 7.7       | 17.0      | 36.0      | 42.0      | 47.0      | 58.0
Dead             | 0.0       | 0.0       | 0.0       | 0.0       | 0.0       | 0.0       | 0.0
Same day other   | 21.33     | 4.52      | 13.0      | 18.0      | 21.0      | 24.25     | 32.0
Infected         | 40.13     | 6.65      | 29.0      | 35.0      | 40.5      | 46.0      | 55.0

Infection rate (sitting): 13.26%

Expected vs Observed (sitting):
Metric           | Mean      | Std       | Min       | P25       | Median    | P75       | Max
-----------------------------------------------------------------------------------------------
Expected         | 43.84     | 4.1       | 33.95     | 41.84     | 43.78     | 46.91     | 51.93
Std              | 6.11      | 0.23      | 5.52      | 6.0       | 6.12      | 6.3       | 6.52
Z-score          | -0.6      | 0.95      | -2.84     | -1.33     | -0.43     | 0.01      | 1.35

--- Standing (occupation 2) ---
Metric           | Mean      | Std       | Min       | P25       | Median    | P75       | Max
-----------------------------------------------------------------------------------------------
Susceptible      | 306.85    | 16.62     | 278.0     | 296.5     | 305.0     | 318.0     | 368.0
Infectious       | 64.22     | 9.81      | 42.0      | 59.0      | 64.0      | 70.0      | 89.0
Exposed          | 63.88     | 8.04      | 39.0      | 59.75     | 65.0      | 69.0      | 84.0
Recovered        | 41.75     | 7.72      | 21.0      | 37.75     | 41.0      | 47.25     | 58.0
Dead             | 0.0       | 0.0       | 0.0       | 0.0       | 0.0       | 0.0       | 0.0
Same day other   | 23.3      | 5.21      | 13.0      | 20.0      | 23.0      | 27.0      | 37.0
Infected         | 106.43    | 14.84     | 77.0      | 96.0      | 105.0     | 117.25    | 142.0

Infection rate (standing): 34.69%

Expected vs Observed (standing):
Metric           | Mean      | Std       | Min       | P25       | Median    | P75       | Max
-----------------------------------------------------------------------------------------------
Expected         | 112.86    | 10.97     | 90.3      | 104.27    | 112.73    | 120.64    | 136.93
Std              | 8.41      | 0.19      | 7.91      | 8.28      | 8.42      | 8.52      | 8.81
Z-score          | -0.77     | 1.3       | -3.75     | -1.51     | -0.71     | 0.25      | 1.6

Per-generation breakdown (sitting):
Generation 1     | 31.78     | 7.43      | 18.0      | 26.0      | 32.0      | 37.0      | 49.0
Generation 2     | 11.47     | 5.31      | 4.0       | 8.0       | 10.5      | 14.25     | 25.0
Generation 3     | 3.17      | 2.43      | 0.0       | 1.0       | 3.0       | 4.0       | 9.0
Generation 4     | 0.97      | 1.19      | 0.0       | 0.0       | 1.0       | 1.0       | 4.0
Generation 5     | 0.32      | 0.75      | 0.0       | 0.0       | 0.0       | 0.0       | 4.0
Generation 6     | 0.1       | 0.35      | 0.0       | 0.0       | 0.0       | 0.0       | 2.0
Generation 7     | 0.05      | 0.22      | 0.0       | 0.0       | 0.0       | 0.0       | 1.0

Per-generation breakdown (standing):
Generation 1     | 86.73     | 16.11     | 55.0      | 76.5      | 86.5      | 93.25     | 131.0
Generation 2     | 32.22     | 9.65      | 17.0      | 25.0      | 30.0      | 39.0      | 60.0
Generation 3     | 9.32      | 3.89      | 2.0       | 7.0       | 9.0       | 12.0      | 18.0
Generation 4     | 2.32      | 1.77      | 0.0       | 1.0       | 2.0       | 4.0       | 7.0
Generation 5     | 0.42      | 0.65      | 0.0       | 0.0       | 0.0       | 1.0       | 2.0
Generation 6     | 0.03      | 0.18      | 0.0       | 0.0       | 0.0       | 0.0       | 1.0


##############################
### Concert Day 46
##############################

--- Global Epidemic Metrics ---
Metric           | Mean      | Std       | Min       | P25       | Median    | P75       | Max
-----------------------------------------------------------------------------------------------
Total infected   | 405118.17 | 206.48    | 404608.0  | 404956.75 | 405132.0  | 405275.0  | 405583.0
Attack rate      | 93.23     | 0.05      | 93.11     | 93.19     | 93.23     | 93.26     | 93.34
R0               | 3.05      | 0.02      | 3.01      | 3.04      | 3.05      | 3.06      | 3.09
Infectious pop   | 66181.7   | 6842.47   | 49205.0   | 61726.75  | 65051.5   | 70829.75  | 82320.0

--- Sitting (occupation 1) ---
Metric           | Mean      | Std       | Min       | P25       | Median    | P75       | Max
-----------------------------------------------------------------------------------------------
Susceptible      | 279.7     | 21.55     | 220.0     | 268.5     | 281.5     | 297.0     | 325.0
Infectious       | 77.23     | 10.91     | 51.0      | 71.0      | 78.0      | 83.0      | 103.0
Exposed          | 70.27     | 8.99      | 47.0      | 64.75     | 70.0      | 76.0      | 94.0
Recovered        | 50.78     | 8.81      | 35.0      | 45.0      | 50.5      | 55.0      | 75.0
Dead             | 0.0       | 0.0       | 0.0       | 0.0       | 0.0       | 0.0       | 0.0
Same day other   | 22.02     | 4.81      | 13.0      | 18.75     | 21.5      | 25.25     | 33.0
Infected         | 44.4      | 6.81      | 30.0      | 39.75     | 44.5      | 48.25     | 61.0

Infection rate (sitting): 15.87%

Expected vs Observed (sitting):
Metric           | Mean      | Std       | Min       | P25       | Median    | P75       | Max
-----------------------------------------------------------------------------------------------
Expected         | 46.98     | 4.2       | 36.94     | 44.6      | 47.25     | 49.83     | 56.61
Std              | 6.24      | 0.22      | 5.58      | 6.14      | 6.23      | 6.38      | 6.65
Z-score          | -0.41     | 0.93      | -2.6      | -1.04     | -0.62     | 0.23      | 1.77

--- Standing (occupation 2) ---
Metric           | Mean      | Std       | Min       | P25       | Median    | P75       | Max
-----------------------------------------------------------------------------------------------
Susceptible      | 280.52    | 22.14     | 219.0     | 266.5     | 280.5     | 293.25    | 338.0
Infectious       | 74.08     | 10.59     | 53.0      | 67.75     | 75.0      | 82.0      | 105.0
Exposed          | 73.42     | 10.39     | 47.0      | 64.0      | 75.0      | 81.0      | 95.0
Recovered        | 48.68     | 7.96      | 31.0      | 43.75     | 47.5      | 53.0      | 74.0
Dead             | 0.0       | 0.0       | 0.0       | 0.0       | 0.0       | 0.0       | 0.0
Same day other   | 23.3      | 5.21      | 11.0      | 19.0      | 23.0      | 27.0      | 34.0
Infected         | 108.57    | 12.76     | 72.0      | 101.0     | 108.5     | 117.0     | 139.0

Infection rate (standing): 38.7%

Expected vs Observed (standing):
Metric           | Mean      | Std       | Min       | P25       | Median    | P75       | Max
-----------------------------------------------------------------------------------------------
Expected         | 114.91    | 8.31      | 92.78     | 109.95    | 115.65    | 121.27    | 130.55
Std              | 8.2       | 0.25      | 7.38      | 8.03      | 8.21      | 8.35      | 8.75
Z-score          | -0.78     | 1.09      | -3.08     | -1.58     | -0.71     | -0.05     | 1.72

Per-generation breakdown (sitting):
Generation 1     | 31.42     | 8.72      | 16.0      | 26.0      | 31.5      | 37.0      | 55.0
Generation 2     | 9.53      | 4.36      | 2.0       | 6.75      | 9.0       | 12.0      | 24.0
Generation 3     | 2.6       | 1.98      | 0.0       | 1.0       | 2.0       | 3.0       | 12.0
Generation 4     | 0.55      | 0.65      | 0.0       | 0.0       | 0.0       | 1.0       | 2.0
Generation 5     | 0.13      | 0.43      | 0.0       | 0.0       | 0.0       | 0.0       | 2.0

Per-generation breakdown (standing):
Generation 1     | 79.2      | 13.49     | 51.0      | 70.0      | 77.0      | 88.0      | 115.0
Generation 2     | 25.1      | 8.1       | 6.0       | 20.0      | 23.0      | 30.25     | 41.0
Generation 3     | 7.67      | 3.9       | 1.0       | 5.0       | 7.0       | 9.25      | 19.0
Generation 4     | 1.62      | 1.37      | 0.0       | 1.0       | 1.0       | 2.0       | 7.0
Generation 5     | 0.33      | 0.6       | 0.0       | 0.0       | 0.0       | 1.0       | 2.0
Generation 6     | 0.08      | 0.28      | 0.0       | 0.0       | 0.0       | 0.0       | 1.0


##############################
### Concert Day 47
##############################

--- Global Epidemic Metrics ---
Metric           | Mean      | Std       | Min       | P25       | Median    | P75       | Max
-----------------------------------------------------------------------------------------------
Total infected   | 405133.75 | 215.25    | 404486.0  | 404981.0  | 405155.5  | 405307.75 | 405516.0
Attack rate      | 93.23     | 0.05      | 93.08     | 93.2      | 93.24     | 93.27     | 93.32
R0               | 3.05      | 0.02      | 3.01      | 3.04      | 3.05      | 3.07      | 3.09
Infectious pop   | 73616.47  | 7248.45   | 57630.0   | 68680.75  | 73762.0   | 78439.25  | 89341.0

--- Sitting (occupation 1) ---
Metric           | Mean      | Std       | Min       | P25       | Median    | P75       | Max
-----------------------------------------------------------------------------------------------
Susceptible      | 260.3     | 21.99     | 211.0     | 244.75    | 261.0     | 275.0     | 307.0
Infectious       | 82.32     | 11.9      | 60.0      | 74.0      | 83.0      | 92.0      | 107.0
Exposed          | 74.98     | 8.12      | 55.0      | 68.75     | 76.0      | 81.0      | 90.0
Recovered        | 59.55     | 12.45     | 39.0      | 49.75     | 58.0      | 66.25     | 90.0
Dead             | 0.0       | 0.0       | 0.0       | 0.0       | 0.0       | 0.0       | 0.0
Same day other   | 22.85     | 4.04      | 15.0      | 19.75     | 23.0      | 26.0      | 31.0
Infected         | 44.7      | 7.86      | 28.0      | 40.0      | 44.0      | 49.25     | 62.0

Infection rate (sitting): 17.17%

Expected vs Observed (sitting):
Metric           | Mean      | Std       | Min       | P25       | Median    | P75       | Max
-----------------------------------------------------------------------------------------------
Expected         | 46.28     | 4.18      | 37.62     | 43.52     | 46.22     | 49.45     | 56.7
Std              | 6.15      | 0.22      | 5.7       | 6.01      | 6.14      | 6.32      | 6.63
Z-score          | -0.26     | 1.03      | -2.59     | -1.0      | -0.32     | 0.57      | 1.87

--- Standing (occupation 2) ---
Metric           | Mean      | Std       | Min       | P25       | Median    | P75       | Max
-----------------------------------------------------------------------------------------------
Susceptible      | 261.13    | 20.19     | 221.0     | 245.0     | 258.5     | 277.0     | 305.0
Infectious       | 82.7      | 11.31     | 59.0      | 74.0      | 83.0      | 92.25     | 109.0
Exposed          | 75.03     | 7.35      | 58.0      | 70.0      | 76.0      | 78.75     | 94.0
Recovered        | 58.92     | 11.26     | 39.0      | 50.75     | 58.5      | 66.5      | 85.0
Dead             | 0.0       | 0.0       | 0.0       | 0.0       | 0.0       | 0.0       | 0.0
Same day other   | 22.22     | 5.26      | 12.0      | 18.0      | 22.0      | 26.0      | 40.0
Infected         | 109.67    | 12.8      | 79.0      | 99.75     | 110.5     | 120.25    | 132.0

Infection rate (standing): 42.0%

Expected vs Observed (standing):
Metric           | Mean      | Std       | Min       | P25       | Median    | P75       | Max
-----------------------------------------------------------------------------------------------
Expected         | 116.3     | 8.99      | 87.66     | 111.83    | 117.83    | 120.86    | 137.22
Std              | 7.99      | 0.27      | 7.43      | 7.82      | 7.96      | 8.23      | 8.49
Z-score          | -0.83     | 0.99      | -3.27     | -1.66     | -0.65     | -0.03     | 1.01

Per-generation breakdown (sitting):
Generation 1     | 30.23     | 6.39      | 17.0      | 26.0      | 29.0      | 35.0      | 51.0
Generation 2     | 8.52      | 4.2       | 1.0       | 5.0       | 8.0       | 12.0      | 20.0
Generation 3     | 2.17      | 1.7       | 0.0       | 1.0       | 2.0       | 3.0       | 8.0
Generation 4     | 0.47      | 0.77      | 0.0       | 0.0       | 0.0       | 1.0       | 3.0
Generation 5     | 0.1       | 0.3       | 0.0       | 0.0       | 0.0       | 0.0       | 1.0
Generation 6     | 0.07      | 0.31      | 0.0       | 0.0       | 0.0       | 0.0       | 2.0
Generation 7     | 0.02      | 0.13      | 0.0       | 0.0       | 0.0       | 0.0       | 1.0

Per-generation breakdown (standing):
Generation 1     | 74.95     | 13.41     | 49.0      | 64.75     | 74.5      | 85.0      | 102.0
Generation 2     | 24.52     | 7.57      | 9.0       | 19.0      | 23.0      | 29.5      | 42.0
Generation 3     | 6.77      | 3.29      | 0.0       | 4.75      | 6.5       | 9.0       | 16.0
Generation 4     | 1.83      | 1.73      | 0.0       | 1.0       | 1.0       | 3.0       | 6.0
Generation 5     | 0.48      | 0.79      | 0.0       | 0.0       | 0.0       | 1.0       | 3.0
Generation 6     | 0.12      | 0.32      | 0.0       | 0.0       | 0.0       | 0.0       | 1.0


##############################
### Concert Day 48
##############################

--- Global Epidemic Metrics ---
Metric           | Mean      | Std       | Min       | P25       | Median    | P75       | Max
-----------------------------------------------------------------------------------------------
Total infected   | 405146.65 | 186.16    | 404759.0  | 405015.75 | 405140.5  | 405276.25 | 405576.0
Attack rate      | 93.23     | 0.04      | 93.15     | 93.2      | 93.23     | 93.26     | 93.33
R0               | 3.06      | 0.02      | 3.01      | 3.04      | 3.06      | 3.07      | 3.1
Infectious pop   | 81133.82  | 7819.01   | 64828.0   | 75646.75  | 81927.5   | 86814.25  | 103934.0

--- Sitting (occupation 1) ---
Metric           | Mean      | Std       | Min       | P25       | Median    | P75       | Max
-----------------------------------------------------------------------------------------------
Susceptible      | 237.78    | 21.87     | 191.0     | 219.75    | 239.5     | 251.5     | 289.0
Infectious       | 94.02     | 11.62     | 67.0      | 85.0      | 92.0      | 104.0     | 116.0
Exposed          | 78.28     | 9.09      | 55.0      | 73.0      | 77.5      | 85.0      | 101.0
Recovered        | 67.7      | 13.05     | 46.0      | 57.0      | 69.0      | 76.25     | 105.0
Dead             | 0.0       | 0.0       | 0.0       | 0.0       | 0.0       | 0.0       | 0.0
Same day other   | 22.22     | 4.26      | 11.0      | 20.0      | 22.0      | 25.0      | 31.0
Infected         | 45.8      | 7.56      | 31.0      | 40.0      | 45.5      | 51.0      | 65.0

Infection rate (sitting): 19.26%

Expected vs Observed (sitting):
Metric           | Mean      | Std       | Min       | P25       | Median    | P75       | Max
-----------------------------------------------------------------------------------------------
Expected         | 47.68     | 3.49      | 41.46     | 45.78     | 47.88     | 49.35     | 55.55
Std              | 6.16      | 0.19      | 5.74      | 6.06      | 6.17      | 6.27      | 6.57
Z-score          | -0.31     | 1.07      | -2.45     | -1.2      | -0.4      | 0.4       | 2.16

--- Standing (occupation 2) ---
Metric           | Mean      | Std       | Min       | P25       | Median    | P75       | Max
-----------------------------------------------------------------------------------------------
Susceptible      | 240.6     | 21.72     | 175.0     | 222.0     | 243.0     | 254.0     | 296.0
Infectious       | 90.92     | 11.61     | 67.0      | 81.75     | 91.0      | 98.0      | 123.0
Exposed          | 78.17     | 7.42      | 63.0      | 72.0      | 79.0      | 83.25     | 92.0
Recovered        | 67.63     | 12.82     | 41.0      | 59.5      | 67.0      | 75.0      | 100.0
Dead             | 0.0       | 0.0       | 0.0       | 0.0       | 0.0       | 0.0       | 0.0
Same day other   | 22.68     | 4.99      | 12.0      | 19.75     | 22.5      | 26.0      | 35.0
Infected         | 110.12    | 13.2      | 68.0      | 102.0     | 110.5     | 119.0     | 142.0

Infection rate (standing): 45.77%

Expected vs Observed (standing):
Metric           | Mean      | Std       | Min       | P25       | Median    | P75       | Max
-----------------------------------------------------------------------------------------------
Expected         | 114.63    | 7.7       | 92.76     | 110.56    | 114.88    | 120.47    | 129.8
Std              | 7.71      | 0.34      | 6.57      | 7.44      | 7.74      | 7.94      | 8.54
Z-score          | -0.6      | 1.09      | -3.27     | -1.25     | -0.59     | 0.26      | 1.66

Per-generation breakdown (sitting):
Generation 1     | 27.62     | 6.62      | 11.0      | 23.75     | 28.0      | 31.25     | 46.0
Generation 2     | 7.63      | 3.7       | 0.0       | 5.0       | 7.0       | 10.0      | 17.0
Generation 3     | 2.17      | 1.76      | 0.0       | 1.0       | 2.0       | 3.0       | 7.0
Generation 4     | 0.53      | 0.72      | 0.0       | 0.0       | 0.0       | 1.0       | 3.0
Generation 5     | 0.13      | 0.43      | 0.0       | 0.0       | 0.0       | 0.0       | 2.0
Generation 6     | 0.02      | 0.13      | 0.0       | 0.0       | 0.0       | 0.0       | 1.0

Per-generation breakdown (standing):
Generation 1     | 71.43     | 14.36     | 39.0      | 59.75     | 71.5      | 81.25     | 109.0
Generation 2     | 21.93     | 7.18      | 6.0       | 17.75     | 22.0      | 27.0      | 40.0
Generation 3     | 6.32      | 3.61      | 0.0       | 4.0       | 6.0       | 8.25      | 16.0
Generation 4     | 1.62      | 1.56      | 0.0       | 0.0       | 1.0       | 3.0       | 6.0
Generation 5     | 0.2       | 0.44      | 0.0       | 0.0       | 0.0       | 0.0       | 2.0
Generation 6     | 0.02      | 0.13      | 0.0       | 0.0       | 0.0       | 0.0       | 1.0


##############################
### Concert Day 49
##############################

--- Global Epidemic Metrics ---
Metric           | Mean      | Std       | Min       | P25       | Median    | P75       | Max
-----------------------------------------------------------------------------------------------
Total infected   | 405156.97 | 181.31    | 404729.0  | 405058.25 | 405158.5  | 405275.5  | 405553.0
Attack rate      | 93.24     | 0.04      | 93.14     | 93.21     | 93.24     | 93.26     | 93.33
R0               | 3.05      | 0.02      | 3.0       | 3.04      | 3.05      | 3.07      | 3.09
Infectious pop   | 88786.78  | 6538.64   | 73813.0   | 84146.75  | 88806.5   | 93895.75  | 102818.0

--- Sitting (occupation 1) ---
Metric           | Mean      | Std       | Min       | P25       | Median    | P75       | Max
-----------------------------------------------------------------------------------------------
Susceptible      | 219.38    | 17.65     | 182.0     | 206.75    | 220.0     | 231.25    | 259.0
Infectious       | 101.6     | 10.7      | 75.0      | 94.75     | 103.0     | 108.0     | 128.0
Exposed          | 79.8      | 9.01      | 55.0      | 74.0      | 80.0      | 85.25     | 100.0
Recovered        | 78.28     | 11.78     | 50.0      | 69.75     | 78.5      | 84.75     | 104.0
Dead             | 0.0       | 0.0       | 0.0       | 0.0       | 0.0       | 0.0       | 0.0
Same day other   | 20.93     | 3.86      | 14.0      | 18.0      | 20.0      | 23.25     | 32.0
Infected         | 43.5      | 6.97      | 29.0      | 39.0      | 43.5      | 48.0      | 59.0

Infection rate (sitting): 19.83%

Expected vs Observed (sitting):
Metric           | Mean      | Std       | Min       | P25       | Median    | P75       | Max
-----------------------------------------------------------------------------------------------
Expected         | 47.26     | 3.35      | 39.51     | 44.64     | 47.06     | 50.06     | 55.34
Std              | 6.08      | 0.18      | 5.64      | 5.96      | 6.07      | 6.21      | 6.48
Z-score          | -0.62     | 1.0       | -2.2      | -1.32     | -0.61     | -0.04     | 1.85

--- Standing (occupation 2) ---
Metric           | Mean      | Std       | Min       | P25       | Median    | P75       | Max
-----------------------------------------------------------------------------------------------
Susceptible      | 223.23    | 21.88     | 173.0     | 206.5     | 220.0     | 241.0     | 280.0
Infectious       | 99.75     | 12.23     | 77.0      | 91.75     | 101.0     | 106.0     | 127.0
Exposed          | 78.57     | 9.88      | 57.0      | 72.0      | 78.0      | 85.0      | 101.0
Recovered        | 76.27     | 12.2      | 54.0      | 66.75     | 77.0      | 85.25     | 102.0
Dead             | 0.0       | 0.0       | 0.0       | 0.0       | 0.0       | 0.0       | 0.0
Same day other   | 22.18     | 4.5       | 13.0      | 19.0      | 22.0      | 26.0      | 32.0
Infected         | 109.63    | 10.62     | 86.0      | 103.0     | 108.5     | 118.0     | 136.0

Infection rate (standing): 49.11%

Expected vs Observed (standing):
Metric           | Mean      | Std       | Min       | P25       | Median    | P75       | Max
-----------------------------------------------------------------------------------------------
Expected         | 113.45    | 7.77      | 98.08     | 108.89    | 112.57    | 118.15    | 127.72
Std              | 7.43      | 0.37      | 6.52      | 7.18      | 7.41      | 7.73      | 8.32
Z-score          | -0.51     | 1.05      | -3.03     | -1.22     | -0.5      | 0.17      | 2.47

Per-generation breakdown (sitting):
Generation 1     | 24.13     | 5.8       | 14.0      | 20.0      | 23.5      | 27.25     | 39.0
Generation 2     | 6.73      | 2.77      | 1.0       | 5.0       | 7.0       | 8.0       | 14.0
Generation 3     | 1.83      | 1.5       | 0.0       | 1.0       | 1.5       | 3.0       | 6.0
Generation 4     | 0.62      | 0.92      | 0.0       | 0.0       | 0.0       | 1.0       | 3.0
Generation 5     | 0.2       | 0.51      | 0.0       | 0.0       | 0.0       | 0.0       | 2.0
Generation 6     | 0.07      | 0.31      | 0.0       | 0.0       | 0.0       | 0.0       | 2.0

Per-generation breakdown (standing):
Generation 1     | 65.03     | 10.68     | 43.0      | 56.75     | 64.0      | 73.0      | 87.0
Generation 2     | 18.97     | 5.47      | 6.0       | 15.0      | 18.5      | 22.25     | 31.0
Generation 3     | 5.15      | 2.54      | 0.0       | 3.0       | 5.0       | 6.25      | 13.0
Generation 4     | 1.45      | 1.43      | 0.0       | 0.0       | 1.0       | 2.0       | 5.0
Generation 5     | 0.33      | 0.68      | 0.0       | 0.0       | 0.0       | 0.0       | 3.0
Generation 6     | 0.07      | 0.31      | 0.0       | 0.0       | 0.0       | 0.0       | 2.0


##############################
### Concert Day 50
##############################

--- Global Epidemic Metrics ---
Metric           | Mean      | Std       | Min       | P25       | Median    | P75       | Max
-----------------------------------------------------------------------------------------------
Total infected   | 405159.7  | 217.76    | 404620.0  | 404998.75 | 405142.5  | 405323.25 | 405650.0
Attack rate      | 93.24     | 0.05      | 93.11     | 93.2      | 93.23     | 93.28     | 93.35
R0               | 3.06      | 0.02      | 3.02      | 3.04      | 3.06      | 3.07      | 3.11
Infectious pop   | 97554.73  | 4882.27   | 86865.0   | 94402.0   | 98226.5   | 101112.0  | 107555.0

--- Sitting (occupation 1) ---
Metric           | Mean      | Std       | Min       | P25       | Median    | P75       | Max
-----------------------------------------------------------------------------------------------
Susceptible      | 196.53    | 17.43     | 150.0     | 182.0     | 199.0     | 211.0     | 235.0
Infectious       | 110.13    | 12.16     | 78.0      | 102.0     | 110.5     | 117.25    | 137.0
Exposed          | 80.82     | 9.67      | 61.0      | 72.75     | 81.5      | 88.25     | 100.0
Recovered        | 92.68     | 12.27     | 70.0      | 84.0      | 93.0      | 102.0     | 126.0
Dead             | 0.0       | 0.0       | 0.0       | 0.0       | 0.0       | 0.0       | 0.0
Same day other   | 19.83     | 3.53      | 11.0      | 18.0      | 20.0      | 22.0      | 27.0
Infected         | 41.13     | 7.28      | 24.0      | 37.5      | 41.0      | 46.25     | 54.0

Infection rate (sitting): 20.93%

Expected vs Observed (sitting):
Metric           | Mean      | Std       | Min       | P25       | Median    | P75       | Max
-----------------------------------------------------------------------------------------------
Expected         | 45.42     | 3.72      | 37.97     | 42.99     | 45.36     | 48.18     | 54.54
Std              | 5.9       | 0.21      | 5.33      | 5.75      | 5.88      | 6.06      | 6.37
Z-score          | -0.73     | 1.03      | -3.6      | -1.27     | -0.77     | -0.09     | 1.37

--- Standing (occupation 2) ---
Metric           | Mean      | Std       | Min       | P25       | Median    | P75       | Max
-----------------------------------------------------------------------------------------------
Susceptible      | 198.92    | 16.6      | 170.0     | 183.0     | 197.0     | 211.5     | 236.0
Infectious       | 110.28    | 10.66     | 87.0      | 103.0     | 108.5     | 119.25    | 133.0
Exposed          | 79.58     | 8.56      | 63.0      | 74.0      | 79.5      | 85.25     | 107.0
Recovered        | 90.5      | 11.69     | 65.0      | 83.0      | 92.0      | 100.25    | 112.0
Dead             | 0.0       | 0.0       | 0.0       | 0.0       | 0.0       | 0.0       | 0.0
Same day other   | 20.72     | 4.84      | 8.0       | 18.0      | 20.0      | 24.0      | 35.0
Infected         | 101.55    | 9.61      | 74.0      | 97.0      | 100.5     | 108.25    | 121.0

Infection rate (standing): 51.05%

Expected vs Observed (standing):
Metric           | Mean      | Std       | Min       | P25       | Median    | P75       | Max
-----------------------------------------------------------------------------------------------
Expected         | 108.54    | 7.2       | 93.14     | 103.93    | 107.8     | 114.01    | 125.61
Std              | 7.0       | 0.33      | 6.39      | 6.71      | 7.0       | 7.26      | 7.67
Z-score          | -1.0      | 0.93      | -3.2      | -1.68     | -1.0      | -0.27     | 1.35

Per-generation breakdown (sitting):
Generation 1     | 22.45     | 6.45      | 9.0       | 17.0      | 22.5      | 27.0      | 36.0
Generation 2     | 5.42      | 2.75      | 0.0       | 3.75      | 5.0       | 8.0       | 12.0
Generation 3     | 1.75      | 1.43      | 0.0       | 0.75      | 2.0       | 3.0       | 5.0
Generation 4     | 0.33      | 0.73      | 0.0       | 0.0       | 0.0       | 0.0       | 4.0
Generation 5     | 0.15      | 0.66      | 0.0       | 0.0       | 0.0       | 0.0       | 4.0
Generation 6     | 0.03      | 0.18      | 0.0       | 0.0       | 0.0       | 0.0       | 1.0

Per-generation breakdown (standing):
Generation 1     | 54.65     | 7.99      | 33.0      | 48.0      | 55.0      | 60.0      | 71.0
Generation 2     | 13.62     | 4.83      | 6.0       | 10.0      | 13.0      | 16.0      | 29.0
Generation 3     | 3.65      | 2.2       | 0.0       | 2.0       | 3.5       | 5.0       | 9.0
Generation 4     | 1.07      | 1.15      | 0.0       | 0.0       | 1.0       | 2.0       | 4.0
Generation 5     | 0.12      | 0.37      | 0.0       | 0.0       | 0.0       | 0.0       | 2.0
Generation 6     | 0.03      | 0.18      | 0.0       | 0.0       | 0.0       | 0.0       | 1.0


##############################
### Concert Day 51
##############################

--- Global Epidemic Metrics ---
Metric           | Mean      | Std       | Min       | P25       | Median    | P75       | Max
-----------------------------------------------------------------------------------------------
Total infected   | 405121.72 | 192.62    | 404714.0  | 404991.75 | 405152.0  | 405218.25 | 405518.0
Attack rate      | 93.23     | 0.04      | 93.14     | 93.2      | 93.24     | 93.25     | 93.32
R0               | 3.05      | 0.02      | 3.01      | 3.04      | 3.05      | 3.06      | 3.09
Infectious pop   | 103625.0  | 5305.53   | 87402.0   | 100820.75 | 104778.5  | 107245.5  | 113362.0

--- Sitting (occupation 1) ---
Metric           | Mean      | Std       | Min       | P25       | Median    | P75       | Max
-----------------------------------------------------------------------------------------------
Susceptible      | 180.92    | 18.2      | 151.0     | 168.75    | 176.0     | 191.0     | 233.0
Infectious       | 115.43    | 11.2      | 92.0      | 105.75    | 115.5     | 125.0     | 136.0
Exposed          | 77.83     | 8.15      | 57.0      | 71.75     | 78.0      | 83.0      | 99.0
Recovered        | 106.43    | 14.54     | 67.0      | 96.75     | 108.5     | 117.0     | 144.0
Dead             | 0.0       | 0.0       | 0.0       | 0.0       | 0.0       | 0.0       | 0.0
Same day other   | 19.38     | 4.48      | 10.0      | 16.0      | 18.5      | 21.25     | 31.0
Infected         | 39.98     | 6.04      | 27.0      | 36.0      | 40.5      | 44.0      | 53.0

Infection rate (sitting): 22.1%

Expected vs Observed (sitting):
Metric           | Mean      | Std       | Min       | P25       | Median    | P75       | Max
-----------------------------------------------------------------------------------------------
Expected         | 43.55     | 3.16      | 36.12     | 41.01     | 43.62     | 45.79     | 51.24
Std              | 5.74      | 0.2       | 5.33      | 5.6       | 5.71      | 5.88      | 6.12
Z-score          | -0.62     | 0.97      | -3.35     | -1.12     | -0.58     | -0.16     | 1.44

--- Standing (occupation 2) ---
Metric           | Mean      | Std       | Min       | P25       | Median    | P75       | Max
-----------------------------------------------------------------------------------------------
Susceptible      | 181.22    | 17.99     | 141.0     | 171.5     | 180.0     | 192.25    | 220.0
Infectious       | 116.15    | 11.75     | 88.0      | 109.0     | 116.5     | 123.0     | 146.0
Exposed          | 78.85     | 8.59      | 60.0      | 74.0      | 77.0      | 86.0      | 104.0
Recovered        | 105.48    | 12.95     | 78.0      | 95.75     | 104.0     | 116.0     | 135.0
Dead             | 0.0       | 0.0       | 0.0       | 0.0       | 0.0       | 0.0       | 0.0
Same day other   | 18.3      | 3.99      | 10.0      | 16.0      | 18.0      | 20.25     | 29.0
Infected         | 95.6      | 10.51     | 74.0      | 87.75     | 95.5      | 104.25    | 118.0

Infection rate (standing): 52.75%

Expected vs Observed (standing):
Metric           | Mean      | Std       | Min       | P25       | Median    | P75       | Max
-----------------------------------------------------------------------------------------------
Expected         | 102.1     | 7.56      | 84.6      | 96.38     | 102.41    | 105.56    | 125.04
Std              | 6.65      | 0.38      | 5.8       | 6.44      | 6.65      | 6.9       | 7.4
Z-score          | -0.98     | 1.12      | -3.4      | -1.88     | -1.04     | -0.02     | 1.17

Per-generation breakdown (sitting):
Generation 1     | 20.48     | 5.56      | 11.0      | 17.0      | 20.0      | 24.0      | 38.0
Generation 2     | 5.22      | 3.13      | 0.0       | 3.0       | 5.0       | 7.0       | 13.0
Generation 3     | 1.4       | 1.63      | 0.0       | 0.0       | 1.0       | 2.0       | 5.0
Generation 4     | 0.33      | 0.63      | 0.0       | 0.0       | 0.0       | 0.25      | 2.0
Generation 5     | 0.1       | 0.35      | 0.0       | 0.0       | 0.0       | 0.0       | 2.0
Generation 6     | 0.02      | 0.13      | 0.0       | 0.0       | 0.0       | 0.0       | 1.0

Per-generation breakdown (standing):
Generation 1     | 48.62     | 8.71      | 30.0      | 41.75     | 48.5      | 55.0      | 67.0
Generation 2     | 12.37     | 4.38      | 4.0       | 9.75      | 12.0      | 15.0      | 25.0
Generation 3     | 3.02      | 2.17      | 0.0       | 1.0       | 3.0       | 5.0       | 8.0
Generation 4     | 0.62      | 0.85      | 0.0       | 0.0       | 0.0       | 1.0       | 3.0
Generation 5     | 0.12      | 0.37      | 0.0       | 0.0       | 0.0       | 0.0       | 2.0


##############################
### Concert Day 52
##############################

--- Global Epidemic Metrics ---
Metric           | Mean      | Std       | Min       | P25       | Median    | P75       | Max
-----------------------------------------------------------------------------------------------
Total infected   | 405151.47 | 184.26    | 404742.0  | 405047.5  | 405152.5  | 405271.75 | 405531.0
Attack rate      | 93.24     | 0.04      | 93.14     | 93.21     | 93.24     | 93.26     | 93.32
R0               | 3.06      | 0.02      | 3.0       | 3.04      | 3.06      | 3.07      | 3.1
Infectious pop   | 109243.73 | 3863.88   | 96932.0   | 107495.75 | 109734.5  | 112266.0  | 114924.0

--- Sitting (occupation 1) ---
Metric           | Mean      | Std       | Min       | P25       | Median    | P75       | Max
-----------------------------------------------------------------------------------------------
Susceptible      | 161.65    | 15.4      | 127.0     | 152.0     | 159.5     | 173.0     | 202.0
Infectious       | 123.9     | 12.68     | 90.0      | 118.0     | 122.0     | 132.0     | 154.0
Exposed          | 74.9      | 10.06     | 50.0      | 69.0      | 74.5      | 81.0      | 99.0
Recovered        | 122.3     | 13.87     | 90.0      | 112.75    | 125.5     | 133.25    | 150.0
Dead             | 0.0       | 0.0       | 0.0       | 0.0       | 0.0       | 0.0       | 0.0
Same day other   | 17.25     | 4.36      | 9.0       | 14.0      | 17.0      | 20.0      | 30.0
Infected         | 37.1      | 6.95      | 21.0      | 32.0      | 37.5      | 42.25     | 53.0

Infection rate (sitting): 22.95%

Expected vs Observed (sitting):
Metric           | Mean      | Std       | Min       | P25       | Median    | P75       | Max
-----------------------------------------------------------------------------------------------
Expected         | 41.37     | 3.05      | 34.07     | 39.31     | 40.86     | 43.48     | 49.58
Std              | 5.54      | 0.19      | 5.15      | 5.42      | 5.51      | 5.67      | 6.08
Z-score          | -0.76     | 1.22      | -3.48     | -1.49     | -0.76     | -0.05     | 1.79

--- Standing (occupation 2) ---
Metric           | Mean      | Std       | Min       | P25       | Median    | P75       | Max
-----------------------------------------------------------------------------------------------
Susceptible      | 163.47    | 15.52     | 118.0     | 153.75    | 161.5     | 175.0     | 201.0
Infectious       | 125.28    | 11.42     | 103.0     | 117.75    | 125.5     | 132.5     | 159.0
Exposed          | 76.05     | 9.1       | 49.0      | 69.75     | 76.0      | 82.5      | 91.0
Recovered        | 117.77    | 15.83     | 71.0      | 109.75    | 120.0     | 128.0     | 153.0
Dead             | 0.0       | 0.0       | 0.0       | 0.0       | 0.0       | 0.0       | 0.0
Same day other   | 17.43     | 4.12      | 7.0       | 15.0      | 17.0      | 21.0      | 27.0
Infected         | 89.67     | 9.85      | 64.0      | 83.0      | 90.0      | 96.0      | 114.0

Infection rate (standing): 54.85%

Expected vs Observed (standing):
Metric           | Mean      | Std       | Min       | P25       | Median    | P75       | Max
-----------------------------------------------------------------------------------------------
Expected         | 96.78     | 7.88      | 79.15     | 92.27     | 97.12     | 99.84     | 119.83
Std              | 6.26      | 0.35      | 5.1       | 6.0       | 6.24      | 6.49      | 7.01
Z-score          | -1.14     | 0.99      | -3.6      | -1.8      | -1.03     | -0.47     | 1.68

Per-generation breakdown (sitting):
Generation 1     | 17.67     | 5.34      | 7.0       | 14.0      | 17.0      | 21.25     | 29.0
Generation 2     | 4.02      | 2.0       | 1.0       | 2.0       | 4.0       | 5.0       | 10.0
Generation 3     | 1.23      | 1.35      | 0.0       | 0.0       | 1.0       | 2.0       | 6.0
Generation 4     | 0.43      | 0.74      | 0.0       | 0.0       | 0.0       | 1.0       | 3.0
Generation 5     | 0.07      | 0.25      | 0.0       | 0.0       | 0.0       | 0.0       | 1.0
Generation 6     | 0.03      | 0.26      | 0.0       | 0.0       | 0.0       | 0.0       | 2.0
Generation 7     | 0.02      | 0.13      | 0.0       | 0.0       | 0.0       | 0.0       | 1.0

Per-generation breakdown (standing):
Generation 1     | 42.78     | 8.75      | 27.0      | 37.0      | 42.0      | 48.0      | 71.0
Generation 2     | 10.32     | 3.56      | 4.0       | 8.0       | 9.0       | 12.0      | 23.0
Generation 3     | 2.5       | 1.97      | 0.0       | 1.0       | 2.0       | 3.0       | 12.0
Generation 4     | 0.52      | 0.65      | 0.0       | 0.0       | 0.0       | 1.0       | 2.0
Generation 5     | 0.12      | 0.45      | 0.0       | 0.0       | 0.0       | 0.0       | 3.0
Generation 6     | 0.03      | 0.18      | 0.0       | 0.0       | 0.0       | 0.0       | 1.0


##############################
### Concert Day 53
##############################

--- Global Epidemic Metrics ---
Metric           | Mean      | Std       | Min       | P25       | Median    | P75       | Max
-----------------------------------------------------------------------------------------------
Total infected   | 405188.3  | 187.72    | 404737.0  | 405079.75 | 405177.0  | 405312.0  | 405617.0
Attack rate      | 93.24     | 0.04      | 93.14     | 93.22     | 93.24     | 93.27     | 93.34
R0               | 3.06      | 0.02      | 2.98      | 3.04      | 3.05      | 3.07      | 3.09
Infectious pop   | 113042.6  | 2397.33   | 105489.0  | 111921.0  | 113950.0  | 114976.5  | 116017.0

--- Sitting (occupation 1) ---
Metric           | Mean      | Std       | Min       | P25       | Median    | P75       | Max
-----------------------------------------------------------------------------------------------
Susceptible      | 145.18    | 15.56     | 109.0     | 135.75    | 143.5     | 155.5     | 174.0
Infectious       | 131.73    | 9.85      | 113.0     | 123.75    | 131.0     | 139.25    | 158.0
Exposed          | 69.45     | 8.9       | 50.0      | 63.0      | 69.0      | 76.0      | 92.0
Recovered        | 137.83    | 16.65     | 103.0     | 128.0     | 136.0     | 147.25    | 183.0
Dead             | 0.0       | 0.0       | 0.0       | 0.0       | 0.0       | 0.0       | 0.0
Same day other   | 15.8      | 4.16      | 8.0       | 13.0      | 15.0      | 19.0      | 24.0
Infected         | 35.13     | 7.32      | 18.0      | 30.0      | 35.0      | 39.25     | 53.0

Infection rate (sitting): 24.2%

Expected vs Observed (sitting):
Metric           | Mean      | Std       | Min       | P25       | Median    | P75       | Max
-----------------------------------------------------------------------------------------------
Expected         | 39.23     | 3.33      | 30.97     | 37.31     | 39.98     | 41.76     | 44.84
Std              | 5.34      | 0.24      | 4.71      | 5.19      | 5.38      | 5.54      | 5.74
Z-score          | -0.77     | 1.2       | -3.64     | -1.54     | -0.99     | 0.14      | 1.93

--- Standing (occupation 2) ---
Metric           | Mean      | Std       | Min       | P25       | Median    | P75       | Max
-----------------------------------------------------------------------------------------------
Susceptible      | 148.28    | 14.43     | 121.0     | 138.0     | 146.5     | 158.25    | 187.0
Infectious       | 129.25    | 8.77      | 102.0     | 125.0     | 129.0     | 133.0     | 158.0
Exposed          | 72.7      | 8.7       | 54.0      | 67.0      | 71.0      | 77.25     | 95.0
Recovered        | 134.58    | 16.04     | 92.0      | 122.75    | 136.5     | 148.0     | 163.0
Dead             | 0.0       | 0.0       | 0.0       | 0.0       | 0.0       | 0.0       | 0.0
Same day other   | 15.18     | 3.73      | 7.0       | 13.0      | 15.0      | 17.0      | 25.0
Infected         | 82.95     | 9.67      | 58.0      | 77.0      | 83.0      | 90.0      | 107.0

Infection rate (standing): 55.94%

Expected vs Observed (standing):
Metric           | Mean      | Std       | Min       | P25       | Median    | P75       | Max
-----------------------------------------------------------------------------------------------
Expected         | 89.65     | 7.75      | 73.29     | 84.55     | 89.95     | 95.79     | 105.43
Std              | 5.94      | 0.32      | 5.28      | 5.72      | 5.9       | 6.13      | 6.78
Z-score          | -1.12     | 1.15      | -4.75     | -1.84     | -0.97     | -0.57     | 1.97

Per-generation breakdown (sitting):
Generation 1     | 15.98     | 4.93      | 4.0       | 13.0      | 16.0      | 19.0      | 31.0
Generation 2     | 3.53      | 2.14      | 0.0       | 2.0       | 3.0       | 5.0       | 11.0
Generation 3     | 1.0       | 1.09      | 0.0       | 0.0       | 1.0       | 2.0       | 4.0
Generation 4     | 0.18      | 0.43      | 0.0       | 0.0       | 0.0       | 0.0       | 2.0
Generation 5     | 0.05      | 0.22      | 0.0       | 0.0       | 0.0       | 0.0       | 1.0

Per-generation breakdown (standing):
Generation 1     | 40.32     | 7.14      | 25.0      | 36.0      | 39.0      | 45.25     | 57.0
Generation 2     | 8.67      | 3.08      | 3.0       | 6.0       | 8.0       | 11.0      | 16.0
Generation 3     | 2.23      | 1.67      | 0.0       | 1.0       | 2.0       | 3.0       | 8.0
Generation 4     | 0.45      | 0.77      | 0.0       | 0.0       | 0.0       | 1.0       | 3.0
Generation 5     | 0.05      | 0.22      | 0.0       | 0.0       | 0.0       | 0.0       | 1.0


##############################
### Concert Day 54
##############################

--- Global Epidemic Metrics ---
Metric           | Mean      | Std       | Min       | P25       | Median    | P75       | Max
-----------------------------------------------------------------------------------------------
Total infected   | 405180.77 | 175.02    | 404747.0  | 405079.25 | 405170.5  | 405304.75 | 405559.0
Attack rate      | 93.24     | 0.04      | 93.14     | 93.22     | 93.24     | 93.27     | 93.33
R0               | 3.06      | 0.02      | 3.03      | 3.05      | 3.06      | 3.07      | 3.1
Infectious pop   | 115093.73 | 953.88    | 112081.0  | 114683.0  | 115269.5  | 115751.25 | 116622.0

--- Sitting (occupation 1) ---
Metric           | Mean      | Std       | Min       | P25       | Median    | P75       | Max
-----------------------------------------------------------------------------------------------
Susceptible      | 133.02    | 13.46     | 97.0      | 124.0     | 132.0     | 143.0     | 162.0
Infectious       | 134.52    | 11.09     | 110.0     | 127.75    | 136.0     | 141.0     | 165.0
Exposed          | 64.43     | 8.03      | 42.0      | 60.0      | 64.0      | 69.0      | 90.0
Recovered        | 155.33    | 13.84     | 130.0     | 144.0     | 156.5     | 165.0     | 202.0
Dead             | 0.0       | 0.0       | 0.0       | 0.0       | 0.0       | 0.0       | 0.0
Same day other   | 12.7      | 3.91      | 6.0       | 9.75      | 12.0      | 16.0      | 24.0
Infected         | 32.62     | 6.27      | 19.0      | 28.0      | 34.0      | 37.0      | 48.0

Infection rate (sitting): 24.52%

Expected vs Observed (sitting):
Metric           | Mean      | Std       | Min       | P25       | Median    | P75       | Max
-----------------------------------------------------------------------------------------------
Expected         | 36.61     | 3.29      | 26.04     | 34.78     | 36.73     | 38.76     | 42.27
Std              | 5.14      | 0.23      | 4.36      | 5.04      | 5.14      | 5.31      | 5.52
Z-score          | -0.77     | 1.17      | -3.97     | -1.46     | -0.79     | -0.13     | 2.3

--- Standing (occupation 2) ---
Metric           | Mean      | Std       | Min       | P25       | Median    | P75       | Max
-----------------------------------------------------------------------------------------------
Susceptible      | 133.97    | 11.77     | 110.0     | 126.25    | 134.0     | 142.25    | 159.0
Infectious       | 133.35    | 9.65      | 111.0     | 128.0     | 132.5     | 140.0     | 160.0
Exposed          | 67.2      | 8.62      | 49.0      | 60.0      | 67.0      | 73.0      | 89.0
Recovered        | 151.85    | 15.92     | 117.0     | 141.75    | 150.5     | 162.75    | 191.0
Dead             | 0.0       | 0.0       | 0.0       | 0.0       | 0.0       | 0.0       | 0.0
Same day other   | 13.63     | 3.57      | 4.0       | 11.75     | 13.5      | 15.25     | 22.0
Infected         | 76.12     | 8.73      | 54.0      | 69.75     | 76.0      | 81.0      | 105.0

Infection rate (standing): 56.82%

Expected vs Observed (standing):
Metric           | Mean      | Std       | Min       | P25       | Median    | P75       | Max
-----------------------------------------------------------------------------------------------
Expected         | 82.53     | 6.62      | 67.25     | 79.38     | 82.68     | 86.96     | 94.94
Std              | 5.61      | 0.29      | 5.04      | 5.42      | 5.63      | 5.83      | 6.21
Z-score          | -1.15     | 1.05      | -3.28     | -1.96     | -1.07     | -0.51     | 2.45

Per-generation breakdown (sitting):
Generation 1     | 14.57     | 4.33      | 7.0       | 11.0      | 14.0      | 18.0      | 25.0
Generation 2     | 3.02      | 1.89      | 0.0       | 1.75      | 3.0       | 4.25      | 7.0
Generation 3     | 0.63      | 0.78      | 0.0       | 0.0       | 0.0       | 1.0       | 3.0
Generation 4     | 0.15      | 0.36      | 0.0       | 0.0       | 0.0       | 0.0       | 1.0
Generation 5     | 0.03      | 0.18      | 0.0       | 0.0       | 0.0       | 0.0       | 1.0

Per-generation breakdown (standing):
Generation 1     | 34.43     | 6.96      | 19.0      | 29.75     | 34.5      | 38.25     | 55.0
Generation 2     | 8.2       | 3.09      | 2.0       | 6.0       | 9.0       | 10.0      | 14.0
Generation 3     | 1.95      | 1.79      | 0.0       | 1.0       | 2.0       | 3.0       | 7.0
Generation 4     | 0.28      | 0.61      | 0.0       | 0.0       | 0.0       | 0.0       | 3.0
Generation 5     | 0.15      | 0.58      | 0.0       | 0.0       | 0.0       | 0.0       | 4.0
Generation 6     | 0.02      | 0.13      | 0.0       | 0.0       | 0.0       | 0.0       | 1.0


##############################
### Concert Day 55
##############################

--- Global Epidemic Metrics ---
Metric           | Mean      | Std       | Min       | P25       | Median    | P75       | Max
-----------------------------------------------------------------------------------------------
Total infected   | 405102.85 | 185.2     | 404778.0  | 404997.5  | 405065.5  | 405186.25 | 405705.0
Attack rate      | 93.22     | 0.04      | 93.15     | 93.2      | 93.22     | 93.24     | 93.36
R0               | 3.06      | 0.02      | 3.02      | 3.05      | 3.06      | 3.07      | 3.1
Infectious pop   | 114832.03 | 1266.93   | 109903.0  | 114282.25 | 115186.0  | 115595.75 | 116273.0

--- Sitting (occupation 1) ---
Metric           | Mean      | Std       | Min       | P25       | Median    | P75       | Max
-----------------------------------------------------------------------------------------------
Susceptible      | 120.55    | 12.82     | 97.0      | 113.0     | 118.0     | 128.0     | 162.0
Infectious       | 134.92    | 8.71      | 113.0     | 130.0     | 134.0     | 142.25    | 150.0
Exposed          | 58.92     | 9.76      | 32.0      | 52.75     | 57.0      | 67.25     | 83.0
Recovered        | 174.57    | 18.15     | 130.0     | 164.0     | 173.5     | 185.25    | 224.0
Dead             | 0.0       | 0.0       | 0.0       | 0.0       | 0.0       | 0.0       | 0.0
Same day other   | 11.05     | 3.35      | 4.0       | 8.75      | 11.0      | 13.0      | 20.0
Infected         | 29.33     | 5.38      | 16.0      | 25.0      | 29.5      | 34.0      | 41.0

Infection rate (sitting): 24.33%

Expected vs Observed (sitting):
Metric           | Mean      | Std       | Min       | P25       | Median    | P75       | Max
-----------------------------------------------------------------------------------------------
Expected         | 33.33     | 3.49      | 27.46     | 30.93     | 33.12     | 35.02     | 43.49
Std              | 4.9       | 0.25      | 4.52      | 4.71      | 4.9       | 5.04      | 5.64
Z-score          | -0.82     | 0.88      | -3.48     | -1.22     | -0.91     | -0.33     | 1.75

--- Standing (occupation 2) ---
Metric           | Mean      | Std       | Min       | P25       | Median    | P75       | Max
-----------------------------------------------------------------------------------------------
Susceptible      | 124.73    | 12.57     | 107.0     | 115.0     | 123.0     | 133.0     | 167.0
Infectious       | 132.0     | 9.4       | 111.0     | 125.75    | 132.0     | 138.25    | 155.0
Exposed          | 59.83     | 8.68      | 37.0      | 54.0      | 59.5      | 64.0      | 83.0
Recovered        | 171.23    | 17.98     | 125.0     | 158.25    | 175.5     | 181.25    | 212.0
Dead             | 0.0       | 0.0       | 0.0       | 0.0       | 0.0       | 0.0       | 0.0
Same day other   | 12.2      | 4.29      | 3.0       | 9.0       | 12.0      | 14.25     | 25.0
Infected         | 69.42     | 8.59      | 52.0      | 64.75     | 69.0      | 73.0      | 93.0

Infection rate (standing): 55.65%

Expected vs Observed (standing):
Metric           | Mean      | Std       | Min       | P25       | Median    | P75       | Max
-----------------------------------------------------------------------------------------------
Expected         | 76.4      | 7.42      | 65.03     | 71.38     | 74.5      | 81.46     | 96.23
Std              | 5.43      | 0.3       | 4.99      | 5.18      | 5.39      | 5.65      | 6.39
Z-score          | -1.29     | 1.06      | -3.7      | -1.93     | -1.42     | -0.38     | 1.04

Per-generation breakdown (sitting):
Generation 1     | 12.62     | 4.14      | 5.0       | 9.0       | 12.0      | 15.0      | 23.0
Generation 2     | 2.62      | 1.65      | 0.0       | 2.0       | 2.0       | 3.25      | 7.0
Generation 3     | 0.72      | 0.96      | 0.0       | 0.0       | 0.0       | 1.0       | 4.0
Generation 4     | 0.22      | 0.61      | 0.0       | 0.0       | 0.0       | 0.0       | 3.0
Generation 5     | 0.05      | 0.22      | 0.0       | 0.0       | 0.0       | 0.0       | 1.0
Generation 6     | 0.02      | 0.13      | 0.0       | 0.0       | 0.0       | 0.0       | 1.0

Per-generation breakdown (standing):
Generation 1     | 30.18     | 6.57      | 17.0      | 26.0      | 30.5      | 34.25     | 48.0
Generation 2     | 6.37      | 2.8       | 2.0       | 4.0       | 6.0       | 8.0       | 13.0
Generation 3     | 1.82      | 1.71      | 0.0       | 1.0       | 1.0       | 3.0       | 8.0
Generation 4     | 0.4       | 0.67      | 0.0       | 0.0       | 0.0       | 1.0       | 3.0
Generation 5     | 0.05      | 0.22      | 0.0       | 0.0       | 0.0       | 0.0       | 1.0


##############################
### Concert Day 56
##############################

--- Global Epidemic Metrics ---
Metric           | Mean      | Std       | Min       | P25       | Median    | P75       | Max
-----------------------------------------------------------------------------------------------
Total infected   | 405144.0  | 184.01    | 404772.0  | 405047.25 | 405125.0  | 405218.0  | 405735.0
Attack rate      | 93.23     | 0.04      | 93.15     | 93.21     | 93.23     | 93.25     | 93.37
R0               | 3.05      | 0.02      | 3.0       | 3.04      | 3.05      | 3.06      | 3.09
Infectious pop   | 113298.43 | 2158.11   | 104887.0  | 112471.25 | 113809.0  | 114739.25 | 116170.0

--- Sitting (occupation 1) ---
Metric           | Mean      | Std       | Min       | P25       | Median    | P75       | Max
-----------------------------------------------------------------------------------------------
Susceptible      | 111.88    | 11.2      | 90.0      | 102.75    | 111.5     | 120.0     | 140.0
Infectious       | 134.32    | 8.8       | 115.0     | 127.75    | 133.0     | 141.25    | 153.0
Exposed          | 54.38     | 9.37      | 38.0      | 47.0      | 53.0      | 60.0      | 80.0
Recovered        | 190.57    | 15.45     | 154.0     | 180.75    | 190.0     | 200.25    | 237.0
Dead             | 0.0       | 0.0       | 0.0       | 0.0       | 0.0       | 0.0       | 0.0
Same day other   | 8.85      | 2.93      | 3.0       | 7.0       | 8.5       | 10.25     | 16.0
Infected         | 25.77     | 5.74      | 15.0      | 21.0      | 25.0      | 31.0      | 40.0

Infection rate (sitting): 23.03%

Expected vs Observed (sitting):
Metric           | Mean      | Std       | Min       | P25       | Median    | P75       | Max
-----------------------------------------------------------------------------------------------
Expected         | 30.8      | 2.87      | 24.5      | 28.93     | 31.01     | 32.93     | 37.46
Std              | 4.72      | 0.22      | 4.23      | 4.54      | 4.73      | 4.88      | 5.15
Z-score          | -1.07     | 1.0       | -2.88     | -1.98     | -1.16     | -0.19     | 1.19

--- Standing (occupation 2) ---
Metric           | Mean      | Std       | Min       | P25       | Median    | P75       | Max
-----------------------------------------------------------------------------------------------
Susceptible      | 113.35    | 10.18     | 94.0      | 104.75    | 112.0     | 120.0     | 139.0
Infectious       | 134.17    | 8.44      | 118.0     | 128.75    | 133.0     | 140.0     | 155.0
Exposed          | 53.18     | 10.63     | 32.0      | 44.75     | 52.5      | 62.0      | 79.0
Recovered        | 189.07    | 15.98     | 149.0     | 178.75    | 188.0     | 200.0     | 228.0
Dead             | 0.0       | 0.0       | 0.0       | 0.0       | 0.0       | 0.0       | 0.0
Same day other   | 10.23     | 3.08      | 4.0       | 8.0       | 10.0      | 12.0      | 17.0
Infected         | 63.52     | 8.09      | 43.0      | 59.0      | 63.0      | 68.0      | 88.0

Infection rate (standing): 56.04%

Expected vs Observed (standing):
Metric           | Mean      | Std       | Min       | P25       | Median    | P75       | Max
-----------------------------------------------------------------------------------------------
Expected         | 70.17     | 6.36      | 57.47     | 65.95     | 69.88     | 73.76     | 89.1
Std              | 5.16      | 0.25      | 4.65      | 4.97      | 5.14      | 5.34      | 5.67
Z-score          | -1.29     | 0.96      | -3.1      | -2.05     | -1.45     | -0.58     | 0.95

Per-generation breakdown (sitting):
Generation 1     | 10.65     | 4.23      | 3.0       | 8.0       | 10.5      | 12.25     | 26.0
Generation 2     | 2.3       | 1.65      | 0.0       | 1.0       | 2.0       | 3.0       | 8.0
Generation 3     | 0.57      | 0.72      | 0.0       | 0.0       | 0.0       | 1.0       | 3.0
Generation 4     | 0.12      | 0.32      | 0.0       | 0.0       | 0.0       | 0.0       | 1.0

Per-generation breakdown (standing):
Generation 1     | 28.05     | 5.42      | 18.0      | 24.0      | 27.0      | 31.0      | 46.0
Generation 2     | 6.02      | 3.04      | 1.0       | 4.0       | 6.0       | 7.0       | 15.0
Generation 3     | 1.57      | 1.28      | 0.0       | 0.0       | 1.5       | 2.25      | 4.0
Generation 4     | 0.42      | 0.81      | 0.0       | 0.0       | 0.0       | 1.0       | 3.0
Generation 5     | 0.07      | 0.31      | 0.0       | 0.0       | 0.0       | 0.0       | 2.0


##############################
### Concert Day 57
##############################

--- Global Epidemic Metrics ---
Metric           | Mean      | Std       | Min       | P25       | Median    | P75       | Max
-----------------------------------------------------------------------------------------------
Total infected   | 405179.15 | 191.13    | 404824.0  | 405042.25 | 405172.0  | 405285.5  | 405596.0
Attack rate      | 93.24     | 0.04      | 93.16     | 93.21     | 93.24     | 93.27     | 93.34
R0               | 3.06      | 0.02      | 3.01      | 3.05      | 3.06      | 3.07      | 3.1
Infectious pop   | 110280.72 | 3440.39   | 101655.0  | 107999.0  | 110647.0  | 113264.5  | 115445.0

--- Sitting (occupation 1) ---
Metric           | Mean      | Std       | Min       | P25       | Median    | P75       | Max
-----------------------------------------------------------------------------------------------
Susceptible      | 105.3     | 9.81      | 87.0      | 99.0      | 104.5     | 110.25    | 131.0
Infectious       | 135.0     | 9.42      | 113.0     | 128.75    | 135.0     | 143.0     | 152.0
Exposed          | 46.3      | 8.33      | 29.0      | 41.0      | 46.0      | 51.25     | 67.0
Recovered        | 204.73    | 12.56     | 179.0     | 197.75    | 204.5     | 211.25    | 232.0
Dead             | 0.0       | 0.0       | 0.0       | 0.0       | 0.0       | 0.0       | 0.0
Same day other   | 8.67      | 3.39      | 2.0       | 6.0       | 9.0       | 11.0      | 17.0
Infected         | 23.58     | 4.74      | 11.0      | 20.0      | 23.0      | 26.25     | 34.0

Infection rate (sitting): 22.4%

Expected vs Observed (sitting):
Metric           | Mean      | Std       | Min       | P25       | Median    | P75       | Max
-----------------------------------------------------------------------------------------------
Expected         | 29.09     | 2.37      | 24.79     | 27.15     | 29.02     | 30.76     | 34.01
Std              | 4.58      | 0.18      | 4.24      | 4.45      | 4.58      | 4.71      | 5.02
Z-score          | -1.21     | 0.85      | -3.55     | -1.85     | -1.19     | -0.59     | 0.67

--- Standing (occupation 2) ---
Metric           | Mean      | Std       | Min       | P25       | Median    | P75       | Max
-----------------------------------------------------------------------------------------------
Susceptible      | 104.72    | 10.44     | 81.0      | 98.75     | 106.0     | 113.25    | 125.0
Infectious       | 132.35    | 11.24     | 106.0     | 123.0     | 132.0     | 139.0     | 156.0
Exposed          | 48.72     | 8.7       | 34.0      | 40.75     | 48.0      | 56.25     | 71.0
Recovered        | 205.17    | 17.41     | 160.0     | 194.0     | 205.0     | 217.0     | 253.0
Dead             | 0.0       | 0.0       | 0.0       | 0.0       | 0.0       | 0.0       | 0.0
Same day other   | 9.05      | 3.28      | 3.0       | 7.0       | 9.0       | 11.0      | 17.0
Infected         | 56.72     | 8.33      | 38.0      | 51.0      | 56.0      | 63.25     | 74.0

Infection rate (standing): 54.16%

Expected vs Observed (standing):
Metric           | Mean      | Std       | Min       | P25       | Median    | P75       | Max
-----------------------------------------------------------------------------------------------
Expected         | 64.2      | 6.47      | 47.5      | 60.01     | 64.71     | 67.78     | 76.77
Std              | 4.97      | 0.28      | 4.21      | 4.78      | 5.01      | 5.21      | 5.44
Z-score          | -1.52     | 0.99      | -3.52     | -2.31     | -1.5      | -0.83     | 0.4

Per-generation breakdown (sitting):
Generation 1     | 9.87      | 3.5       | 3.0       | 7.0       | 10.0      | 13.0      | 18.0
Generation 2     | 1.88      | 1.56      | 0.0       | 1.0       | 2.0       | 3.0       | 6.0
Generation 3     | 0.48      | 0.85      | 0.0       | 0.0       | 0.0       | 1.0       | 4.0
Generation 4     | 0.15      | 0.4       | 0.0       | 0.0       | 0.0       | 0.0       | 2.0
Generation 5     | 0.03      | 0.18      | 0.0       | 0.0       | 0.0       | 0.0       | 1.0

Per-generation breakdown (standing):
Generation 1     | 24.68     | 5.85      | 11.0      | 20.0      | 25.0      | 28.25     | 35.0
Generation 2     | 4.65      | 2.46      | 0.0       | 3.0       | 4.0       | 6.0       | 11.0
Generation 3     | 1.2       | 1.23      | 0.0       | 0.0       | 1.0       | 2.0       | 6.0
Generation 4     | 0.25      | 0.54      | 0.0       | 0.0       | 0.0       | 0.0       | 2.0
Generation 5     | 0.07      | 0.25      | 0.0       | 0.0       | 0.0       | 0.0       | 1.0
Generation 6     | 0.02      | 0.13      | 0.0       | 0.0       | 0.0       | 0.0       | 1.0


##############################
### Concert Day 58
##############################

--- Global Epidemic Metrics ---
Metric           | Mean      | Std       | Min       | P25       | Median    | P75       | Max
-----------------------------------------------------------------------------------------------
Total infected   | 405117.18 | 207.0     | 404761.0  | 404932.0  | 405098.0  | 405246.0  | 405717.0
Attack rate      | 93.23     | 0.05      | 93.15     | 93.19     | 93.22     | 93.26     | 93.37
R0               | 3.06      | 0.02      | 3.01      | 3.05      | 3.06      | 3.07      | 3.09
Infectious pop   | 105695.13 | 3840.67   | 96184.0   | 103023.5  | 105981.0  | 108300.0  | 113896.0

--- Sitting (occupation 1) ---
Metric           | Mean      | Std       | Min       | P25       | Median    | P75       | Max
-----------------------------------------------------------------------------------------------
Susceptible      | 95.58     | 9.07      | 81.0      | 88.0      | 94.5      | 101.25    | 114.0
Infectious       | 129.68    | 11.9      | 105.0     | 121.0     | 129.5     | 137.0     | 157.0
Exposed          | 42.1      | 6.8       | 29.0      | 37.0      | 41.0      | 48.0      | 58.0
Recovered        | 225.42    | 15.0      | 189.0     | 214.0     | 227.0     | 237.25    | 254.0
Dead             | 0.0       | 0.0       | 0.0       | 0.0       | 0.0       | 0.0       | 0.0
Same day other   | 7.22      | 3.15      | 2.0       | 5.0       | 7.0       | 8.25      | 15.0
Infected         | 21.45     | 5.22      | 11.0      | 18.0      | 22.0      | 24.0      | 35.0

Infection rate (sitting): 22.44%

Expected vs Observed (sitting):
Metric           | Mean      | Std       | Min       | P25       | Median    | P75       | Max
-----------------------------------------------------------------------------------------------
Expected         | 25.52     | 2.59      | 21.21     | 23.53     | 24.95     | 27.13     | 32.0
Std              | 4.32      | 0.19      | 3.98      | 4.18      | 4.28      | 4.47      | 4.8
Z-score          | -0.94     | 1.08      | -3.04     | -1.72     | -1.03     | -0.25     | 1.68

--- Standing (occupation 2) ---
Metric           | Mean      | Std       | Min       | P25       | Median    | P75       | Max
-----------------------------------------------------------------------------------------------
Susceptible      | 94.37     | 10.56     | 75.0      | 87.75     | 93.5      | 102.5     | 115.0
Infectious       | 131.5     | 10.71     | 110.0     | 123.75    | 132.0     | 139.25    | 154.0
Exposed          | 43.0      | 8.12      | 24.0      | 37.75     | 42.0      | 48.25     | 63.0
Recovered        | 223.7     | 14.77     | 184.0     | 212.0     | 226.5     | 233.25    | 260.0
Dead             | 0.0       | 0.0       | 0.0       | 0.0       | 0.0       | 0.0       | 0.0
Same day other   | 7.43      | 2.38      | 2.0       | 5.0       | 8.0       | 9.0       | 12.0
Infected         | 49.77     | 7.39      | 34.0      | 44.75     | 49.0      | 57.0      | 68.0

Infection rate (standing): 52.74%

Expected vs Observed (standing):
Metric           | Mean      | Std       | Min       | P25       | Median    | P75       | Max
-----------------------------------------------------------------------------------------------
Expected         | 57.62     | 6.2       | 42.18     | 54.0      | 57.36     | 62.33     | 70.64
Std              | 4.72      | 0.29      | 4.13      | 4.48      | 4.76      | 4.92      | 5.28
Z-score          | -1.66     | 1.04      | -3.55     | -2.41     | -1.73     | -0.92     | 1.52

Per-generation breakdown (sitting):
Generation 1     | 9.2       | 3.57      | 3.0       | 7.0       | 8.5       | 12.0      | 20.0
Generation 2     | 1.9       | 1.83      | 0.0       | 1.0       | 1.5       | 2.0       | 8.0
Generation 3     | 0.47      | 0.75      | 0.0       | 0.0       | 0.0       | 1.0       | 3.0
Generation 4     | 0.12      | 0.37      | 0.0       | 0.0       | 0.0       | 0.0       | 2.0
Generation 5     | 0.03      | 0.26      | 0.0       | 0.0       | 0.0       | 0.0       | 2.0

Per-generation breakdown (standing):
Generation 1     | 21.18     | 5.1       | 11.0      | 17.75     | 22.0      | 25.0      | 32.0
Generation 2     | 3.98      | 2.11      | 0.0       | 2.0       | 4.0       | 6.0       | 9.0
Generation 3     | 1.05      | 1.05      | 0.0       | 0.0       | 1.0       | 2.0       | 4.0
Generation 4     | 0.37      | 0.74      | 0.0       | 0.0       | 0.0       | 0.25      | 3.0
Generation 5     | 0.03      | 0.18      | 0.0       | 0.0       | 0.0       | 0.0       | 1.0
Generation 6     | 0.02      | 0.13      | 0.0       | 0.0       | 0.0       | 0.0       | 1.0
Generation 7     | 0.03      | 0.26      | 0.0       | 0.0       | 0.0       | 0.0       | 2.0
Generation 8     | 0.02      | 0.13      | 0.0       | 0.0       | 0.0       | 0.0       | 1.0


##############################
### Concert Day 59
##############################

--- Global Epidemic Metrics ---
Metric           | Mean      | Std       | Min       | P25       | Median    | P75       | Max
-----------------------------------------------------------------------------------------------
Total infected   | 405118.4  | 213.5     | 404514.0  | 404975.25 | 405118.5  | 405253.25 | 405749.0
Attack rate      | 93.23     | 0.05      | 93.09     | 93.2      | 93.23     | 93.26     | 93.37
R0               | 3.06      | 0.02      | 3.02      | 3.04      | 3.06      | 3.07      | 3.09
Infectious pop   | 100275.98 | 4689.23   | 86836.0   | 97399.25  | 100436.0  | 103664.0  | 108700.0

--- Sitting (occupation 1) ---
Metric           | Mean      | Std       | Min       | P25       | Median    | P75       | Max
-----------------------------------------------------------------------------------------------
Susceptible      | 88.65     | 8.6       | 68.0      | 82.0      | 89.0      | 95.0      | 104.0
Infectious       | 126.95    | 9.73      | 106.0     | 120.0     | 126.0     | 134.0     | 151.0
Exposed          | 35.83     | 6.36      | 22.0      | 31.75     | 36.0      | 39.0      | 54.0
Recovered        | 242.2     | 17.24     | 205.0     | 231.0     | 241.5     | 252.25    | 287.0
Dead             | 0.0       | 0.0       | 0.0       | 0.0       | 0.0       | 0.0       | 0.0
Same day other   | 6.37      | 2.69      | 2.0       | 5.0       | 6.0       | 8.0       | 15.0
Infected         | 17.78     | 4.88      | 10.0      | 14.75     | 17.0      | 21.0      | 31.0

Infection rate (sitting): 20.06%

Expected vs Observed (sitting):
Metric           | Mean      | Std       | Min       | P25       | Median    | P75       | Max
-----------------------------------------------------------------------------------------------
Expected         | 23.34     | 2.97      | 16.68     | 21.56     | 23.25     | 25.11     | 31.06
Std              | 4.14      | 0.24      | 3.55      | 3.98      | 4.15      | 4.29      | 4.65
Z-score          | -1.33     | 1.12      | -3.27     | -1.98     | -1.4      | -0.63     | 1.92

--- Standing (occupation 2) ---
Metric           | Mean      | Std       | Min       | P25       | Median    | P75       | Max
-----------------------------------------------------------------------------------------------
Susceptible      | 91.02     | 8.89      | 75.0      | 84.0      | 90.0      | 99.0      | 111.0
Infectious       | 126.08    | 8.83      | 103.0     | 120.0     | 126.0     | 132.0     | 142.0
Exposed          | 35.57     | 7.2       | 22.0      | 31.0      | 35.0      | 39.25     | 54.0
Recovered        | 240.82    | 15.31     | 206.0     | 230.0     | 242.0     | 250.25    | 275.0
Dead             | 0.0       | 0.0       | 0.0       | 0.0       | 0.0       | 0.0       | 0.0
Same day other   | 6.52      | 2.87      | 0.0       | 4.0       | 7.0       | 9.0       | 13.0
Infected         | 45.58     | 7.05      | 27.0      | 40.75     | 45.0      | 51.25     | 59.0

Infection rate (standing): 50.08%

Expected vs Observed (standing):
Metric           | Mean      | Std       | Min       | P25       | Median    | P75       | Max
-----------------------------------------------------------------------------------------------
Expected         | 54.29     | 5.79      | 42.61     | 49.73     | 53.79     | 59.13     | 66.48
Std              | 4.67      | 0.23      | 4.19      | 4.51      | 4.66      | 4.85      | 5.17
Z-score          | -1.86     | 0.92      | -4.13     | -2.45     | -1.82     | -1.1      | 0.09

Per-generation breakdown (sitting):
Generation 1     | 7.72      | 3.31      | 2.0       | 5.75      | 7.5       | 10.0      | 18.0
Generation 2     | 1.65      | 1.63      | 0.0       | 0.0       | 1.0       | 2.0       | 7.0
Generation 3     | 0.35      | 0.76      | 0.0       | 0.0       | 0.0       | 0.0       | 3.0
Generation 4     | 0.1       | 0.35      | 0.0       | 0.0       | 0.0       | 0.0       | 2.0
Generation 5     | 0.03      | 0.18      | 0.0       | 0.0       | 0.0       | 0.0       | 1.0

Per-generation breakdown (standing):
Generation 1     | 17.75     | 5.18      | 7.0       | 15.0      | 17.0      | 20.25     | 34.0
Generation 2     | 3.5       | 2.06      | 0.0       | 2.0       | 4.0       | 5.0       | 9.0
Generation 3     | 0.85      | 1.09      | 0.0       | 0.0       | 0.0       | 1.25      | 4.0
Generation 4     | 0.15      | 0.4       | 0.0       | 0.0       | 0.0       | 0.0       | 2.0
Generation 5     | 0.05      | 0.29      | 0.0       | 0.0       | 0.0       | 0.0       | 2.0
Generation 6     | 0.02      | 0.13      | 0.0       | 0.0       | 0.0       | 0.0       | 1.0


##############################
### Concert Day 60
##############################

--- Global Epidemic Metrics ---
Metric           | Mean      | Std       | Min       | P25       | Median    | P75       | Max
-----------------------------------------------------------------------------------------------
Total infected   | 405232.05 | 191.22    | 404850.0  | 405132.0  | 405261.5  | 405350.0  | 405766.0
Attack rate      | 93.25     | 0.04      | 93.17     | 93.23     | 93.26     | 93.28     | 93.38
R0               | 3.06      | 0.02      | 3.01      | 3.05      | 3.06      | 3.07      | 3.09
Infectious pop   | 94178.58  | 4870.02   | 84293.0   | 90834.25  | 94310.5   | 98146.5   | 104668.0

--- Sitting (occupation 1) ---
Metric           | Mean      | Std       | Min       | P25       | Median    | P75       | Max
-----------------------------------------------------------------------------------------------
Susceptible      | 82.93     | 9.03      | 64.0      | 77.0      | 82.0      | 91.0      | 102.0
Infectious       | 120.88    | 8.73      | 104.0     | 115.0     | 122.0     | 126.0     | 143.0
Exposed          | 31.02     | 5.96      | 17.0      | 27.75     | 30.5      | 34.25     | 45.0
Recovered        | 259.63    | 15.2      | 224.0     | 249.5     | 261.0     | 270.0     | 290.0
Dead             | 0.0       | 0.0       | 0.0       | 0.0       | 0.0       | 0.0       | 0.0
Same day other   | 5.53      | 2.26      | 1.0       | 4.0       | 5.0       | 7.0       | 11.0
Infected         | 15.83     | 4.1       | 7.0       | 13.0      | 16.0      | 18.0      | 26.0

Infection rate (sitting): 19.09%

Expected vs Observed (sitting):
Metric           | Mean      | Std       | Min       | P25       | Median    | P75       | Max
-----------------------------------------------------------------------------------------------
Expected         | 20.9      | 2.6       | 16.99     | 18.77     | 20.29     | 22.71     | 28.1
Std              | 3.94      | 0.23      | 3.54      | 3.77      | 3.91      | 4.15      | 4.51
Z-score          | -1.27     | 1.0       | -3.3      | -2.04     | -1.36     | -0.72     | 2.05

--- Standing (occupation 2) ---
Metric           | Mean      | Std       | Min       | P25       | Median    | P75       | Max
-----------------------------------------------------------------------------------------------
Susceptible      | 84.7      | 8.43      | 68.0      | 79.0      | 83.0      | 91.5      | 100.0
Infectious       | 123.52    | 8.7       | 103.0     | 117.0     | 124.5     | 129.0     | 144.0
Exposed          | 32.02     | 6.87      | 18.0      | 26.0      | 31.0      | 37.0      | 49.0
Recovered        | 254.5     | 14.5      | 225.0     | 245.0     | 255.5     | 264.0     | 284.0
Dead             | 0.0       | 0.0       | 0.0       | 0.0       | 0.0       | 0.0       | 0.0
Same day other   | 5.27      | 2.31      | 1.0       | 3.0       | 5.0       | 7.0       | 11.0
Infected         | 40.55     | 7.93      | 22.0      | 36.5      | 40.5      | 45.0      | 60.0

Infection rate (standing): 47.87%

Expected vs Observed (standing):
Metric           | Mean      | Std       | Min       | P25       | Median    | P75       | Max
-----------------------------------------------------------------------------------------------
Expected         | 49.88     | 5.4       | 40.47     | 45.63     | 49.29     | 54.8      | 61.41
Std              | 4.52      | 0.23      | 4.0       | 4.34      | 4.5       | 4.72      | 4.92
Z-score          | -2.08     | 1.05      | -4.42     | -3.0      | -2.13     | -1.37     | 0.13

Per-generation breakdown (sitting):
Generation 1     | 6.88      | 3.29      | 1.0       | 4.0       | 6.0       | 9.25      | 13.0
Generation 2     | 1.43      | 1.17      | 0.0       | 0.75      | 1.0       | 2.0       | 5.0
Generation 3     | 0.48      | 0.85      | 0.0       | 0.0       | 0.0       | 1.0       | 3.0
Generation 4     | 0.08      | 0.33      | 0.0       | 0.0       | 0.0       | 0.0       | 2.0
Generation 5     | 0.02      | 0.13      | 0.0       | 0.0       | 0.0       | 0.0       | 1.0

Per-generation breakdown (standing):
Generation 1     | 17.22     | 4.72      | 9.0       | 14.0      | 16.5      | 19.0      | 34.0
Generation 2     | 3.33      | 2.1       | 0.0       | 2.0       | 3.0       | 5.0       | 9.0
Generation 3     | 1.05      | 1.37      | 0.0       | 0.0       | 1.0       | 1.25      | 7.0
Generation 4     | 0.25      | 0.63      | 0.0       | 0.0       | 0.0       | 0.0       | 3.0
Generation 5     | 0.03      | 0.18      | 0.0       | 0.0       | 0.0       | 0.0       | 1.0


##############################
### Concert Day 61
##############################

--- Global Epidemic Metrics ---
Metric           | Mean      | Std       | Min       | P25       | Median    | P75       | Max
-----------------------------------------------------------------------------------------------
Total infected   | 405148.75 | 204.75    | 404613.0  | 405036.75 | 405138.5  | 405274.5  | 405596.0
Attack rate      | 93.24     | 0.05      | 93.11     | 93.21     | 93.23     | 93.26     | 93.34
R0               | 3.06      | 0.01      | 3.03      | 3.05      | 3.06      | 3.07      | 3.1
Infectious pop   | 88173.52  | 4269.33   | 78975.0   | 84830.5   | 87881.5   | 90279.5   | 99874.0

--- Sitting (occupation 1) ---
Metric           | Mean      | Std       | Min       | P25       | Median    | P75       | Max
-----------------------------------------------------------------------------------------------
Susceptible      | 78.78     | 8.0       | 65.0      | 73.0      | 79.0      | 84.0      | 99.0
Infectious       | 116.65    | 7.4       | 100.0     | 112.0     | 117.0     | 122.25    | 133.0
Exposed          | 27.07     | 5.48      | 12.0      | 23.0      | 28.0      | 31.0      | 40.0
Recovered        | 273.35    | 13.39     | 243.0     | 264.75    | 272.0     | 284.25    | 303.0
Dead             | 0.0       | 0.0       | 0.0       | 0.0       | 0.0       | 0.0       | 0.0
Same day other   | 4.15      | 2.11      | 0.0       | 2.75      | 4.0       | 5.25      | 10.0
Infected         | 13.22     | 3.76      | 4.0       | 10.75     | 13.0      | 15.0      | 26.0

Infection rate (sitting): 16.78%

Expected vs Observed (sitting):
Metric           | Mean      | Std       | Min       | P25       | Median    | P75       | Max
-----------------------------------------------------------------------------------------------
Expected         | 19.27     | 2.28      | 15.66     | 17.32     | 19.2      | 20.76     | 24.46
Std              | 3.81      | 0.21      | 3.47      | 3.65      | 3.82      | 3.93      | 4.29
Z-score          | -1.59     | 0.85      | -3.92     | -1.94     | -1.53     | -1.04     | 0.74

--- Standing (occupation 2) ---
Metric           | Mean      | Std       | Min       | P25       | Median    | P75       | Max
-----------------------------------------------------------------------------------------------
Susceptible      | 79.17     | 7.37      | 64.0      | 73.75     | 78.5      | 85.0      | 92.0
Infectious       | 117.68    | 9.89      | 94.0      | 111.0     | 118.0     | 125.0     | 140.0
Exposed          | 27.9      | 5.44      | 16.0      | 24.0      | 28.0      | 32.0      | 42.0
Recovered        | 271.03    | 11.66     | 244.0     | 265.75    | 271.0     | 278.25    | 298.0
Dead             | 0.0       | 0.0       | 0.0       | 0.0       | 0.0       | 0.0       | 0.0
Same day other   | 4.22      | 2.08      | 1.0       | 3.0       | 4.0       | 6.0       | 11.0
Infected         | 35.33     | 7.02      | 19.0      | 30.75     | 36.0      | 39.25     | 57.0

Infection rate (standing): 44.63%

Expected vs Observed (standing):
Metric           | Mean      | Std       | Min       | P25       | Median    | P75       | Max
-----------------------------------------------------------------------------------------------
Expected         | 45.14     | 4.18      | 36.12     | 42.15     | 45.66     | 47.43     | 55.2
Std              | 4.39      | 0.22      | 3.89      | 4.22      | 4.36      | 4.58      | 4.79
Z-score          | -2.25     | 1.25      | -5.07     | -3.14     | -2.35     | -1.2      | 0.44

Per-generation breakdown (sitting):
Generation 1     | 5.72      | 2.86      | 2.0       | 4.0       | 5.0       | 7.0       | 14.0
Generation 2     | 0.87      | 1.14      | 0.0       | 0.0       | 1.0       | 1.0       | 5.0
Generation 3     | 0.3       | 0.67      | 0.0       | 0.0       | 0.0       | 0.0       | 3.0
Generation 4     | 0.05      | 0.22      | 0.0       | 0.0       | 0.0       | 0.0       | 1.0

Per-generation breakdown (standing):
Generation 1     | 14.75     | 4.44      | 7.0       | 11.75     | 14.0      | 18.0      | 30.0
Generation 2     | 2.98      | 1.85      | 0.0       | 2.0       | 3.0       | 4.0       | 8.0
Generation 3     | 0.7       | 0.93      | 0.0       | 0.0       | 0.0       | 1.0       | 4.0
Generation 4     | 0.1       | 0.3       | 0.0       | 0.0       | 0.0       | 0.0       | 1.0


##############################
### Concert Day 62
##############################

--- Global Epidemic Metrics ---
Metric           | Mean      | Std       | Min       | P25       | Median    | P75       | Max
-----------------------------------------------------------------------------------------------
Total infected   | 405164.37 | 187.31    | 404775.0  | 405015.0  | 405170.0  | 405294.25 | 405525.0
Attack rate      | 93.24     | 0.04      | 93.15     | 93.2      | 93.24     | 93.27     | 93.32
R0               | 3.06      | 0.02      | 3.02      | 3.04      | 3.06      | 3.07      | 3.09
Infectious pop   | 82041.08  | 4366.59   | 73880.0   | 78974.25  | 81475.5   | 84753.5   | 96776.0

--- Sitting (occupation 1) ---
Metric           | Mean      | Std       | Min       | P25       | Median    | P75       | Max
-----------------------------------------------------------------------------------------------
Susceptible      | 74.62     | 7.9       | 57.0      | 69.0      | 74.0      | 78.25     | 94.0
Infectious       | 111.37    | 9.56      | 91.0      | 104.0     | 111.5     | 117.25    | 136.0
Exposed          | 24.13     | 6.03      | 16.0      | 19.0      | 22.5      | 29.25     | 38.0
Recovered        | 285.95    | 14.15     | 237.0     | 278.75    | 287.0     | 295.0     | 313.0
Dead             | 0.0       | 0.0       | 0.0       | 0.0       | 0.0       | 0.0       | 0.0
Same day other   | 3.93      | 2.07      | 0.0       | 2.75      | 4.0       | 5.0       | 9.0
Infected         | 11.95     | 3.82      | 3.0       | 9.0       | 11.5      | 14.0      | 21.0

Infection rate (sitting): 16.02%

Expected vs Observed (sitting):
Metric           | Mean      | Std       | Min       | P25       | Median    | P75       | Max
-----------------------------------------------------------------------------------------------
Expected         | 17.51     | 2.26      | 12.83     | 15.95     | 17.31     | 18.69     | 25.23
Std              | 3.65      | 0.21      | 3.15      | 3.52      | 3.63      | 3.77      | 4.27
Z-score          | -1.52     | 0.88      | -3.65     | -2.21     | -1.37     | -0.96     | 0.35

--- Standing (occupation 2) ---
Metric           | Mean      | Std       | Min       | P25       | Median    | P75       | Max
-----------------------------------------------------------------------------------------------
Susceptible      | 75.4      | 9.54      | 53.0      | 69.0      | 74.0      | 81.0      | 96.0
Infectious       | 113.4     | 10.5      | 91.0      | 105.0     | 113.5     | 122.25    | 136.0
Exposed          | 22.63     | 5.85      | 10.0      | 20.0      | 22.5      | 26.0      | 38.0
Recovered        | 284.72    | 14.13     | 246.0     | 277.0     | 285.5     | 295.0     | 324.0
Dead             | 0.0       | 0.0       | 0.0       | 0.0       | 0.0       | 0.0       | 0.0
Same day other   | 3.85      | 1.75      | 1.0       | 2.0       | 4.0       | 5.0       | 8.0
Infected         | 30.97     | 6.5       | 19.0      | 27.0      | 30.0      | 35.25     | 48.0

Infection rate (standing): 41.07%

Expected vs Observed (standing):
Metric           | Mean      | Std       | Min       | P25       | Median    | P75       | Max
-----------------------------------------------------------------------------------------------
Expected         | 41.94     | 5.19      | 30.81     | 38.7      | 41.88     | 45.62     | 57.6
Std              | 4.3       | 0.28      | 3.52      | 4.12      | 4.26      | 4.49      | 4.82
Z-score          | -2.56     | 1.19      | -4.99     | -3.19     | -2.61     | -1.83     | -0.34

Per-generation breakdown (sitting):
Generation 1     | 5.22      | 2.65      | 0.0       | 3.0       | 5.0       | 7.0       | 11.0
Generation 2     | 0.88      | 0.94      | 0.0       | 0.0       | 1.0       | 1.0       | 3.0
Generation 3     | 0.22      | 0.52      | 0.0       | 0.0       | 0.0       | 0.0       | 2.0
Generation 4     | 0.1       | 0.4       | 0.0       | 0.0       | 0.0       | 0.0       | 2.0

Per-generation breakdown (standing):
Generation 1     | 13.32     | 4.75      | 5.0       | 10.0      | 12.5      | 17.25     | 25.0
Generation 2     | 2.6       | 1.86      | 0.0       | 1.0       | 2.0       | 4.0       | 8.0
Generation 3     | 0.63      | 0.84      | 0.0       | 0.0       | 0.0       | 1.0       | 3.0
Generation 4     | 0.13      | 0.34      | 0.0       | 0.0       | 0.0       | 0.0       | 1.0
Generation 5     | 0.02      | 0.13      | 0.0       | 0.0       | 0.0       | 0.0       | 1.0


##############################
### Concert Day 63
##############################

--- Global Epidemic Metrics ---
Metric           | Mean      | Std       | Min       | P25       | Median    | P75       | Max
-----------------------------------------------------------------------------------------------
Total infected   | 405093.38 | 186.75    | 404685.0  | 404970.75 | 405108.5  | 405220.0  | 405650.0
Attack rate      | 93.22     | 0.04      | 93.13     | 93.19     | 93.23     | 93.25     | 93.35
R0               | 3.05      | 0.02      | 3.01      | 3.04      | 3.05      | 3.06      | 3.09
Infectious pop   | 77396.25  | 5341.56   | 64848.0   | 73781.0   | 76590.5   | 80509.25  | 93449.0

--- Sitting (occupation 1) ---
Metric           | Mean      | Std       | Min       | P25       | Median    | P75       | Max
-----------------------------------------------------------------------------------------------
Susceptible      | 72.75     | 7.86      | 54.0      | 67.0      | 73.0      | 77.0      | 95.0
Infectious       | 111.88    | 10.65     | 86.0      | 106.0     | 112.0     | 120.25    | 130.0
Exposed          | 19.6      | 5.14      | 8.0       | 16.0      | 19.5      | 22.0      | 35.0
Recovered        | 292.2     | 16.01     | 243.0     | 284.75    | 292.5     | 303.25    | 330.0
Dead             | 0.0       | 0.0       | 0.0       | 0.0       | 0.0       | 0.0       | 0.0
Same day other   | 3.57      | 1.89      | 0.0       | 2.0       | 3.0       | 5.0       | 8.0
Infected         | 11.75     | 4.18      | 4.0       | 9.0       | 12.0      | 14.0      | 22.0

Infection rate (sitting): 16.15%

Expected vs Observed (sitting):
Metric           | Mean      | Std       | Min       | P25       | Median    | P75       | Max
-----------------------------------------------------------------------------------------------
Expected         | 17.15     | 2.42      | 11.75     | 15.57     | 16.85     | 18.57     | 23.89
Std              | 3.61      | 0.23      | 3.03      | 3.48      | 3.6       | 3.76      | 4.21
Z-score          | -1.5      | 0.98      | -3.78     | -2.05     | -1.47     | -0.84     | 0.91

--- Standing (occupation 2) ---
Metric           | Mean      | Std       | Min       | P25       | Median    | P75       | Max
-----------------------------------------------------------------------------------------------
Susceptible      | 73.37     | 8.32      | 53.0      | 68.0      | 72.0      | 78.25     | 93.0
Infectious       | 108.98    | 9.22      | 87.0      | 103.75    | 109.0     | 115.0     | 128.0
Exposed          | 20.82     | 4.9       | 13.0      | 17.75     | 20.5      | 23.0      | 37.0
Recovered        | 293.38    | 13.48     | 256.0     | 285.25    | 295.0     | 303.0     | 321.0
Dead             | 0.0       | 0.0       | 0.0       | 0.0       | 0.0       | 0.0       | 0.0
Same day other   | 3.45      | 1.89      | 0.0       | 2.0       | 3.0       | 5.0       | 9.0
Infected         | 28.37     | 6.14      | 16.0      | 25.0      | 27.0      | 32.0      | 47.0

Infection rate (standing): 38.66%

Expected vs Observed (standing):
Metric           | Mean      | Std       | Min       | P25       | Median    | P75       | Max
-----------------------------------------------------------------------------------------------
Expected         | 39.83     | 4.7       | 30.21     | 36.43     | 39.37     | 43.03     | 51.55
Std              | 4.25      | 0.25      | 3.6       | 4.11      | 4.24      | 4.39      | 4.81
Z-score          | -2.69     | 1.12      | -5.19     | -3.55     | -2.8      | -1.78     | -0.04

Per-generation breakdown (sitting):
Generation 1     | 4.62      | 2.38      | 0.0       | 3.0       | 5.0       | 6.0       | 11.0
Generation 2     | 0.82      | 1.0       | 0.0       | 0.0       | 0.0       | 1.25      | 3.0
Generation 3     | 0.17      | 0.46      | 0.0       | 0.0       | 0.0       | 0.0       | 2.0
Generation 4     | 0.03      | 0.26      | 0.0       | 0.0       | 0.0       | 0.0       | 2.0
Generation 5     | 0.02      | 0.13      | 0.0       | 0.0       | 0.0       | 0.0       | 1.0

Per-generation breakdown (standing):
Generation 1     | 10.87     | 3.59      | 5.0       | 9.0       | 10.0      | 13.25     | 23.0
Generation 2     | 2.18      | 1.77      | 0.0       | 1.0       | 2.0       | 3.0       | 7.0
Generation 3     | 0.45      | 0.65      | 0.0       | 0.0       | 0.0       | 1.0       | 2.0
Generation 4     | 0.05      | 0.29      | 0.0       | 0.0       | 0.0       | 0.0       | 2.0


##############################
### Concert Day 64
##############################

--- Global Epidemic Metrics ---
Metric           | Mean      | Std       | Min       | P25       | Median    | P75       | Max
-----------------------------------------------------------------------------------------------
Total infected   | 405150.45 | 187.39    | 404670.0  | 405040.5  | 405147.5  | 405256.25 | 405584.0
Attack rate      | 93.24     | 0.04      | 93.13     | 93.21     | 93.23     | 93.26     | 93.34
R0               | 3.05      | 0.02      | 3.02      | 3.04      | 3.05      | 3.06      | 3.09
Infectious pop   | 70985.83  | 4589.03   | 62760.0   | 67732.0   | 69352.0   | 73651.25  | 83484.0

--- Sitting (occupation 1) ---
Metric           | Mean      | Std       | Min       | P25       | Median    | P75       | Max
-----------------------------------------------------------------------------------------------
Susceptible      | 70.32     | 6.72      | 57.0      | 65.75     | 71.0      | 75.0      | 82.0
Infectious       | 102.52    | 9.34      | 86.0      | 96.0      | 103.5     | 106.0     | 125.0
Exposed          | 17.08     | 4.76      | 8.0       | 13.0      | 17.5      | 20.0      | 29.0
Recovered        | 306.98    | 12.4      | 281.0     | 299.75    | 306.0     | 315.0     | 336.0
Dead             | 0.0       | 0.0       | 0.0       | 0.0       | 0.0       | 0.0       | 0.0
Same day other   | 3.1       | 1.84      | 0.0       | 2.0       | 3.0       | 4.0       | 8.0
Infected         | 9.52      | 2.87      | 4.0       | 8.0       | 9.0       | 11.25     | 16.0

Infection rate (sitting): 13.53%

Expected vs Observed (sitting):
Metric           | Mean      | Std       | Min       | P25       | Median    | P75       | Max
-----------------------------------------------------------------------------------------------
Expected         | 15.33     | 1.74      | 11.21     | 14.17     | 15.46     | 16.61     | 19.21
Std              | 3.45      | 0.18      | 3.02      | 3.34      | 3.47      | 3.58      | 3.77
Z-score          | -1.67     | 0.8       | -3.36     | -2.17     | -1.7      | -1.21     | 0.34

--- Standing (occupation 2) ---
Metric           | Mean      | Std       | Min       | P25       | Median    | P75       | Max
-----------------------------------------------------------------------------------------------
Susceptible      | 70.62     | 9.17      | 51.0      | 64.75     | 72.0      | 75.0      | 102.0
Infectious       | 104.23    | 8.69      | 83.0      | 98.0      | 103.0     | 109.0     | 122.0
Exposed          | 17.42     | 5.11      | 8.0       | 14.0      | 17.0      | 20.0      | 29.0
Recovered        | 304.92    | 13.43     | 272.0     | 297.75    | 307.0     | 314.0     | 338.0
Dead             | 0.0       | 0.0       | 0.0       | 0.0       | 0.0       | 0.0       | 0.0
Same day other   | 2.82      | 2.24      | 0.0       | 1.0       | 2.0       | 4.0       | 8.0
Infected         | 25.15     | 5.48      | 11.0      | 22.0      | 25.5      | 29.0      | 37.0

Infection rate (standing): 35.61%

Expected vs Observed (standing):
Metric           | Mean      | Std       | Min       | P25       | Median    | P75       | Max
-----------------------------------------------------------------------------------------------
Expected         | 37.21     | 4.9       | 24.36     | 33.19     | 37.0      | 39.89     | 51.58
Std              | 4.18      | 0.27      | 3.57      | 4.0       | 4.23      | 4.31      | 5.05
Z-score          | -2.89     | 0.94      | -4.87     | -3.56     | -2.81     | -2.32     | -0.97

Per-generation breakdown (sitting):
Generation 1     | 3.82      | 1.97      | 0.0       | 2.75      | 4.0       | 5.0       | 9.0
Generation 2     | 0.43      | 0.72      | 0.0       | 0.0       | 0.0       | 1.0       | 3.0
Generation 3     | 0.15      | 0.52      | 0.0       | 0.0       | 0.0       | 0.0       | 3.0
Generation 4     | 0.08      | 0.28      | 0.0       | 0.0       | 0.0       | 0.0       | 1.0

Per-generation breakdown (standing):
Generation 1     | 10.62     | 3.3       | 3.0       | 8.0       | 10.0      | 13.0      | 18.0
Generation 2     | 1.72      | 1.7       | 0.0       | 1.0       | 1.0       | 3.0       | 7.0
Generation 3     | 0.42      | 0.79      | 0.0       | 0.0       | 0.0       | 1.0       | 4.0
Generation 4     | 0.23      | 0.91      | 0.0       | 0.0       | 0.0       | 0.0       | 5.0
Generation 5     | 0.07      | 0.41      | 0.0       | 0.0       | 0.0       | 0.0       | 3.0
Generation 6     | 0.02      | 0.13      | 0.0       | 0.0       | 0.0       | 0.0       | 1.0


##############################
### Concert Day 65
##############################

--- Global Epidemic Metrics ---
Metric           | Mean      | Std       | Min       | P25       | Median    | P75       | Max
-----------------------------------------------------------------------------------------------
Total infected   | 405188.88 | 203.83    | 404866.0  | 405040.75 | 405212.5  | 405299.25 | 405749.0
Attack rate      | 93.24     | 0.05      | 93.17     | 93.21     | 93.25     | 93.27     | 93.37
R0               | 3.05      | 0.02      | 3.01      | 3.04      | 3.05      | 3.07      | 3.1
Infectious pop   | 66292.37  | 4138.21   | 57925.0   | 63629.5   | 66214.5   | 68549.75  | 77524.0

--- Sitting (occupation 1) ---
Metric           | Mean      | Std       | Min       | P25       | Median    | P75       | Max
-----------------------------------------------------------------------------------------------
Susceptible      | 66.62     | 7.86      | 47.0      | 61.0      | 67.0      | 72.25     | 81.0
Infectious       | 98.63     | 8.65      | 82.0      | 93.0      | 97.0      | 102.5     | 123.0
Exposed          | 14.17     | 3.98      | 7.0       | 10.75     | 14.0      | 17.25     | 23.0
Recovered        | 318.23    | 9.77      | 292.0     | 312.75    | 319.0     | 324.0     | 338.0
Dead             | 0.0       | 0.0       | 0.0       | 0.0       | 0.0       | 0.0       | 0.0
Same day other   | 2.35      | 1.59      | 0.0       | 1.0       | 2.0       | 3.0       | 8.0
Infected         | 7.63      | 3.24      | 2.0       | 6.0       | 7.0       | 9.0       | 15.0

Infection rate (sitting): 11.46%

Expected vs Observed (sitting):
Metric           | Mean      | Std       | Min       | P25       | Median    | P75       | Max
-----------------------------------------------------------------------------------------------
Expected         | 14.0      | 1.57      | 10.92     | 12.9      | 14.13     | 15.22     | 17.34
Std              | 3.32      | 0.18      | 2.9       | 3.18      | 3.33      | 3.45      | 3.64
Z-score          | -1.93     | 0.83      | -3.69     | -2.38     | -1.93     | -1.45     | -0.11

--- Standing (occupation 2) ---
Metric           | Mean      | Std       | Min       | P25       | Median    | P75       | Max
-----------------------------------------------------------------------------------------------
Susceptible      | 67.1      | 7.36      | 49.0      | 61.0      | 68.0      | 72.0      | 86.0
Infectious       | 100.07    | 9.64      | 69.0      | 94.0      | 98.5      | 108.0     | 119.0
Exposed          | 15.2      | 3.7       | 9.0       | 12.75     | 15.0      | 18.0      | 24.0
Recovered        | 315.1     | 12.03     | 286.0     | 307.75    | 317.0     | 324.0     | 348.0
Dead             | 0.0       | 0.0       | 0.0       | 0.0       | 0.0       | 0.0       | 0.0
Same day other   | 2.53      | 1.6       | 0.0       | 1.0       | 2.0       | 4.0       | 6.0
Infected         | 23.52     | 5.44      | 14.0      | 20.0      | 23.0      | 27.25     | 37.0

Infection rate (standing): 35.05%

Expected vs Observed (standing):
Metric           | Mean      | Std       | Min       | P25       | Median    | P75       | Max
-----------------------------------------------------------------------------------------------
Expected         | 34.38     | 4.11      | 27.06     | 30.98     | 33.66     | 37.69     | 42.75
Std              | 4.08      | 0.23      | 3.48      | 3.9       | 4.1       | 4.23      | 4.63
Z-score          | -2.65     | 1.06      | -4.82     | -3.36     | -2.87     | -2.01     | -0.05

Per-generation breakdown (sitting):
Generation 1     | 3.23      | 2.62      | 0.0       | 1.0       | 3.0       | 5.0       | 13.0
Generation 2     | 0.65      | 1.07      | 0.0       | 0.0       | 0.0       | 1.0       | 4.0
Generation 3     | 0.13      | 0.39      | 0.0       | 0.0       | 0.0       | 0.0       | 2.0

Per-generation breakdown (standing):
Generation 1     | 9.18      | 3.61      | 2.0       | 6.0       | 9.5       | 12.0      | 16.0
Generation 2     | 1.85      | 1.54      | 0.0       | 1.0       | 2.0       | 2.25      | 6.0
Generation 3     | 0.53      | 0.7       | 0.0       | 0.0       | 0.0       | 1.0       | 3.0
Generation 4     | 0.1       | 0.35      | 0.0       | 0.0       | 0.0       | 0.0       | 2.0
Generation 5     | 0.03      | 0.18      | 0.0       | 0.0       | 0.0       | 0.0       | 1.0


##############################
### Concert Day 66
##############################

--- Global Epidemic Metrics ---
Metric           | Mean      | Std       | Min       | P25       | Median    | P75       | Max
-----------------------------------------------------------------------------------------------
Total infected   | 405145.62 | 247.68    | 404534.0  | 404979.5  | 405192.0  | 405317.25 | 405760.0
Attack rate      | 93.23     | 0.06      | 93.09     | 93.2      | 93.25     | 93.27     | 93.38
R0               | 3.06      | 0.01      | 3.03      | 3.04      | 3.05      | 3.06      | 3.09
Infectious pop   | 60644.1   | 3778.04   | 52811.0   | 57937.0   | 60509.0   | 62896.5   | 70381.0

--- Sitting (occupation 1) ---
Metric           | Mean      | Std       | Min       | P25       | Median    | P75       | Max
-----------------------------------------------------------------------------------------------
Susceptible      | 64.65     | 6.31      | 51.0      | 61.0      | 65.5      | 68.0      | 80.0
Infectious       | 94.17     | 8.38      | 78.0      | 88.0      | 95.0      | 100.0     | 113.0
Exposed          | 12.32     | 3.63      | 4.0       | 10.0      | 12.0      | 15.0      | 21.0
Recovered        | 326.93    | 10.09     | 298.0     | 321.5     | 328.0     | 334.25    | 347.0
Dead             | 0.0       | 0.0       | 0.0       | 0.0       | 0.0       | 0.0       | 0.0
Same day other   | 1.93      | 1.21      | 0.0       | 1.0       | 2.0       | 3.0       | 7.0
Infected         | 7.58      | 2.76      | 3.0       | 6.0       | 7.0       | 9.0       | 16.0

Infection rate (sitting): 11.73%

Expected vs Observed (sitting):
Metric           | Mean      | Std       | Min       | P25       | Median    | P75       | Max
-----------------------------------------------------------------------------------------------
Expected         | 13.09     | 1.67      | 9.93      | 12.06     | 12.83     | 14.06     | 18.45
Std              | 3.22      | 0.18      | 2.83      | 3.11      | 3.21      | 3.33      | 3.77
Z-score          | -1.7      | 0.77      | -3.15     | -2.13     | -1.84     | -1.3      | 1.0

--- Standing (occupation 2) ---
Metric           | Mean      | Std       | Min       | P25       | Median    | P75       | Max
-----------------------------------------------------------------------------------------------
Susceptible      | 66.67     | 6.77      | 51.0      | 63.0      | 67.5      | 70.25     | 83.0
Infectious       | 93.43     | 9.62      | 71.0      | 86.0      | 93.5      | 101.0     | 112.0
Exposed          | 12.45     | 4.07      | 2.0       | 10.0      | 12.0      | 15.0      | 23.0
Recovered        | 325.5     | 13.64     | 290.0     | 316.75    | 323.0     | 336.25    | 352.0
Dead             | 0.0       | 0.0       | 0.0       | 0.0       | 0.0       | 0.0       | 0.0
Same day other   | 1.95      | 1.58      | 0.0       | 1.0       | 2.0       | 3.0       | 6.0
Infected         | 20.58     | 5.55      | 9.0       | 16.0      | 20.5      | 24.25     | 33.0

Infection rate (standing): 30.87%

Expected vs Observed (standing):
Metric           | Mean      | Std       | Min       | P25       | Median    | P75       | Max
-----------------------------------------------------------------------------------------------
Expected         | 32.62     | 4.23      | 23.77     | 30.01     | 32.89     | 34.93     | 45.45
Std              | 4.07      | 0.21      | 3.56      | 3.96      | 4.1       | 4.19      | 4.55
Z-score          | -2.96     | 1.01      | -5.4      | -3.64     | -3.04     | -2.21     | -0.71

Per-generation breakdown (sitting):
Generation 1     | 2.88      | 1.81      | 0.0       | 2.0       | 3.0       | 4.0       | 11.0
Generation 2     | 0.48      | 0.81      | 0.0       | 0.0       | 0.0       | 1.0       | 4.0
Generation 3     | 0.13      | 0.43      | 0.0       | 0.0       | 0.0       | 0.0       | 2.0
Generation 4     | 0.02      | 0.13      | 0.0       | 0.0       | 0.0       | 0.0       | 1.0

Per-generation breakdown (standing):
Generation 1     | 8.45      | 3.59      | 1.0       | 5.75      | 8.0       | 11.0      | 17.0
Generation 2     | 1.73      | 1.53      | 0.0       | 1.0       | 2.0       | 2.25      | 8.0
Generation 3     | 0.38      | 0.67      | 0.0       | 0.0       | 0.0       | 1.0       | 3.0
Generation 4     | 0.08      | 0.28      | 0.0       | 0.0       | 0.0       | 0.0       | 1.0
Generation 5     | 0.03      | 0.18      | 0.0       | 0.0       | 0.0       | 0.0       | 1.0


##############################
### Concert Day 67
##############################

--- Global Epidemic Metrics ---
Metric           | Mean      | Std       | Min       | P25       | Median    | P75       | Max
-----------------------------------------------------------------------------------------------
Total infected   | 405061.33 | 178.34    | 404573.0  | 404944.5  | 405053.0  | 405189.25 | 405463.0
Attack rate      | 93.22     | 0.04      | 93.1      | 93.19     | 93.21     | 93.24     | 93.31
R0               | 3.06      | 0.02      | 3.01      | 3.04      | 3.06      | 3.07      | 3.08
Infectious pop   | 56495.98  | 3370.77   | 48867.0   | 54241.75  | 56417.0   | 58486.0   | 65890.0

--- Sitting (occupation 1) ---
Metric           | Mean      | Std       | Min       | P25       | Median    | P75       | Max
-----------------------------------------------------------------------------------------------
Susceptible      | 64.22     | 6.47      | 49.0      | 60.75     | 65.0      | 68.0      | 80.0
Infectious       | 91.68     | 7.16      | 79.0      | 86.75     | 91.5      | 96.25     | 107.0
Exposed          | 9.37      | 3.41      | 3.0       | 7.0       | 9.0       | 12.0      | 19.0
Recovered        | 333.22    | 10.19     | 312.0     | 327.5     | 332.0     | 340.0     | 353.0
Dead             | 0.0       | 0.0       | 0.0       | 0.0       | 0.0       | 0.0       | 0.0
Same day other   | 1.52      | 1.26      | 0.0       | 0.0       | 2.0       | 2.0       | 5.0
Infected         | 6.12      | 2.51      | 1.0       | 4.0       | 6.0       | 7.25      | 12.0

Infection rate (sitting): 9.53%

Expected vs Observed (sitting):
Metric           | Mean      | Std       | Min       | P25       | Median    | P75       | Max
-----------------------------------------------------------------------------------------------
Expected         | 12.69     | 1.47      | 9.83      | 11.72     | 12.91     | 13.74     | 16.17
Std              | 3.18      | 0.17      | 2.81      | 3.05      | 3.2       | 3.31      | 3.58
Z-score          | -2.06     | 0.73      | -3.51     | -2.54     | -2.08     | -1.52     | -0.63

--- Standing (occupation 2) ---
Metric           | Mean      | Std       | Min       | P25       | Median    | P75       | Max
-----------------------------------------------------------------------------------------------
Susceptible      | 63.32     | 7.71      | 49.0      | 59.0      | 62.0      | 69.0      | 80.0
Infectious       | 90.57     | 7.69      | 74.0      | 86.5      | 91.5      | 95.25     | 108.0
Exposed          | 10.0      | 3.51      | 3.0       | 7.75      | 10.0      | 12.25     | 18.0
Recovered        | 334.47    | 11.33     | 309.0     | 328.75    | 333.5     | 341.25    | 358.0
Dead             | 0.0       | 0.0       | 0.0       | 0.0       | 0.0       | 0.0       | 0.0
Same day other   | 1.65      | 1.48      | 0.0       | 0.0       | 1.0       | 3.0       | 6.0
Infected         | 17.15     | 4.32      | 8.0       | 14.0      | 17.0      | 20.0      | 29.0

Infection rate (standing): 27.09%

Expected vs Observed (standing):
Metric           | Mean      | Std       | Min       | P25       | Median    | P75       | Max
-----------------------------------------------------------------------------------------------
Expected         | 30.3      | 3.95      | 22.84     | 27.06     | 29.86     | 32.81     | 39.98
Std              | 3.96      | 0.24      | 3.49      | 3.81      | 3.93      | 4.15      | 4.47
Z-score          | -3.29     | 1.14      | -5.41     | -4.06     | -3.55     | -2.29     | -0.65

Per-generation breakdown (sitting):
Generation 1     | 2.58      | 2.07      | 0.0       | 1.0       | 2.0       | 4.0       | 8.0
Generation 2     | 0.37      | 0.66      | 0.0       | 0.0       | 0.0       | 1.0       | 3.0
Generation 3     | 0.07      | 0.25      | 0.0       | 0.0       | 0.0       | 0.0       | 1.0

Per-generation breakdown (standing):
Generation 1     | 7.15      | 2.75      | 1.0       | 5.0       | 7.0       | 9.0       | 14.0
Generation 2     | 1.17      | 0.99      | 0.0       | 0.0       | 1.0       | 2.0       | 4.0
Generation 3     | 0.23      | 0.53      | 0.0       | 0.0       | 0.0       | 0.0       | 2.0
Generation 4     | 0.02      | 0.13      | 0.0       | 0.0       | 0.0       | 0.0       | 1.0


##############################
### Concert Day 68
##############################

--- Global Epidemic Metrics ---
Metric           | Mean      | Std       | Min       | P25       | Median    | P75       | Max
-----------------------------------------------------------------------------------------------
Total infected   | 405102.8  | 180.28    | 404785.0  | 404959.0  | 405103.0  | 405218.25 | 405636.0
Attack rate      | 93.22     | 0.04      | 93.15     | 93.19     | 93.22     | 93.25     | 93.35
R0               | 3.05      | 0.02      | 3.03      | 3.04      | 3.05      | 3.06      | 3.09
Infectious pop   | 52650.97  | 2928.47   | 45745.0   | 50441.0   | 52442.5   | 54840.75  | 60770.0

--- Sitting (occupation 1) ---
Metric           | Mean      | Std       | Min       | P25       | Median    | P75       | Max
-----------------------------------------------------------------------------------------------
Susceptible      | 61.73     | 7.32      | 44.0      | 57.75     | 61.5      | 67.0      | 77.0
Infectious       | 87.9      | 9.5       | 67.0      | 79.0      | 90.5      | 95.0      | 104.0
Exposed          | 8.75      | 3.24      | 2.0       | 6.0       | 9.0       | 11.0      | 17.0
Recovered        | 340.3     | 10.67     | 318.0     | 333.5     | 339.5     | 350.0     | 360.0
Dead             | 0.0       | 0.0       | 0.0       | 0.0       | 0.0       | 0.0       | 0.0
Same day other   | 1.32      | 1.27      | 0.0       | 0.0       | 1.0       | 2.0       | 5.0
Infected         | 5.57      | 2.03      | 2.0       | 4.0       | 5.0       | 7.0       | 11.0

Infection rate (sitting): 9.02%

Expected vs Observed (sitting):
Metric           | Mean      | Std       | Min       | P25       | Median    | P75       | Max
-----------------------------------------------------------------------------------------------
Expected         | 11.71     | 1.57      | 9.14      | 10.41     | 11.51     | 12.67     | 15.31
Std              | 3.07      | 0.19      | 2.72      | 2.94      | 3.08      | 3.19      | 3.49
Z-score          | -2.0      | 0.59      | -3.37     | -2.4      | -2.1      | -1.58     | -0.11

--- Standing (occupation 2) ---
Metric           | Mean      | Std       | Min       | P25       | Median    | P75       | Max
-----------------------------------------------------------------------------------------------
Susceptible      | 62.15     | 7.25      | 50.0      | 56.0      | 62.0      | 67.25     | 79.0
Infectious       | 84.28     | 7.08      | 69.0      | 78.0      | 85.0      | 89.0      | 99.0
Exposed          | 9.48      | 3.21      | 3.0       | 8.0       | 9.0       | 11.0      | 22.0
Recovered        | 342.6     | 10.64     | 319.0     | 336.0     | 343.0     | 349.5     | 368.0
Dead             | 0.0       | 0.0       | 0.0       | 0.0       | 0.0       | 0.0       | 0.0
Same day other   | 1.48      | 1.05      | 0.0       | 1.0       | 1.0       | 2.0       | 4.0
Infected         | 15.47     | 4.14      | 5.0       | 13.75     | 16.5      | 18.0      | 23.0

Infection rate (standing): 24.89%

Expected vs Observed (standing):
Metric           | Mean      | Std       | Min       | P25       | Median    | P75       | Max
-----------------------------------------------------------------------------------------------
Expected         | 28.27     | 3.7       | 20.47     | 25.45     | 28.01     | 30.71     | 38.03
Std              | 3.91      | 0.23      | 3.48      | 3.73      | 3.9       | 4.08      | 4.44
Z-score          | -3.26     | 0.88      | -5.5      | -3.89     | -3.3      | -2.59     | -1.7

Per-generation breakdown (sitting):
Generation 1     | 2.13      | 1.41      | 0.0       | 1.0       | 2.0       | 3.0       | 7.0
Generation 2     | 0.38      | 0.69      | 0.0       | 0.0       | 0.0       | 1.0       | 3.0
Generation 3     | 0.1       | 0.4       | 0.0       | 0.0       | 0.0       | 0.0       | 2.0
Generation 4     | 0.02      | 0.13      | 0.0       | 0.0       | 0.0       | 0.0       | 1.0

Per-generation breakdown (standing):
Generation 1     | 6.45      | 2.77      | 2.0       | 4.75      | 6.0       | 8.0       | 14.0
Generation 2     | 1.15      | 1.15      | 0.0       | 0.0       | 1.0       | 2.0       | 4.0
Generation 3     | 0.25      | 0.54      | 0.0       | 0.0       | 0.0       | 0.0       | 2.0
Generation 4     | 0.07      | 0.31      | 0.0       | 0.0       | 0.0       | 0.0       | 2.0


##############################
### Concert Day 69
##############################

--- Global Epidemic Metrics ---
Metric           | Mean      | Std       | Min       | P25       | Median    | P75       | Max
-----------------------------------------------------------------------------------------------
Total infected   | 405143.78 | 183.11    | 404817.0  | 405021.75 | 405183.5  | 405253.25 | 405529.0
Attack rate      | 93.23     | 0.04      | 93.16     | 93.21     | 93.24     | 93.26     | 93.32
R0               | 3.06      | 0.02      | 3.03      | 3.04      | 3.06      | 3.07      | 3.1
Infectious pop   | 49505.18  | 2223.96   | 44963.0   | 48189.75  | 49349.5   | 50502.25  | 56288.0

--- Sitting (occupation 1) ---
Metric           | Mean      | Std       | Min       | P25       | Median    | P75       | Max
-----------------------------------------------------------------------------------------------
Susceptible      | 60.9      | 6.64      | 43.0      | 57.0      | 61.0      | 65.25     | 72.0
Infectious       | 82.82     | 8.09      | 66.0      | 77.0      | 83.5      | 87.0      | 104.0
Exposed          | 7.75      | 3.12      | 0.0       | 6.0       | 8.0       | 10.0      | 17.0
Recovered        | 347.47    | 9.7       | 329.0     | 341.0     | 346.5     | 353.25    | 379.0
Dead             | 0.0       | 0.0       | 0.0       | 0.0       | 0.0       | 0.0       | 0.0
Same day other   | 1.07      | 0.99      | 0.0       | 0.0       | 1.0       | 2.0       | 4.0
Infected         | 4.95      | 2.38      | 1.0       | 3.0       | 5.0       | 7.0       | 11.0

Infection rate (sitting): 8.13%

Expected vs Observed (sitting):
Metric           | Mean      | Std       | Min       | P25       | Median    | P75       | Max
-----------------------------------------------------------------------------------------------
Expected         | 10.96     | 1.26      | 7.54      | 10.38     | 11.21     | 11.65     | 13.13
Std              | 2.99      | 0.17      | 2.51      | 2.92      | 3.02      | 3.1       | 3.27
Z-score          | -2.0      | 0.76      | -3.34     | -2.47     | -2.04     | -1.53     | -0.36

--- Standing (occupation 2) ---
Metric           | Mean      | Std       | Min       | P25       | Median    | P75       | Max
-----------------------------------------------------------------------------------------------
Susceptible      | 60.95     | 6.53      | 48.0      | 56.75     | 62.0      | 65.0      | 81.0
Infectious       | 82.48     | 9.2       | 63.0      | 75.75     | 82.5      | 89.25     | 101.0
Exposed          | 7.43      | 3.11      | 1.0       | 5.0       | 7.0       | 9.0       | 17.0
Recovered        | 348.12    | 11.31     | 317.0     | 342.75    | 348.5     | 353.25    | 375.0
Dead             | 0.0       | 0.0       | 0.0       | 0.0       | 0.0       | 0.0       | 0.0
Same day other   | 1.02      | 0.98      | 0.0       | 0.0       | 1.0       | 2.0       | 3.0
Infected         | 14.6      | 4.3       | 7.0       | 12.0      | 15.0      | 17.25     | 25.0

Infection rate (standing): 23.95%

Expected vs Observed (standing):
Metric           | Mean      | Std       | Min       | P25       | Median    | P75       | Max
-----------------------------------------------------------------------------------------------
Expected         | 27.26     | 3.71      | 19.97     | 25.07     | 27.0      | 28.98     | 39.89
Std              | 3.87      | 0.21      | 3.42      | 3.73      | 3.89      | 3.99      | 4.5
Z-score          | -3.27     | 0.95      | -5.13     | -3.97     | -3.29     | -2.66     | -1.17

Per-generation breakdown (sitting):
Generation 1     | 1.98      | 1.42      | 0.0       | 1.0       | 2.0       | 3.0       | 5.0
Generation 2     | 0.25      | 0.47      | 0.0       | 0.0       | 0.0       | 0.0       | 2.0
Generation 3     | 0.08      | 0.33      | 0.0       | 0.0       | 0.0       | 0.0       | 2.0

Per-generation breakdown (standing):
Generation 1     | 6.22      | 3.33      | 1.0       | 4.0       | 6.0       | 8.0       | 15.0
Generation 2     | 1.03      | 0.94      | 0.0       | 0.0       | 1.0       | 2.0       | 3.0
Generation 3     | 0.22      | 0.58      | 0.0       | 0.0       | 0.0       | 0.0       | 3.0
Generation 4     | 0.05      | 0.22      | 0.0       | 0.0       | 0.0       | 0.0       | 1.0
Generation 5     | 0.02      | 0.13      | 0.0       | 0.0       | 0.0       | 0.0       | 1.0


##############################
### Concert Day 70
##############################

--- Global Epidemic Metrics ---
Metric           | Mean      | Std       | Min       | P25       | Median    | P75       | Max
-----------------------------------------------------------------------------------------------
Total infected   | 405132.02 | 191.1     | 404548.0  | 405011.25 | 405126.0  | 405292.25 | 405464.0
Attack rate      | 93.23     | 0.04      | 93.1      | 93.2      | 93.23     | 93.27     | 93.31
R0               | 3.06      | 0.02      | 3.02      | 3.04      | 3.05      | 3.07      | 3.1
Infectious pop   | 46918.02  | 2339.15   | 42284.0   | 45411.25  | 46621.0   | 48482.5   | 52175.0

--- Sitting (occupation 1) ---
Metric           | Mean      | Std       | Min       | P25       | Median    | P75       | Max
-----------------------------------------------------------------------------------------------
Susceptible      | 60.25     | 5.85      | 46.0      | 56.75     | 60.0      | 65.0      | 74.0
Infectious       | 79.88     | 8.86      | 56.0      | 74.75     | 79.5      | 84.0      | 103.0
Exposed          | 6.05      | 2.28      | 2.0       | 4.0       | 6.0       | 8.0       | 11.0
Recovered        | 352.73    | 9.88      | 333.0     | 345.75    | 351.5     | 359.0     | 381.0
Dead             | 0.0       | 0.0       | 0.0       | 0.0       | 0.0       | 0.0       | 0.0
Same day other   | 1.08      | 1.06      | 0.0       | 0.0       | 1.0       | 2.0       | 4.0
Infected         | 4.6       | 2.64      | 1.0       | 3.0       | 4.0       | 7.0       | 12.0

Infection rate (sitting): 7.63%

Expected vs Observed (sitting):
Metric           | Mean      | Std       | Min       | P25       | Median    | P75       | Max
-----------------------------------------------------------------------------------------------
Expected         | 10.5      | 1.28      | 7.31      | 9.54      | 10.47     | 11.5      | 13.45
Std              | 2.94      | 0.16      | 2.53      | 2.84      | 2.94      | 3.07      | 3.31
Z-score          | -2.0      | 0.88      | -3.45     | -2.68     | -2.17     | -1.44     | 0.53

--- Standing (occupation 2) ---
Metric           | Mean      | Std       | Min       | P25       | Median    | P75       | Max
-----------------------------------------------------------------------------------------------
Susceptible      | 58.67     | 6.81      | 47.0      | 53.75     | 57.5      | 63.0      | 73.0
Infectious       | 79.65     | 8.12      | 66.0      | 73.75     | 79.0      | 85.0      | 114.0
Exposed          | 6.73      | 3.29      | 1.0       | 4.0       | 6.0       | 9.0       | 14.0
Recovered        | 353.82    | 10.35     | 331.0     | 347.5     | 353.0     | 360.0     | 377.0
Dead             | 0.0       | 0.0       | 0.0       | 0.0       | 0.0       | 0.0       | 0.0
Same day other   | 1.13      | 1.05      | 0.0       | 0.0       | 1.0       | 2.0       | 4.0
Infected         | 13.28     | 3.56      | 7.0       | 10.0      | 13.0      | 15.0      | 24.0

Infection rate (standing): 22.64%

Expected vs Observed (standing):
Metric           | Mean      | Std       | Min       | P25       | Median    | P75       | Max
-----------------------------------------------------------------------------------------------
Expected         | 25.55     | 3.15      | 19.24     | 23.26     | 25.41     | 27.53     | 31.86
Std              | 3.78      | 0.22      | 3.37      | 3.62      | 3.77      | 3.92      | 4.24
Z-score          | -3.22     | 0.96      | -5.42     | -3.85     | -3.39     | -2.49     | 0.36

Per-generation breakdown (sitting):
Generation 1     | 2.18      | 1.74      | 0.0       | 1.0       | 2.0       | 3.0       | 8.0
Generation 2     | 0.57      | 0.98      | 0.0       | 0.0       | 0.0       | 1.0       | 4.0
Generation 3     | 0.12      | 0.45      | 0.0       | 0.0       | 0.0       | 0.0       | 3.0
Generation 4     | 0.07      | 0.31      | 0.0       | 0.0       | 0.0       | 0.0       | 2.0
Generation 5     | 0.02      | 0.13      | 0.0       | 0.0       | 0.0       | 0.0       | 1.0

Per-generation breakdown (standing):
Generation 1     | 5.18      | 2.11      | 0.0       | 4.0       | 5.0       | 6.25      | 9.0
Generation 2     | 0.82      | 0.87      | 0.0       | 0.0       | 1.0       | 1.0       | 4.0
Generation 3     | 0.13      | 0.39      | 0.0       | 0.0       | 0.0       | 0.0       | 2.0
Generation 4     | 0.02      | 0.13      | 0.0       | 0.0       | 0.0       | 0.0       | 1.0


##############################
### Concert Day 71
##############################

--- Global Epidemic Metrics ---
Metric           | Mean      | Std       | Min       | P25       | Median    | P75       | Max
-----------------------------------------------------------------------------------------------
Total infected   | 405097.37 | 200.88    | 404626.0  | 404985.5  | 405120.5  | 405205.0  | 405501.0
Attack rate      | 93.22     | 0.05      | 93.11     | 93.2      | 93.23     | 93.25     | 93.32
R0               | 3.06      | 0.02      | 3.01      | 3.04      | 3.06      | 3.07      | 3.09
Infectious pop   | 43768.48  | 2360.47   | 38841.0   | 42061.75  | 43284.0   | 45431.75  | 49843.0

--- Sitting (occupation 1) ---
Metric           | Mean      | Std       | Min       | P25       | Median    | P75       | Max
-----------------------------------------------------------------------------------------------
Susceptible      | 59.13     | 6.73      | 45.0      | 55.0      | 59.0      | 63.25     | 73.0
Infectious       | 76.27     | 8.63      | 58.0      | 69.75     | 76.5      | 81.25     | 102.0
Exposed          | 5.33      | 2.18      | 2.0       | 4.0       | 5.0       | 7.0       | 10.0
Recovered        | 358.5     | 10.26     | 342.0     | 350.75    | 358.0     | 365.0     | 386.0
Dead             | 0.0       | 0.0       | 0.0       | 0.0       | 0.0       | 0.0       | 0.0
Same day other   | 0.77      | 0.81      | 0.0       | 0.0       | 1.0       | 1.0       | 3.0
Infected         | 4.38      | 2.26      | 1.0       | 3.0       | 4.0       | 6.0       | 10.0

Infection rate (sitting): 7.41%

Expected vs Observed (sitting):
Metric           | Mean      | Std       | Min       | P25       | Median    | P75       | Max
-----------------------------------------------------------------------------------------------
Expected         | 9.87      | 1.29      | 6.35      | 9.02      | 10.14     | 10.75     | 12.19
Std              | 2.86      | 0.18      | 2.35      | 2.74      | 2.88      | 2.99      | 3.19
Z-score          | -1.9      | 0.84      | -3.44     | -2.48     | -2.1      | -1.38     | 0.38

--- Standing (occupation 2) ---
Metric           | Mean      | Std       | Min       | P25       | Median    | P75       | Max
-----------------------------------------------------------------------------------------------
Susceptible      | 58.33     | 6.26      | 46.0      | 54.75     | 57.5      | 63.0      | 75.0
Infectious       | 76.0      | 7.91      | 59.0      | 71.0      | 76.5      | 81.25     | 91.0
Exposed          | 5.38      | 2.16      | 1.0       | 4.0       | 5.0       | 7.0       | 9.0
Recovered        | 359.47    | 8.75      | 336.0     | 353.0     | 360.5     | 365.0     | 380.0
Dead             | 0.0       | 0.0       | 0.0       | 0.0       | 0.0       | 0.0       | 0.0
Same day other   | 0.82      | 1.14      | 0.0       | 0.0       | 0.0       | 1.0       | 5.0
Infected         | 11.92     | 3.87      | 3.0       | 10.0      | 11.5      | 14.0      | 23.0

Infection rate (standing): 20.43%

Expected vs Observed (standing):
Metric           | Mean      | Std       | Min       | P25       | Median    | P75       | Max
-----------------------------------------------------------------------------------------------
Expected         | 24.51     | 2.83      | 18.62     | 22.93     | 24.37     | 25.7      | 31.03
Std              | 3.76      | 0.19      | 3.34      | 3.62      | 3.74      | 3.9       | 4.27
Z-score          | -3.34     | 1.03      | -5.88     | -4.11     | -3.36     | -2.72     | -0.59

Per-generation breakdown (sitting):
Generation 1     | 1.48      | 1.4       | 0.0       | 0.0       | 1.0       | 2.0       | 6.0
Generation 2     | 0.3       | 0.65      | 0.0       | 0.0       | 0.0       | 0.0       | 2.0
Generation 3     | 0.02      | 0.13      | 0.0       | 0.0       | 0.0       | 0.0       | 1.0

Per-generation breakdown (standing):
Generation 1     | 4.68      | 2.52      | 0.0       | 3.0       | 4.0       | 6.0       | 10.0
Generation 2     | 0.93      | 1.1       | 0.0       | 0.0       | 1.0       | 1.25      | 4.0
Generation 3     | 0.17      | 0.42      | 0.0       | 0.0       | 0.0       | 0.0       | 2.0


##############################
### Concert Day 72
##############################

--- Global Epidemic Metrics ---
Metric           | Mean      | Std       | Min       | P25       | Median    | P75       | Max
-----------------------------------------------------------------------------------------------
Total infected   | 405113.82 | 194.96    | 404667.0  | 404977.5  | 405106.0  | 405247.5  | 405529.0
Attack rate      | 93.23     | 0.04      | 93.12     | 93.2      | 93.23     | 93.26     | 93.32
R0               | 3.06      | 0.01      | 3.02      | 3.05      | 3.06      | 3.07      | 3.09
Infectious pop   | 41305.75  | 1958.9    | 37217.0   | 39910.5   | 41169.5   | 42321.25  | 47128.0

--- Sitting (occupation 1) ---
Metric           | Mean      | Std       | Min       | P25       | Median    | P75       | Max
-----------------------------------------------------------------------------------------------
Susceptible      | 58.18     | 5.67      | 46.0      | 54.0      | 58.5      | 62.0      | 73.0
Infectious       | 71.17     | 7.84      | 50.0      | 64.75     | 71.5      | 76.0      | 88.0
Exposed          | 4.82      | 2.2       | 1.0       | 3.0       | 4.0       | 6.0       | 10.0
Recovered        | 365.18    | 8.96      | 349.0     | 358.0     | 366.0     | 372.25    | 384.0
Dead             | 0.0       | 0.0       | 0.0       | 0.0       | 0.0       | 0.0       | 0.0
Same day other   | 0.65      | 0.88      | 0.0       | 0.0       | 0.0       | 1.0       | 3.0
Infected         | 3.62      | 2.03      | 0.0       | 2.0       | 4.0       | 5.0       | 9.0

Infection rate (sitting): 6.22%

Expected vs Observed (sitting):
Metric           | Mean      | Std       | Min       | P25       | Median    | P75       | Max
-----------------------------------------------------------------------------------------------
Expected         | 9.13      | 1.18      | 6.85      | 8.19      | 9.05      | 9.85      | 11.58
Std              | 2.77      | 0.16      | 2.42      | 2.66      | 2.77      | 2.89      | 3.08
Z-score          | -1.98     | 0.75      | -3.4      | -2.49     | -2.01     | -1.58     | -0.17

--- Standing (occupation 2) ---
Metric           | Mean      | Std       | Min       | P25       | Median    | P75       | Max
-----------------------------------------------------------------------------------------------
Susceptible      | 58.0      | 6.66      | 45.0      | 53.0      | 57.5      | 62.25     | 77.0
Infectious       | 71.7      | 7.53      | 56.0      | 66.0      | 72.0      | 76.25     | 90.0
Exposed          | 4.23      | 1.93      | 1.0       | 3.0       | 4.0       | 5.0       | 10.0
Recovered        | 365.28    | 9.69      | 343.0     | 360.0     | 365.0     | 372.0     | 386.0
Dead             | 0.0       | 0.0       | 0.0       | 0.0       | 0.0       | 0.0       | 0.0
Same day other   | 0.78      | 0.99      | 0.0       | 0.0       | 0.0       | 1.25      | 4.0
Infected         | 10.4      | 2.89      | 6.0       | 8.0       | 10.0      | 12.0      | 17.0

Infection rate (standing): 17.93%

Expected vs Observed (standing):
Metric           | Mean      | Std       | Min       | P25       | Median    | P75       | Max
-----------------------------------------------------------------------------------------------
Expected         | 23.35     | 3.05      | 16.62     | 21.47     | 23.13     | 24.87     | 30.26
Std              | 3.72      | 0.21      | 3.28      | 3.55      | 3.73      | 3.87      | 4.19
Z-score          | -3.46     | 0.85      | -5.28     | -4.13     | -3.48     | -3.1      | -1.23

Per-generation breakdown (sitting):
Generation 1     | 1.4       | 1.37      | 0.0       | 0.0       | 1.0       | 2.0       | 5.0
Generation 2     | 0.32      | 0.54      | 0.0       | 0.0       | 0.0       | 1.0       | 2.0
Generation 3     | 0.07      | 0.31      | 0.0       | 0.0       | 0.0       | 0.0       | 2.0
Generation 4     | 0.03      | 0.18      | 0.0       | 0.0       | 0.0       | 0.0       | 1.0

Per-generation breakdown (standing):
Generation 1     | 3.92      | 1.83      | 0.0       | 3.0       | 4.0       | 5.0       | 9.0
Generation 2     | 0.77      | 0.87      | 0.0       | 0.0       | 1.0       | 1.0       | 3.0
Generation 3     | 0.15      | 0.36      | 0.0       | 0.0       | 0.0       | 0.0       | 1.0
Generation 4     | 0.02      | 0.13      | 0.0       | 0.0       | 0.0       | 0.0       | 1.0


##############################
### Concert Day 73
##############################

--- Global Epidemic Metrics ---
Metric           | Mean      | Std       | Min       | P25       | Median    | P75       | Max
-----------------------------------------------------------------------------------------------
Total infected   | 405111.45 | 201.13    | 404659.0  | 404985.25 | 405124.0  | 405225.5  | 405538.0
Attack rate      | 93.23     | 0.05      | 93.12     | 93.2      | 93.23     | 93.25     | 93.32
R0               | 3.05      | 0.02      | 3.01      | 3.04      | 3.05      | 3.07      | 3.09
Infectious pop   | 38958.43  | 1597.59   | 35789.0   | 37795.5   | 38815.5   | 39919.75  | 43455.0

--- Sitting (occupation 1) ---
Metric           | Mean      | Std       | Min       | P25       | Median    | P75       | Max
-----------------------------------------------------------------------------------------------
Susceptible      | 57.92     | 7.06      | 43.0      | 53.0      | 58.0      | 63.25     | 71.0
Infectious       | 67.77     | 7.73      | 50.0      | 63.0      | 67.0      | 73.0      | 86.0
Exposed          | 4.02      | 1.82      | 0.0       | 3.0       | 4.0       | 5.0       | 9.0
Recovered        | 369.42    | 8.51      | 342.0     | 364.0     | 369.0     | 374.5     | 388.0
Dead             | 0.0       | 0.0       | 0.0       | 0.0       | 0.0       | 0.0       | 0.0
Same day other   | 0.88      | 0.88      | 0.0       | 0.0       | 1.0       | 2.0       | 3.0
Infected         | 3.67      | 2.24      | 0.0       | 2.0       | 3.0       | 5.0       | 9.0

Infection rate (sitting): 6.33%

Expected vs Observed (sitting):
Metric           | Mean      | Std       | Min       | P25       | Median    | P75       | Max
-----------------------------------------------------------------------------------------------
Expected         | 8.66      | 1.12      | 6.12      | 7.93      | 8.71      | 9.56      | 11.94
Std              | 2.71      | 0.17      | 2.33      | 2.6       | 2.72      | 2.84      | 3.14
Z-score          | -1.84     | 0.79      | -3.18     | -2.5      | -1.86     | -1.39     | 0.09

--- Standing (occupation 2) ---
Metric           | Mean      | Std       | Min       | P25       | Median    | P75       | Max
-----------------------------------------------------------------------------------------------
Susceptible      | 57.67     | 6.99      | 44.0      | 52.0      | 58.0      | 62.0      | 76.0
Infectious       | 68.03     | 7.9       | 52.0      | 62.75     | 68.0      | 74.0      | 85.0
Exposed          | 4.15      | 2.06      | 0.0       | 3.0       | 4.0       | 5.25      | 11.0
Recovered        | 369.37    | 10.32     | 334.0     | 363.75    | 369.5     | 376.0     | 393.0
Dead             | 0.0       | 0.0       | 0.0       | 0.0       | 0.0       | 0.0       | 0.0
Same day other   | 0.78      | 0.83      | 0.0       | 0.0       | 1.0       | 1.0       | 3.0
Infected         | 10.1      | 3.79      | 4.0       | 7.0       | 10.0      | 13.0      | 22.0

Infection rate (standing): 17.51%

Expected vs Observed (standing):
Metric           | Mean      | Std       | Min       | P25       | Median    | P75       | Max
-----------------------------------------------------------------------------------------------
Expected         | 22.29     | 3.31      | 16.27     | 20.06     | 22.07     | 24.12     | 34.84
Std              | 3.68      | 0.23      | 3.23      | 3.49      | 3.72      | 3.82      | 4.34
Z-score          | -3.31     | 0.93      | -5.15     | -3.94     | -3.5      | -2.67     | -0.98

Per-generation breakdown (sitting):
Generation 1     | 1.48      | 1.41      | 0.0       | 0.0       | 1.0       | 2.0       | 7.0
Generation 2     | 0.23      | 0.43      | 0.0       | 0.0       | 0.0       | 0.0       | 1.0
Generation 3     | 0.08      | 0.33      | 0.0       | 0.0       | 0.0       | 0.0       | 2.0
Generation 4     | 0.02      | 0.13      | 0.0       | 0.0       | 0.0       | 0.0       | 1.0

Per-generation breakdown (standing):
Generation 1     | 4.07      | 2.0       | 0.0       | 2.0       | 4.0       | 5.0       | 8.0
Generation 2     | 0.73      | 0.95      | 0.0       | 0.0       | 0.0       | 1.0       | 3.0
Generation 3     | 0.18      | 0.5       | 0.0       | 0.0       | 0.0       | 0.0       | 3.0


##############################
### Concert Day 74
##############################

--- Global Epidemic Metrics ---
Metric           | Mean      | Std       | Min       | P25       | Median    | P75       | Max
-----------------------------------------------------------------------------------------------
Total infected   | 405114.05 | 177.45    | 404709.0  | 404981.75 | 405112.5  | 405238.25 | 405475.0
Attack rate      | 93.23     | 0.04      | 93.13     | 93.2      | 93.23     | 93.26     | 93.31
R0               | 3.06      | 0.02      | 3.01      | 3.04      | 3.05      | 3.07      | 3.1
Infectious pop   | 36829.32  | 1674.75   | 33684.0   | 35651.5   | 36667.0   | 38097.25  | 40456.0

--- Sitting (occupation 1) ---
Metric           | Mean      | Std       | Min       | P25       | Median    | P75       | Max
-----------------------------------------------------------------------------------------------
Susceptible      | 58.47     | 6.87      | 44.0      | 53.75     | 58.0      | 64.0      | 76.0
Infectious       | 67.17     | 7.43      | 55.0      | 60.75     | 67.0      | 73.0      | 84.0
Exposed          | 3.42      | 1.82      | 0.0       | 2.0       | 3.0       | 4.0       | 9.0
Recovered        | 370.25    | 8.51      | 346.0     | 366.0     | 369.0     | 375.25    | 387.0
Dead             | 0.0       | 0.0       | 0.0       | 0.0       | 0.0       | 0.0       | 0.0
Same day other   | 0.7       | 0.93      | 0.0       | 0.0       | 0.0       | 1.0       | 3.0
Infected         | 3.73      | 2.03      | 0.0       | 2.75      | 3.0       | 5.0       | 9.0

Infection rate (sitting): 6.39%

Expected vs Observed (sitting):
Metric           | Mean      | Std       | Min       | P25       | Median    | P75       | Max
-----------------------------------------------------------------------------------------------
Expected         | 8.68      | 1.13      | 6.48      | 8.01      | 8.77      | 9.27      | 11.68
Std              | 2.71      | 0.17      | 2.37      | 2.62      | 2.72      | 2.82      | 3.1
Z-score          | -1.82     | 0.74      | -3.08     | -2.38     | -1.87     | -1.37     | -0.05

--- Standing (occupation 2) ---
Metric           | Mean      | Std       | Min       | P25       | Median    | P75       | Max
-----------------------------------------------------------------------------------------------
Susceptible      | 56.92     | 6.3       | 42.0      | 54.0      | 57.0      | 60.0      | 77.0
Infectious       | 63.77     | 7.86      | 46.0      | 58.0      | 63.0      | 70.0      | 84.0
Exposed          | 3.53      | 1.76      | 0.0       | 2.0       | 3.0       | 4.25      | 8.0
Recovered        | 375.15    | 9.18      | 348.0     | 371.0     | 376.5     | 381.0     | 394.0
Dead             | 0.0       | 0.0       | 0.0       | 0.0       | 0.0       | 0.0       | 0.0
Same day other   | 0.63      | 0.78      | 0.0       | 0.0       | 0.0       | 1.0       | 3.0
Infected         | 9.63      | 3.19      | 4.0       | 8.0       | 9.0       | 11.25     | 17.0

Infection rate (standing): 16.93%

Expected vs Observed (standing):
Metric           | Mean      | Std       | Min       | P25       | Median    | P75       | Max
-----------------------------------------------------------------------------------------------
Expected         | 20.89     | 2.91      | 16.01     | 19.22     | 20.63     | 21.83     | 31.2
Std              | 3.62      | 0.2       | 3.15      | 3.51      | 3.6       | 3.72      | 4.31
Z-score          | -3.09     | 0.83      | -4.54     | -3.77     | -3.2      | -2.42     | -1.45

Per-generation breakdown (sitting):
Generation 1     | 1.58      | 1.34      | 0.0       | 0.75      | 1.0       | 2.0       | 5.0
Generation 2     | 0.25      | 0.51      | 0.0       | 0.0       | 0.0       | 0.0       | 2.0
Generation 3     | 0.05      | 0.22      | 0.0       | 0.0       | 0.0       | 0.0       | 1.0
Generation 4     | 0.02      | 0.13      | 0.0       | 0.0       | 0.0       | 0.0       | 1.0

Per-generation breakdown (standing):
Generation 1     | 3.87      | 2.45      | 0.0       | 2.0       | 4.0       | 5.0       | 11.0
Generation 2     | 0.55      | 0.75      | 0.0       | 0.0       | 0.0       | 1.0       | 3.0
Generation 3     | 0.05      | 0.22      | 0.0       | 0.0       | 0.0       | 0.0       | 1.0
Generation 4     | 0.02      | 0.13      | 0.0       | 0.0       | 0.0       | 0.0       | 1.0


##############################
### Concert Day 75
##############################

--- Global Epidemic Metrics ---
Metric           | Mean      | Std       | Min       | P25       | Median    | P75       | Max
-----------------------------------------------------------------------------------------------
Total infected   | 405100.18 | 193.64    | 404648.0  | 404983.75 | 405096.0  | 405230.5  | 405594.0
Attack rate      | 93.22     | 0.04      | 93.12     | 93.2      | 93.22     | 93.25     | 93.34
R0               | 3.06      | 0.02      | 3.01      | 3.05      | 3.06      | 3.07      | 3.09
Infectious pop   | 35080.15  | 1568.82   | 30836.0   | 34153.75  | 34792.0   | 36149.0   | 38773.0

--- Sitting (occupation 1) ---
Metric           | Mean      | Std       | Min       | P25       | Median    | P75       | Max
-----------------------------------------------------------------------------------------------
Susceptible      | 56.55     | 6.05      | 46.0      | 52.0      | 57.0      | 60.25     | 73.0
Infectious       | 63.25     | 6.86      | 50.0      | 58.0      | 63.0      | 68.0      | 76.0
Exposed          | 3.43      | 2.0       | 0.0       | 2.0       | 3.0       | 5.0       | 8.0
Recovered        | 376.18    | 8.14      | 360.0     | 369.0     | 378.0     | 383.0     | 390.0
Dead             | 0.0       | 0.0       | 0.0       | 0.0       | 0.0       | 0.0       | 0.0
Same day other   | 0.58      | 0.67      | 0.0       | 0.0       | 0.0       | 1.0       | 2.0
Infected         | 2.87      | 1.66      | 0.0       | 2.0       | 2.5       | 4.0       | 7.0

Infection rate (sitting): 5.07%

Expected vs Observed (sitting):
Metric           | Mean      | Std       | Min       | P25       | Median    | P75       | Max
-----------------------------------------------------------------------------------------------
Expected         | 7.95      | 0.97      | 6.23      | 7.13      | 7.83      | 8.57      | 9.98
Std              | 2.61      | 0.15      | 2.35      | 2.48      | 2.6       | 2.7       | 2.91
Z-score          | -1.95     | 0.59      | -3.07     | -2.32     | -1.97     | -1.58     | -0.21

--- Standing (occupation 2) ---
Metric           | Mean      | Std       | Min       | P25       | Median    | P75       | Max
-----------------------------------------------------------------------------------------------
Susceptible      | 56.18     | 6.53      | 42.0      | 52.75     | 56.0      | 60.0      | 71.0
Infectious       | 62.33     | 8.03      | 50.0      | 57.75     | 61.5      | 67.5      | 81.0
Exposed          | 3.18      | 2.03      | 0.0       | 2.0       | 3.0       | 4.0       | 10.0
Recovered        | 377.77    | 9.99      | 354.0     | 370.0     | 380.0     | 384.25    | 401.0
Dead             | 0.0       | 0.0       | 0.0       | 0.0       | 0.0       | 0.0       | 0.0
Same day other   | 0.53      | 0.77      | 0.0       | 0.0       | 0.0       | 1.0       | 4.0
Infected         | 8.68      | 4.32      | 1.0       | 6.0       | 8.0       | 10.25     | 24.0

Infection rate (standing): 15.46%

Expected vs Observed (standing):
Metric           | Mean      | Std       | Min       | P25       | Median    | P75       | Max
-----------------------------------------------------------------------------------------------
Expected         | 20.28     | 3.03      | 13.98     | 18.78     | 19.94     | 22.47     | 27.86
Std              | 3.58      | 0.22      | 3.09      | 3.47      | 3.57      | 3.69      | 4.04
Z-score          | -3.23     | 1.02      | -4.91     | -4.05     | -3.34     | -2.74     | -0.23

Per-generation breakdown (sitting):
Generation 1     | 1.18      | 1.05      | 0.0       | 0.0       | 1.0       | 2.0       | 5.0
Generation 2     | 0.22      | 0.52      | 0.0       | 0.0       | 0.0       | 0.0       | 3.0
Generation 3     | 0.05      | 0.22      | 0.0       | 0.0       | 0.0       | 0.0       | 1.0

Per-generation breakdown (standing):
Generation 1     | 3.23      | 2.03      | 0.0       | 2.0       | 3.0       | 4.25      | 9.0
Generation 2     | 0.62      | 0.8       | 0.0       | 0.0       | 0.0       | 1.0       | 3.0
Generation 3     | 0.1       | 0.3       | 0.0       | 0.0       | 0.0       | 0.0       | 1.0
Generation 4     | 0.02      | 0.13      | 0.0       | 0.0       | 0.0       | 0.0       | 1.0


##############################
### Concert Day 76
##############################

--- Global Epidemic Metrics ---
Metric           | Mean      | Std       | Min       | P25       | Median    | P75       | Max
-----------------------------------------------------------------------------------------------
Total infected   | 405094.88 | 248.55    | 404595.0  | 404913.0  | 405062.0  | 405266.75 | 405702.0
Attack rate      | 93.22     | 0.06      | 93.11     | 93.18     | 93.22     | 93.26     | 93.36
R0               | 3.06      | 0.02      | 3.02      | 3.05      | 3.06      | 3.07      | 3.09
Infectious pop   | 32949.82  | 1945.14   | 29436.0   | 31549.0   | 32768.5   | 34184.25  | 38881.0

--- Sitting (occupation 1) ---
Metric           | Mean      | Std       | Min       | P25       | Median    | P75       | Max
-----------------------------------------------------------------------------------------------
Susceptible      | 57.17     | 5.78      | 45.0      | 53.0      | 57.0      | 62.0      | 69.0
Infectious       | 58.15     | 7.42      | 40.0      | 54.0      | 58.5      | 62.25     | 80.0
Exposed          | 2.87      | 1.59      | 0.0       | 2.0       | 3.0       | 4.0       | 6.0
Recovered        | 381.33    | 9.61      | 356.0     | 376.0     | 382.0     | 386.25    | 402.0
Dead             | 0.0       | 0.0       | 0.0       | 0.0       | 0.0       | 0.0       | 0.0
Same day other   | 0.48      | 0.72      | 0.0       | 0.0       | 0.0       | 1.0       | 3.0
Infected         | 2.65      | 1.66      | 0.0       | 2.0       | 2.0       | 4.0       | 7.0

Infection rate (sitting): 4.64%

Expected vs Observed (sitting):
Metric           | Mean      | Std       | Min       | P25       | Median    | P75       | Max
-----------------------------------------------------------------------------------------------
Expected         | 7.45      | 1.15      | 4.95      | 6.81      | 7.32      | 8.17      | 10.15
Std              | 2.54      | 0.18      | 2.11      | 2.43      | 2.53      | 2.65      | 2.89
Z-score          | -1.88     | 0.68      | -3.04     | -2.36     | -1.98     | -1.36     | -0.62

--- Standing (occupation 2) ---
Metric           | Mean      | Std       | Min       | P25       | Median    | P75       | Max
-----------------------------------------------------------------------------------------------
Susceptible      | 56.72     | 6.32      | 42.0      | 53.0      | 56.5      | 60.25     | 78.0
Infectious       | 58.1      | 6.96      | 45.0      | 54.0      | 58.0      | 62.0      | 79.0
Exposed          | 2.93      | 1.77      | 0.0       | 2.0       | 3.0       | 4.0       | 9.0
Recovered        | 381.6     | 9.72      | 345.0     | 376.0     | 383.5     | 389.0     | 401.0
Dead             | 0.0       | 0.0       | 0.0       | 0.0       | 0.0       | 0.0       | 0.0
Same day other   | 0.65      | 0.86      | 0.0       | 0.0       | 0.0       | 1.0       | 3.0
Infected         | 8.02      | 3.31      | 2.0       | 5.75      | 7.0       | 11.0      | 19.0

Infection rate (standing): 14.13%

Expected vs Observed (standing):
Metric           | Mean      | Std       | Min       | P25       | Median    | P75       | Max
-----------------------------------------------------------------------------------------------
Expected         | 19.38     | 2.93      | 13.03     | 16.89     | 19.27     | 21.32     | 28.67
Std              | 3.56      | 0.22      | 3.07      | 3.39      | 3.56      | 3.68      | 4.09
Z-score          | -3.19     | 0.73      | -4.69     | -3.65     | -3.22     | -2.87     | -1.07

Per-generation breakdown (sitting):
Generation 1     | 1.2       | 1.29      | 0.0       | 0.0       | 1.0       | 2.0       | 5.0
Generation 2     | 0.1       | 0.3       | 0.0       | 0.0       | 0.0       | 0.0       | 1.0
Generation 3     | 0.02      | 0.13      | 0.0       | 0.0       | 0.0       | 0.0       | 1.0

Per-generation breakdown (standing):
Generation 1     | 3.12      | 2.1       | 0.0       | 2.0       | 2.5       | 5.0       | 9.0
Generation 2     | 0.58      | 0.83      | 0.0       | 0.0       | 0.0       | 1.0       | 3.0
Generation 3     | 0.18      | 0.54      | 0.0       | 0.0       | 0.0       | 0.0       | 3.0


##############################
### Concert Day 77
##############################

--- Global Epidemic Metrics ---
Metric           | Mean      | Std       | Min       | P25       | Median    | P75       | Max
-----------------------------------------------------------------------------------------------
Total infected   | 405096.97 | 194.35    | 404529.0  | 404967.75 | 405101.0  | 405198.25 | 405549.0
Attack rate      | 93.22     | 0.04      | 93.09     | 93.19     | 93.22     | 93.25     | 93.33
R0               | 3.05      | 0.02      | 2.98      | 3.04      | 3.05      | 3.07      | 3.09
Infectious pop   | 30847.88  | 1776.55   | 26211.0   | 29964.75  | 30846.5   | 32099.75  | 36006.0

--- Sitting (occupation 1) ---
Metric           | Mean      | Std       | Min       | P25       | Median    | P75       | Max
-----------------------------------------------------------------------------------------------
Susceptible      | 55.92     | 5.97      | 46.0      | 52.0      | 56.0      | 59.25     | 71.0
Infectious       | 57.02     | 6.8       | 45.0      | 52.0      | 56.5      | 60.5      | 74.0
Exposed          | 2.05      | 1.24      | 0.0       | 1.0       | 2.0       | 3.0       | 5.0
Recovered        | 384.6     | 8.08      | 367.0     | 381.0     | 384.0     | 391.0     | 400.0
Dead             | 0.0       | 0.0       | 0.0       | 0.0       | 0.0       | 0.0       | 0.0
Same day other   | 0.42      | 0.65      | 0.0       | 0.0       | 0.0       | 1.0       | 3.0
Infected         | 2.9       | 1.6       | 0.0       | 2.0       | 3.0       | 4.0       | 7.0

Infection rate (sitting): 5.19%

Expected vs Observed (sitting):
Metric           | Mean      | Std       | Min       | P25       | Median    | P75       | Max
-----------------------------------------------------------------------------------------------
Expected         | 7.14      | 0.94      | 5.5       | 6.44      | 7.18      | 7.56      | 9.48
Std              | 2.49      | 0.15      | 2.2       | 2.37      | 2.5       | 2.58      | 2.83
Z-score          | -1.69     | 0.71      | -3.08     | -2.12     | -1.68     | -1.32     | 0.54

--- Standing (occupation 2) ---
Metric           | Mean      | Std       | Min       | P25       | Median    | P75       | Max
-----------------------------------------------------------------------------------------------
Susceptible      | 54.98     | 6.71      | 41.0      | 49.75     | 55.0      | 61.0      | 66.0
Infectious       | 55.47     | 8.47      | 38.0      | 49.0      | 55.5      | 60.25     | 80.0
Exposed          | 2.4       | 1.63      | 0.0       | 1.0       | 2.0       | 3.0       | 8.0
Recovered        | 386.65    | 10.04     | 367.0     | 379.0     | 387.0     | 395.0     | 408.0
Dead             | 0.0       | 0.0       | 0.0       | 0.0       | 0.0       | 0.0       | 0.0
Same day other   | 0.5       | 0.6       | 0.0       | 0.0       | 0.0       | 1.0       | 2.0
Infected         | 7.68      | 3.33      | 2.0       | 5.0       | 7.0       | 10.0      | 16.0

Infection rate (standing): 13.97%

Expected vs Observed (standing):
Metric           | Mean      | Std       | Min       | P25       | Median    | P75       | Max
-----------------------------------------------------------------------------------------------
Expected         | 18.02     | 2.86      | 11.86     | 15.79     | 17.9      | 19.84     | 25.0
Std              | 3.46      | 0.22      | 2.92      | 3.27      | 3.44      | 3.64      | 3.94
Z-score          | -2.96     | 0.97      | -4.84     | -3.64     | -3.03     | -2.38     | -0.57

Per-generation breakdown (sitting):
Generation 1     | 1.23      | 1.2       | 0.0       | 0.0       | 1.0       | 2.0       | 5.0
Generation 2     | 0.18      | 0.39      | 0.0       | 0.0       | 0.0       | 0.0       | 1.0
Generation 3     | 0.02      | 0.13      | 0.0       | 0.0       | 0.0       | 0.0       | 1.0

Per-generation breakdown (standing):
Generation 1     | 2.98      | 2.1       | 0.0       | 1.0       | 3.0       | 4.0       | 9.0
Generation 2     | 0.38      | 0.67      | 0.0       | 0.0       | 0.0       | 1.0       | 3.0
Generation 3     | 0.07      | 0.25      | 0.0       | 0.0       | 0.0       | 0.0       | 1.0


##############################
### Concert Day 78
##############################

--- Global Epidemic Metrics ---
Metric           | Mean      | Std       | Min       | P25       | Median    | P75       | Max
-----------------------------------------------------------------------------------------------
Total infected   | 405073.38 | 196.22    | 404674.0  | 404915.5  | 405090.5  | 405204.25 | 405503.0
Attack rate      | 93.22     | 0.05      | 93.13     | 93.18     | 93.22     | 93.25     | 93.32
R0               | 3.05      | 0.02      | 3.01      | 3.04      | 3.05      | 3.06      | 3.1
Infectious pop   | 28900.8   | 1530.87   | 25406.0   | 28038.25  | 28795.5   | 30168.25  | 31931.0

--- Sitting (occupation 1) ---
Metric           | Mean      | Std       | Min       | P25       | Median    | P75       | Max
-----------------------------------------------------------------------------------------------
Susceptible      | 53.6      | 6.16      | 41.0      | 49.0      | 52.5      | 57.0      | 69.0
Infectious       | 52.45     | 7.45      | 35.0      | 48.0      | 51.5      | 58.0      | 72.0
Exposed          | 2.1       | 1.26      | 0.0       | 1.0       | 2.0       | 3.0       | 6.0
Recovered        | 391.42    | 9.7       | 367.0     | 387.75    | 392.0     | 397.0     | 414.0
Dead             | 0.0       | 0.0       | 0.0       | 0.0       | 0.0       | 0.0       | 0.0
Same day other   | 0.43      | 0.62      | 0.0       | 0.0       | 0.0       | 1.0       | 2.0
Infected         | 2.97      | 1.58      | 0.0       | 2.0       | 3.0       | 4.0       | 7.0

Infection rate (sitting): 5.53%

Expected vs Observed (sitting):
Metric           | Mean      | Std       | Min       | P25       | Median    | P75       | Max
-----------------------------------------------------------------------------------------------
Expected         | 6.35      | 1.17      | 4.19      | 5.65      | 6.11      | 6.9       | 9.42
Std              | 2.35      | 0.2       | 1.96      | 2.23      | 2.33      | 2.45      | 2.85
Z-score          | -1.41     | 0.74      | -2.92     | -1.9      | -1.45     | -1.02     | 0.68

--- Standing (occupation 2) ---
Metric           | Mean      | Std       | Min       | P25       | Median    | P75       | Max
-----------------------------------------------------------------------------------------------
Susceptible      | 56.17     | 6.19      | 36.0      | 52.75     | 57.0      | 60.0      | 69.0
Infectious       | 50.88     | 8.2       | 33.0      | 46.0      | 50.0      | 54.25     | 73.0
Exposed          | 1.95      | 1.35      | 0.0       | 1.0       | 2.0       | 3.0       | 6.0
Recovered        | 390.55    | 10.41     | 365.0     | 384.75    | 392.0     | 398.0     | 417.0
Dead             | 0.0       | 0.0       | 0.0       | 0.0       | 0.0       | 0.0       | 0.0
Same day other   | 0.45      | 0.65      | 0.0       | 0.0       | 0.0       | 1.0       | 3.0
Infected         | 8.23      | 3.59      | 2.0       | 6.0       | 8.0       | 10.25     | 18.0

Infection rate (standing): 14.66%

Expected vs Observed (standing):
Metric           | Mean      | Std       | Min       | P25       | Median    | P75       | Max
-----------------------------------------------------------------------------------------------
Expected         | 17.18     | 2.92      | 9.79      | 15.33     | 16.94     | 18.83     | 24.16
Std              | 3.43      | 0.22      | 2.67      | 3.29      | 3.43      | 3.59      | 3.88
Z-score          | -2.6      | 0.84      | -4.53     | -3.21     | -2.65     | -2.06     | -0.29

Per-generation breakdown (sitting):
Generation 1     | 1.15      | 1.05      | 0.0       | 0.0       | 1.0       | 2.0       | 4.0
Generation 2     | 0.17      | 0.42      | 0.0       | 0.0       | 0.0       | 0.0       | 2.0
Generation 3     | 0.05      | 0.39      | 0.0       | 0.0       | 0.0       | 0.0       | 3.0
Generation 4     | 0.02      | 0.13      | 0.0       | 0.0       | 0.0       | 0.0       | 1.0

Per-generation breakdown (standing):
Generation 1     | 3.57      | 2.15      | 0.0       | 2.0       | 3.0       | 4.0       | 9.0
Generation 2     | 0.47      | 0.79      | 0.0       | 0.0       | 0.0       | 1.0       | 4.0
Generation 3     | 0.15      | 0.4       | 0.0       | 0.0       | 0.0       | 0.0       | 2.0
Generation 4     | 0.05      | 0.29      | 0.0       | 0.0       | 0.0       | 0.0       | 2.0


##############################
### Concert Day 79
##############################

--- Global Epidemic Metrics ---
Metric           | Mean      | Std       | Min       | P25       | Median    | P75       | Max
-----------------------------------------------------------------------------------------------
Total infected   | 405178.13 | 226.38    | 404690.0  | 404999.0  | 405157.5  | 405344.25 | 405692.0
Attack rate      | 93.24     | 0.05      | 93.13     | 93.2      | 93.24     | 93.28     | 93.36
R0               | 3.05      | 0.02      | 2.99      | 3.04      | 3.05      | 3.06      | 3.1
Infectious pop   | 27185.6   | 1555.98   | 24462.0   | 26146.75  | 27234.5   | 28201.5   | 31430.0

--- Sitting (occupation 1) ---
Metric           | Mean      | Std       | Min       | P25       | Median    | P75       | Max
-----------------------------------------------------------------------------------------------
Susceptible      | 54.27     | 6.26      | 41.0      | 50.0      | 54.0      | 59.0      | 71.0
Infectious       | 48.3      | 7.05      | 31.0      | 44.5      | 48.5      | 53.25     | 61.0
Exposed          | 1.93      | 1.22      | 0.0       | 1.0       | 2.0       | 3.0       | 6.0
Recovered        | 394.98    | 9.97      | 367.0     | 389.0     | 394.5     | 400.5     | 421.0
Dead             | 0.0       | 0.0       | 0.0       | 0.0       | 0.0       | 0.0       | 0.0
Same day other   | 0.52      | 0.77      | 0.0       | 0.0       | 0.0       | 1.0       | 4.0
Infected         | 2.67      | 1.75      | 0.0       | 1.0       | 2.5       | 4.0       | 7.0

Infection rate (sitting): 4.91%

Expected vs Observed (sitting):
Metric           | Mean      | Std       | Min       | P25       | Median    | P75       | Max
-----------------------------------------------------------------------------------------------
Expected         | 5.95      | 1.12      | 3.38      | 5.31      | 5.97      | 6.59      | 9.09
Std              | 2.29      | 0.2       | 1.77      | 2.18      | 2.31      | 2.42      | 2.82
Z-score          | -1.42     | 0.74      | -2.82     | -2.01     | -1.52     | -1.08     | 0.89

--- Standing (occupation 2) ---
Metric           | Mean      | Std       | Min       | P25       | Median    | P75       | Max
-----------------------------------------------------------------------------------------------
Susceptible      | 54.37     | 6.54      | 41.0      | 48.75     | 55.0      | 59.0      | 67.0
Infectious       | 48.55     | 6.17      | 35.0      | 44.0      | 50.0      | 52.0      | 63.0
Exposed          | 2.13      | 1.35      | 0.0       | 1.0       | 2.0       | 3.0       | 5.0
Recovered        | 394.53    | 9.61      | 372.0     | 388.75    | 395.0     | 402.0     | 411.0
Dead             | 0.0       | 0.0       | 0.0       | 0.0       | 0.0       | 0.0       | 0.0
Same day other   | 0.42      | 0.65      | 0.0       | 0.0       | 0.0       | 1.0       | 2.0
Infected         | 7.98      | 3.15      | 1.0       | 6.0       | 8.0       | 10.0      | 16.0

Infection rate (standing): 14.68%

Expected vs Observed (standing):
Metric           | Mean      | Std       | Min       | P25       | Median    | P75       | Max
-----------------------------------------------------------------------------------------------
Expected         | 16.04     | 2.66      | 11.51     | 13.86     | 16.09     | 17.9      | 22.27
Std              | 3.35      | 0.23      | 2.95      | 3.17      | 3.36      | 3.52      | 3.86
Z-score          | -2.39     | 0.97      | -4.22     | -3.13     | -2.32     | -1.8      | 1.26

Per-generation breakdown (sitting):
Generation 1     | 0.97      | 1.13      | 0.0       | 0.0       | 1.0       | 1.0       | 5.0
Generation 2     | 0.13      | 0.34      | 0.0       | 0.0       | 0.0       | 0.0       | 1.0

Per-generation breakdown (standing):
Generation 1     | 3.33      | 2.18      | 0.0       | 2.0       | 3.0       | 5.0       | 8.0
Generation 2     | 0.57      | 0.85      | 0.0       | 0.0       | 0.0       | 1.0       | 4.0
Generation 3     | 0.17      | 0.42      | 0.0       | 0.0       | 0.0       | 0.0       | 2.0
Generation 4     | 0.02      | 0.13      | 0.0       | 0.0       | 0.0       | 0.0       | 1.0


##############################
### Concert Day 80
##############################

--- Global Epidemic Metrics ---
Metric           | Mean      | Std       | Min       | P25       | Median    | P75       | Max
-----------------------------------------------------------------------------------------------
Total infected   | 405073.77 | 183.47    | 404630.0  | 404955.0  | 405077.5  | 405200.25 | 405438.0
Attack rate      | 93.22     | 0.04      | 93.12     | 93.19     | 93.22     | 93.25     | 93.3
R0               | 3.06      | 0.02      | 3.02      | 3.05      | 3.06      | 3.07      | 3.09
Infectious pop   | 25031.07  | 1486.91   | 22422.0   | 23800.5   | 25023.0   | 26213.0   | 28098.0

--- Sitting (occupation 1) ---
Metric           | Mean      | Std       | Min       | P25       | Median    | P75       | Max
-----------------------------------------------------------------------------------------------
Susceptible      | 53.72     | 6.13      | 37.0      | 50.0      | 54.0      | 56.25     | 67.0
Infectious       | 46.58     | 5.38      | 35.0      | 42.75     | 47.0      | 51.0      | 60.0
Exposed          | 1.62      | 1.24      | 0.0       | 1.0       | 1.0       | 2.0       | 5.0
Recovered        | 397.7     | 7.68      | 378.0     | 392.0     | 397.5     | 403.0     | 415.0
Dead             | 0.0       | 0.0       | 0.0       | 0.0       | 0.0       | 0.0       | 0.0
Same day other   | 0.38      | 0.61      | 0.0       | 0.0       | 0.0       | 1.0       | 3.0
Infected         | 2.63      | 1.79      | 0.0       | 1.0       | 2.0       | 4.0       | 8.0

Infection rate (sitting): 4.9%

Expected vs Observed (sitting):
Metric           | Mean      | Std       | Min       | P25       | Median    | P75       | Max
-----------------------------------------------------------------------------------------------
Expected         | 5.68      | 0.86      | 3.95      | 5.03      | 5.62      | 6.35      | 8.02
Std              | 2.25      | 0.16      | 1.88      | 2.12      | 2.25      | 2.37      | 2.66
Z-score          | -1.36     | 0.71      | -2.64     | -1.88     | -1.45     | -0.81     | 0.7

--- Standing (occupation 2) ---
Metric           | Mean      | Std       | Min       | P25       | Median    | P75       | Max
-----------------------------------------------------------------------------------------------
Susceptible      | 54.3      | 5.53      | 44.0      | 50.75     | 53.0      | 57.0      | 71.0
Infectious       | 44.73     | 6.17      | 31.0      | 39.75     | 45.5      | 50.0      | 56.0
Exposed          | 1.65      | 1.23      | 0.0       | 1.0       | 1.5       | 2.0       | 5.0
Recovered        | 398.87    | 8.13      | 378.0     | 393.0     | 398.5     | 403.25    | 417.0
Dead             | 0.0       | 0.0       | 0.0       | 0.0       | 0.0       | 0.0       | 0.0
Same day other   | 0.45      | 0.59      | 0.0       | 0.0       | 0.0       | 1.0       | 2.0
Infected         | 7.0       | 3.51      | 1.0       | 4.75      | 6.5       | 9.0       | 16.0

Infection rate (standing): 12.89%

Expected vs Observed (standing):
Metric           | Mean      | Std       | Min       | P25       | Median    | P75       | Max
-----------------------------------------------------------------------------------------------
Expected         | 14.93     | 2.27      | 10.22     | 13.42     | 15.18     | 16.41     | 21.5
Std              | 3.28      | 0.2       | 2.86      | 3.15      | 3.28      | 3.39      | 3.87
Z-score          | -2.41     | 1.0       | -4.26     | -3.05     | -2.46     | -1.81     | -0.03

Per-generation breakdown (sitting):
Generation 1     | 0.95      | 1.19      | 0.0       | 0.0       | 1.0       | 1.25      | 4.0
Generation 2     | 0.05      | 0.22      | 0.0       | 0.0       | 0.0       | 0.0       | 1.0
Generation 3     | 0.02      | 0.13      | 0.0       | 0.0       | 0.0       | 0.0       | 1.0

Per-generation breakdown (standing):
Generation 1     | 2.88      | 2.05      | 0.0       | 1.75      | 2.5       | 4.0       | 8.0
Generation 2     | 0.45      | 0.67      | 0.0       | 0.0       | 0.0       | 1.0       | 2.0
Generation 3     | 0.13      | 0.34      | 0.0       | 0.0       | 0.0       | 0.0       | 1.0
Generation 4     | 0.02      | 0.13      | 0.0       | 0.0       | 0.0       | 0.0       | 1.0
