=== Concert Analysis ===


##############################
### Concert Day 20
##############################

--- Global Epidemic Metrics ---
Metric           | Mean      | Std       | Min       | P25       | Median    | P75       | Max
-----------------------------------------------------------------------------------------------
Total infected   | 405155.43 | 201.25    | 404649.0  | 405011.25 | 405137.0  | 405274.0  | 405682.0
Attack rate      | 93.24     | 0.05      | 93.12     | 93.2      | 93.23     | 93.26     | 93.36
R0               | 3.05      | 0.02      | 3.0       | 3.04      | 3.06      | 3.07      | 3.09
Infectious pop   | 539.28    | 77.96     | 363.0     | 480.75    | 544.0     | 597.5     | 714.0

--- Sitting (occupation 1) ---
Metric           | Mean      | Std       | Min       | P25       | Median    | P75       | Max
-----------------------------------------------------------------------------------------------
Susceptible      | 580.48    | 1.37      | 577.0     | 580.0     | 581.0     | 581.0     | 583.0
Infectious       | 0.73      | 0.86      | 0.0       | 0.0       | 1.0       | 1.0       | 4.0
Exposed          | 1.0       | 0.86      | 0.0       | 0.0       | 1.0       | 1.0       | 3.0
Recovered        | 0.28      | 0.56      | 0.0       | 0.0       | 0.0       | 0.0       | 2.0
Dead             | 0.0       | 0.0       | 0.0       | 0.0       | 0.0       | 0.0       | 0.0
Same day other   | 0.5       | 0.62      | 0.0       | 0.0       | 0.0       | 1.0       | 2.0
Infected         | 0.97      | 1.5       | 0.0       | 0.0       | 0.0       | 1.0       | 7.0

Infection rate (sitting): 0.17%

Expected vs Observed (sitting):
Metric           | Mean      | Std       | Min       | P25       | Median    | P75       | Max
-----------------------------------------------------------------------------------------------
Expected         | 0.93      | 1.09      | 0.0       | 0.0       | 1.27      | 1.28      | 5.06
Std              | 0.69      | 0.68      | 0.0       | 0.0       | 1.13      | 1.13      | 2.24
Z-score          | 0.01      | 0.61      | -1.13     | -0.24     | 0.0       | 0.0       | 2.8

--- Standing (occupation 2) ---
Metric           | Mean      | Std       | Min       | P25       | Median    | P75       | Max
-----------------------------------------------------------------------------------------------
Susceptible      | 573.37    | 1.34      | 570.0     | 572.75    | 573.0     | 574.0     | 576.0
Infectious       | 0.75      | 0.89      | 0.0       | 0.0       | 1.0       | 1.0       | 4.0
Exposed          | 1.02      | 1.03      | 0.0       | 0.0       | 1.0       | 2.0       | 4.0
Recovered        | 0.47      | 0.7       | 0.0       | 0.0       | 0.0       | 1.0       | 3.0
Dead             | 0.0       | 0.0       | 0.0       | 0.0       | 0.0       | 0.0       | 0.0
Same day other   | 0.4       | 0.56      | 0.0       | 0.0       | 0.0       | 1.0       | 2.0
Infected         | 2.37      | 3.32      | 0.0       | 0.0       | 0.0       | 4.0       | 14.0

Infection rate (standing): 0.41%

Expected vs Observed (standing):
Metric           | Mean      | Std       | Min       | P25       | Median    | P75       | Max
-----------------------------------------------------------------------------------------------
Expected         | 2.61      | 3.11      | 0.0       | 0.0       | 3.49      | 3.5       | 13.82
Std              | 1.13      | 1.15      | 0.0       | 0.0       | 1.86      | 1.86      | 3.67
Z-score          | -0.11     | 0.78      | -1.88     | -0.29     | 0.0       | 0.0       | 2.96

Per-generation breakdown (sitting):
Generation 1     | 2.68      | 4.58      | 0.0       | 0.0       | 0.0       | 4.0       | 25.0
Generation 2     | 7.22      | 11.98     | 0.0       | 0.0       | 0.0       | 11.25     | 64.0
Generation 3     | 16.48     | 27.72     | 0.0       | 0.0       | 0.0       | 25.25     | 154.0
Generation 4     | 25.28     | 43.68     | 0.0       | 0.0       | 0.0       | 35.75     | 199.0
Generation 5     | 24.88     | 44.03     | 0.0       | 0.0       | 0.0       | 32.0      | 163.0
Generation 6     | 16.1      | 30.72     | 0.0       | 0.0       | 0.0       | 16.5      | 134.0
Generation 7     | 7.27      | 14.1      | 0.0       | 0.0       | 0.0       | 8.25      | 60.0
Generation 8     | 2.63      | 5.35      | 0.0       | 0.0       | 0.0       | 3.0       | 24.0
Generation 9     | 0.73      | 1.77      | 0.0       | 0.0       | 0.0       | 0.0       | 7.0
Generation 10    | 0.23      | 0.72      | 0.0       | 0.0       | 0.0       | 0.0       | 3.0
Generation 11    | 0.12      | 0.49      | 0.0       | 0.0       | 0.0       | 0.0       | 3.0
Generation 12    | 0.03      | 0.18      | 0.0       | 0.0       | 0.0       | 0.0       | 1.0

Per-generation breakdown (standing):
Generation 1     | 6.43      | 9.68      | 0.0       | 0.0       | 0.0       | 11.5      | 42.0
Generation 2     | 18.4      | 28.58     | 0.0       | 0.0       | 0.0       | 32.75     | 121.0
Generation 3     | 42.58     | 65.42     | 0.0       | 0.0       | 0.0       | 80.5      | 277.0
Generation 4     | 68.15     | 106.34    | 0.0       | 0.0       | 0.0       | 127.0     | 468.0
Generation 5     | 69.97     | 110.61    | 0.0       | 0.0       | 0.0       | 112.5     | 504.0
Generation 6     | 46.68     | 77.1      | 0.0       | 0.0       | 0.0       | 75.5      | 332.0
Generation 7     | 22.73     | 42.02     | 0.0       | 0.0       | 0.0       | 36.0      | 210.0
Generation 8     | 7.83      | 18.12     | 0.0       | 0.0       | 0.0       | 10.0      | 108.0
Generation 9     | 2.48      | 6.7       | 0.0       | 0.0       | 0.0       | 3.0       | 46.0
Generation 10    | 0.77      | 2.47      | 0.0       | 0.0       | 0.0       | 0.0       | 17.0
Generation 11    | 0.2       | 0.95      | 0.0       | 0.0       | 0.0       | 0.0       | 7.0
Generation 12    | 0.02      | 0.13      | 0.0       | 0.0       | 0.0       | 0.0       | 1.0


##############################
### Concert Day 21
##############################

--- Global Epidemic Metrics ---
Metric           | Mean      | Std       | Min       | P25       | Median    | P75       | Max
-----------------------------------------------------------------------------------------------
Total infected   | 405074.25 | 213.42    | 404689.0  | 404892.5  | 405089.0  | 405214.25 | 405696.0
Attack rate      | 93.22     | 0.05      | 93.13     | 93.18     | 93.22     | 93.25     | 93.36
R0               | 3.06      | 0.02      | 3.01      | 3.05      | 3.06      | 3.07      | 3.09
Infectious pop   | 664.12    | 90.15     | 442.0     | 610.25    | 668.0     | 719.25    | 851.0

--- Sitting (occupation 1) ---
Metric           | Mean      | Std       | Min       | P25       | Median    | P75       | Max
-----------------------------------------------------------------------------------------------
Susceptible      | 580.02    | 1.71      | 573.0     | 579.0     | 580.0     | 581.0     | 583.0
Infectious       | 0.88      | 0.94      | 0.0       | 0.0       | 1.0       | 2.0       | 3.0
Exposed          | 1.1       | 1.0       | 0.0       | 0.0       | 1.0       | 2.0       | 4.0
Recovered        | 0.28      | 0.64      | 0.0       | 0.0       | 0.0       | 0.0       | 3.0
Dead             | 0.0       | 0.0       | 0.0       | 0.0       | 0.0       | 0.0       | 0.0
Same day other   | 0.72      | 0.94      | 0.0       | 0.0       | 0.5       | 1.0       | 5.0
Infected         | 1.23      | 1.9       | 0.0       | 0.0       | 0.0       | 2.0       | 9.0

Infection rate (sitting): 0.21%

Expected vs Observed (sitting):
Metric           | Mean      | Std       | Min       | P25       | Median    | P75       | Max
-----------------------------------------------------------------------------------------------
Expected         | 1.12      | 1.19      | 0.0       | 0.0       | 1.27      | 2.54      | 3.81
Std              | 0.77      | 0.73      | 0.0       | 0.0       | 1.13      | 1.59      | 1.94
Z-score          | 0.11      | 1.21      | -1.96     | -0.24     | 0.0       | 0.15      | 6.85

--- Standing (occupation 2) ---
Metric           | Mean      | Std       | Min       | P25       | Median    | P75       | Max
-----------------------------------------------------------------------------------------------
Susceptible      | 572.87    | 1.93      | 568.0     | 572.0     | 573.0     | 575.0     | 576.0
Infectious       | 0.92      | 0.91      | 0.0       | 0.0       | 1.0       | 2.0       | 3.0
Exposed          | 1.22      | 1.11      | 0.0       | 0.0       | 1.0       | 2.0       | 4.0
Recovered        | 0.4       | 0.62      | 0.0       | 0.0       | 0.0       | 1.0       | 2.0
Dead             | 0.0       | 0.0       | 0.0       | 0.0       | 0.0       | 0.0       | 0.0
Same day other   | 0.6       | 0.85      | 0.0       | 0.0       | 0.0       | 1.0       | 3.0
Infected         | 3.22      | 3.92      | 0.0       | 0.0       | 1.5       | 5.25      | 14.0

Infection rate (standing): 0.56%

Expected vs Observed (standing):
Metric           | Mean      | Std       | Min       | P25       | Median    | P75       | Max
-----------------------------------------------------------------------------------------------
Expected         | 3.19      | 3.15      | 0.0       | 0.0       | 3.49      | 6.92      | 10.4
Std              | 1.35      | 1.17      | 0.0       | 0.0       | 1.86      | 2.61      | 3.19
Z-score          | 0.02      | 1.05      | -2.27     | -0.26     | 0.0       | 0.08      | 4.57

Per-generation breakdown (sitting):
Generation 1     | 3.23      | 5.45      | 0.0       | 0.0       | 0.0       | 5.25      | 26.0
Generation 2     | 8.92      | 14.55     | 0.0       | 0.0       | 0.0       | 16.0      | 56.0
Generation 3     | 20.92     | 34.8      | 0.0       | 0.0       | 0.0       | 43.25     | 149.0
Generation 4     | 31.83     | 52.26     | 0.0       | 0.0       | 0.0       | 81.0      | 198.0
Generation 5     | 30.28     | 52.72     | 0.0       | 0.0       | 0.0       | 62.0      | 204.0
Generation 6     | 18.78     | 36.34     | 0.0       | 0.0       | 0.0       | 21.25     | 171.0
Generation 7     | 7.88      | 17.07     | 0.0       | 0.0       | 0.0       | 9.25      | 86.0
Generation 8     | 2.6       | 6.67      | 0.0       | 0.0       | 0.0       | 2.0       | 33.0
Generation 9     | 0.73      | 2.16      | 0.0       | 0.0       | 0.0       | 0.0       | 13.0
Generation 10    | 0.18      | 0.72      | 0.0       | 0.0       | 0.0       | 0.0       | 5.0
Generation 11    | 0.05      | 0.29      | 0.0       | 0.0       | 0.0       | 0.0       | 2.0
Generation 12    | 0.02      | 0.13      | 0.0       | 0.0       | 0.0       | 0.0       | 1.0

Per-generation breakdown (standing):
Generation 1     | 9.73      | 12.35     | 0.0       | 0.0       | 4.5       | 16.75     | 59.0
Generation 2     | 27.33     | 35.73     | 0.0       | 0.0       | 10.5      | 44.5      | 190.0
Generation 3     | 62.6      | 82.95     | 0.0       | 0.0       | 31.0      | 99.25     | 447.0
Generation 4     | 91.7      | 123.88    | 0.0       | 0.0       | 43.5      | 161.75    | 679.0
Generation 5     | 88.72     | 123.08    | 0.0       | 0.0       | 35.0      | 147.25    | 687.0
Generation 6     | 55.23     | 76.66     | 0.0       | 0.0       | 18.5      | 89.0      | 391.0
Generation 7     | 24.93     | 35.75     | 0.0       | 0.0       | 7.5       | 38.0      | 166.0
Generation 8     | 8.48      | 12.86     | 0.0       | 0.0       | 1.0       | 12.0      | 54.0
Generation 9     | 2.38      | 3.73      | 0.0       | 0.0       | 0.0       | 3.25      | 13.0
Generation 10    | 0.6       | 1.17      | 0.0       | 0.0       | 0.0       | 1.0       | 5.0
Generation 11    | 0.12      | 0.32      | 0.0       | 0.0       | 0.0       | 0.0       | 1.0
Generation 12    | 0.02      | 0.13      | 0.0       | 0.0       | 0.0       | 0.0       | 1.0


##############################
### Concert Day 22
##############################

--- Global Epidemic Metrics ---
Metric           | Mean      | Std       | Min       | P25       | Median    | P75       | Max
-----------------------------------------------------------------------------------------------
Total infected   | 405151.9  | 205.62    | 404630.0  | 405035.5  | 405146.5  | 405272.5  | 405691.0
Attack rate      | 93.24     | 0.05      | 93.12     | 93.21     | 93.23     | 93.26     | 93.36
R0               | 3.05      | 0.02      | 3.01      | 3.04      | 3.05      | 3.07      | 3.09
Infectious pop   | 829.18    | 134.78    | 566.0     | 732.5     | 822.5     | 923.0     | 1261.0

--- Sitting (occupation 1) ---
Metric           | Mean      | Std       | Min       | P25       | Median    | P75       | Max
-----------------------------------------------------------------------------------------------
Susceptible      | 579.18    | 2.06      | 575.0     | 578.0     | 579.0     | 580.0     | 583.0
Infectious       | 1.3       | 1.06      | 0.0       | 0.75      | 1.0       | 2.0       | 4.0
Exposed          | 1.18      | 1.19      | 0.0       | 0.0       | 1.0       | 2.0       | 4.0
Recovered        | 0.47      | 0.62      | 0.0       | 0.0       | 0.0       | 1.0       | 2.0
Dead             | 0.0       | 0.0       | 0.0       | 0.0       | 0.0       | 0.0       | 0.0
Same day other   | 0.87      | 1.05      | 0.0       | 0.0       | 1.0       | 1.0       | 5.0
Infected         | 1.57      | 1.89      | 0.0       | 0.0       | 1.0       | 2.0       | 7.0

Infection rate (sitting): 0.27%

Expected vs Observed (sitting):
Metric           | Mean      | Std       | Min       | P25       | Median    | P75       | Max
-----------------------------------------------------------------------------------------------
Expected         | 1.65      | 1.34      | 0.0       | 0.95      | 1.27      | 2.54      | 5.07
Std              | 1.08      | 0.7       | 0.0       | 0.84      | 1.13      | 1.59      | 2.24
Z-score          | -0.03     | 1.07      | -1.6      | -0.94     | 0.0       | 0.29      | 4.18

--- Standing (occupation 2) ---
Metric           | Mean      | Std       | Min       | P25       | Median    | P75       | Max
-----------------------------------------------------------------------------------------------
Susceptible      | 572.07    | 2.03      | 566.0     | 571.0     | 572.0     | 574.0     | 576.0
Infectious       | 1.03      | 1.02      | 0.0       | 0.0       | 1.0       | 1.25      | 5.0
Exposed          | 1.58      | 1.18      | 0.0       | 1.0       | 1.0       | 2.0       | 5.0
Recovered        | 0.57      | 0.79      | 0.0       | 0.0       | 0.0       | 1.0       | 3.0
Dead             | 0.0       | 0.0       | 0.0       | 0.0       | 0.0       | 0.0       | 0.0
Same day other   | 0.75      | 0.91      | 0.0       | 0.0       | 1.0       | 1.0       | 4.0
Infected         | 2.92      | 3.05      | 0.0       | 0.0       | 3.0       | 5.0       | 12.0

Infection rate (standing): 0.51%

Expected vs Observed (standing):
Metric           | Mean      | Std       | Min       | P25       | Median    | P75       | Max
-----------------------------------------------------------------------------------------------
Expected         | 3.59      | 3.54      | 0.0       | 0.0       | 3.48      | 4.36      | 17.16
Std              | 1.49      | 1.16      | 0.0       | 0.0       | 1.86      | 2.05      | 4.08
Z-score          | -0.22     | 1.0       | -2.3      | -0.8      | -0.12     | 0.0       | 2.44

Per-generation breakdown (sitting):
Generation 1     | 4.63      | 6.04      | 0.0       | 0.0       | 1.0       | 8.0       | 20.0
Generation 2     | 13.93     | 20.2      | 0.0       | 0.0       | 3.0       | 23.5      | 72.0
Generation 3     | 31.33     | 45.86     | 0.0       | 0.0       | 6.0       | 60.0      | 164.0
Generation 4     | 42.1      | 62.64     | 0.0       | 0.0       | 5.5       | 75.0      | 223.0
Generation 5     | 34.87     | 52.4      | 0.0       | 0.0       | 4.5       | 55.75     | 183.0
Generation 6     | 18.87     | 30.35     | 0.0       | 0.0       | 0.5       | 31.25     | 113.0
Generation 7     | 7.3       | 12.6      | 0.0       | 0.0       | 0.0       | 12.0      | 52.0
Generation 8     | 2.45      | 4.93      | 0.0       | 0.0       | 0.0       | 2.5       | 25.0
Generation 9     | 0.5       | 1.38      | 0.0       | 0.0       | 0.0       | 0.0       | 7.0
Generation 10    | 0.13      | 0.43      | 0.0       | 0.0       | 0.0       | 0.0       | 2.0
Generation 11    | 0.03      | 0.18      | 0.0       | 0.0       | 0.0       | 0.0       | 1.0

Per-generation breakdown (standing):
Generation 1     | 8.93      | 9.92      | 0.0       | 0.0       | 6.0       | 15.0      | 34.0
Generation 2     | 25.62     | 29.32     | 0.0       | 0.0       | 17.0      | 37.0      | 119.0
Generation 3     | 55.07     | 64.77     | 0.0       | 0.0       | 40.0      | 89.25     | 279.0
Generation 4     | 77.93     | 94.7      | 0.0       | 0.0       | 47.0      | 137.5     | 393.0
Generation 5     | 67.77     | 89.73     | 0.0       | 0.0       | 32.0      | 111.5     | 358.0
Generation 6     | 40.32     | 59.07     | 0.0       | 0.0       | 12.0      | 53.75     | 264.0
Generation 7     | 16.32     | 29.32     | 0.0       | 0.0       | 1.5       | 20.0      | 160.0
Generation 8     | 5.23      | 11.13     | 0.0       | 0.0       | 0.0       | 4.5       | 60.0
Generation 9     | 1.48      | 3.57      | 0.0       | 0.0       | 0.0       | 1.25      | 22.0
Generation 10    | 0.55      | 1.29      | 0.0       | 0.0       | 0.0       | 0.0       | 6.0
Generation 11    | 0.08      | 0.38      | 0.0       | 0.0       | 0.0       | 0.0       | 2.0
Generation 12    | 0.02      | 0.13      | 0.0       | 0.0       | 0.0       | 0.0       | 1.0


##############################
### Concert Day 23
##############################

--- Global Epidemic Metrics ---
Metric           | Mean      | Std       | Min       | P25       | Median    | P75       | Max
-----------------------------------------------------------------------------------------------
Total infected   | 405122.08 | 187.82    | 404681.0  | 405021.25 | 405142.5  | 405250.25 | 405484.0
Attack rate      | 93.23     | 0.04      | 93.13     | 93.21     | 93.23     | 93.26     | 93.31
R0               | 3.05      | 0.02      | 3.02      | 3.04      | 3.05      | 3.06      | 3.09
Infectious pop   | 1003.27   | 130.64    | 727.0     | 915.25    | 1006.5    | 1069.5    | 1365.0

--- Sitting (occupation 1) ---
Metric           | Mean      | Std       | Min       | P25       | Median    | P75       | Max
-----------------------------------------------------------------------------------------------
Susceptible      | 578.43    | 1.95      | 573.0     | 577.0     | 579.0     | 580.0     | 583.0
Infectious       | 1.27      | 1.22      | 0.0       | 0.0       | 1.0       | 2.0       | 4.0
Exposed          | 1.9       | 1.54      | 0.0       | 1.0       | 2.0       | 3.0       | 7.0
Recovered        | 0.58      | 0.77      | 0.0       | 0.0       | 0.0       | 1.0       | 3.0
Dead             | 0.0       | 0.0       | 0.0       | 0.0       | 0.0       | 0.0       | 0.0
Same day other   | 0.82      | 1.03      | 0.0       | 0.0       | 0.0       | 1.0       | 4.0
Infected         | 1.52      | 2.41      | 0.0       | 0.0       | 0.0       | 2.25      | 12.0

Infection rate (sitting): 0.26%

Expected vs Observed (sitting):
Metric           | Mean      | Std       | Min       | P25       | Median    | P75       | Max
-----------------------------------------------------------------------------------------------
Expected         | 1.6       | 1.54      | 0.0       | 0.0       | 1.27      | 2.54      | 5.06
Std              | 0.99      | 0.79      | 0.0       | 0.0       | 1.13      | 1.59      | 2.24
Z-score          | -0.08     | 1.04      | -1.6      | -0.41     | 0.0       | 0.0       | 3.31

--- Standing (occupation 2) ---
Metric           | Mean      | Std       | Min       | P25       | Median    | P75       | Max
-----------------------------------------------------------------------------------------------
Susceptible      | 570.63    | 2.31      | 566.0     | 569.0     | 571.0     | 573.0     | 575.0
Infectious       | 1.45      | 1.35      | 0.0       | 0.0       | 1.0       | 2.0       | 5.0
Exposed          | 2.18      | 1.47      | 0.0       | 1.0       | 2.0       | 3.0       | 6.0
Recovered        | 0.77      | 0.83      | 0.0       | 0.0       | 1.0       | 1.0       | 3.0
Dead             | 0.0       | 0.0       | 0.0       | 0.0       | 0.0       | 0.0       | 0.0
Same day other   | 0.97      | 0.96      | 0.0       | 0.0       | 1.0       | 1.0       | 4.0
Infected         | 4.67      | 4.81      | 0.0       | 0.0       | 4.0       | 8.0       | 19.0

Infection rate (standing): 0.82%

Expected vs Observed (standing):
Metric           | Mean      | Std       | Min       | P25       | Median    | P75       | Max
-----------------------------------------------------------------------------------------------
Expected         | 5.01      | 4.62      | 0.0       | 0.0       | 3.49      | 6.96      | 17.07
Std              | 1.81      | 1.3       | 0.0       | 0.0       | 1.86      | 2.62      | 4.07
Z-score          | -0.09     | 1.02      | -2.93     | -0.73     | 0.0       | 0.31      | 2.97

Per-generation breakdown (sitting):
Generation 1     | 4.18      | 7.79      | 0.0       | 0.0       | 0.0       | 6.0       | 41.0
Generation 2     | 11.62     | 23.59     | 0.0       | 0.0       | 0.0       | 12.25     | 139.0
Generation 3     | 23.95     | 47.21     | 0.0       | 0.0       | 0.0       | 29.75     | 266.0
Generation 4     | 31.42     | 64.08     | 0.0       | 0.0       | 0.0       | 33.5      | 384.0
Generation 5     | 25.78     | 55.28     | 0.0       | 0.0       | 0.0       | 21.25     | 328.0
Generation 6     | 14.25     | 31.27     | 0.0       | 0.0       | 0.0       | 10.5      | 181.0
Generation 7     | 5.68      | 12.46     | 0.0       | 0.0       | 0.0       | 4.25      | 67.0
Generation 8     | 1.35      | 3.72      | 0.0       | 0.0       | 0.0       | 0.25      | 22.0
Generation 9     | 0.22      | 0.76      | 0.0       | 0.0       | 0.0       | 0.0       | 5.0
Generation 10    | 0.07      | 0.31      | 0.0       | 0.0       | 0.0       | 0.0       | 2.0
Generation 11    | 0.02      | 0.13      | 0.0       | 0.0       | 0.0       | 0.0       | 1.0

Per-generation breakdown (standing):
Generation 1     | 12.37     | 13.82     | 0.0       | 0.0       | 11.0      | 19.0      | 67.0
Generation 2     | 33.23     | 39.02     | 0.0       | 0.0       | 26.5      | 49.25     | 183.0
Generation 3     | 64.85     | 73.23     | 0.0       | 0.0       | 50.5      | 97.75     | 289.0
Generation 4     | 81.95     | 93.59     | 0.0       | 0.0       | 58.0      | 118.25    | 339.0
Generation 5     | 61.35     | 74.79     | 0.0       | 0.0       | 38.0      | 88.25     | 284.0
Generation 6     | 30.12     | 40.24     | 0.0       | 0.0       | 13.0      | 47.0      | 190.0
Generation 7     | 11.2      | 16.17     | 0.0       | 0.0       | 3.5       | 16.5      | 73.0
Generation 8     | 3.48      | 5.38      | 0.0       | 0.0       | 1.0       | 6.0       | 27.0
Generation 9     | 1.03      | 1.77      | 0.0       | 0.0       | 0.0       | 1.0       | 9.0
Generation 10    | 0.22      | 0.61      | 0.0       | 0.0       | 0.0       | 0.0       | 3.0
Generation 11    | 0.05      | 0.22      | 0.0       | 0.0       | 0.0       | 0.0       | 1.0
Generation 12    | 0.02      | 0.13      | 0.0       | 0.0       | 0.0       | 0.0       | 1.0


##############################
### Concert Day 24
##############################

--- Global Epidemic Metrics ---
Metric           | Mean      | Std       | Min       | P25       | Median    | P75       | Max
-----------------------------------------------------------------------------------------------
Total infected   | 405088.07 | 198.43    | 404658.0  | 404952.75 | 405073.5  | 405190.0  | 405617.0
Attack rate      | 93.22     | 0.05      | 93.12     | 93.19     | 93.22     | 93.24     | 93.34
R0               | 3.05      | 0.02      | 3.0       | 3.04      | 3.06      | 3.07      | 3.09
Infectious pop   | 1256.57   | 206.4     | 928.0     | 1110.75   | 1232.0    | 1349.5    | 1966.0

--- Sitting (occupation 1) ---
Metric           | Mean      | Std       | Min       | P25       | Median    | P75       | Max
-----------------------------------------------------------------------------------------------
Susceptible      | 576.7     | 2.55      | 571.0     | 575.0     | 577.0     | 578.0     | 582.0
Infectious       | 1.63      | 1.43      | 0.0       | 1.0       | 1.0       | 3.0       | 6.0
Exposed          | 2.63      | 1.53      | 0.0       | 1.0       | 3.0       | 3.25      | 8.0
Recovered        | 0.83      | 0.85      | 0.0       | 0.0       | 1.0       | 1.0       | 3.0
Dead             | 0.0       | 0.0       | 0.0       | 0.0       | 0.0       | 0.0       | 0.0
Same day other   | 1.2       | 1.16      | 0.0       | 0.0       | 1.0       | 2.0       | 5.0
Infected         | 1.77      | 2.08      | 0.0       | 0.0       | 1.0       | 3.0       | 10.0

Infection rate (sitting): 0.31%

Expected vs Observed (sitting):
Metric           | Mean      | Std       | Min       | P25       | Median    | P75       | Max
-----------------------------------------------------------------------------------------------
Expected         | 2.06      | 1.79      | 0.0       | 1.26      | 1.27      | 3.76      | 7.53
Std              | 1.21      | 0.76      | 0.0       | 1.12      | 1.13      | 1.93      | 2.73
Z-score          | -0.18     | 0.86      | -1.66     | -0.96     | -0.23     | 0.0       | 3.2

--- Standing (occupation 2) ---
Metric           | Mean      | Std       | Min       | P25       | Median    | P75       | Max
-----------------------------------------------------------------------------------------------
Susceptible      | 570.42    | 2.23      | 565.0     | 569.0     | 571.0     | 572.0     | 575.0
Infectious       | 1.58      | 1.24      | 0.0       | 0.75      | 2.0       | 2.0       | 5.0
Exposed          | 2.17      | 1.53      | 0.0       | 1.0       | 2.0       | 3.0       | 7.0
Recovered        | 0.9       | 0.93      | 0.0       | 0.0       | 1.0       | 1.0       | 4.0
Dead             | 0.0       | 0.0       | 0.0       | 0.0       | 0.0       | 0.0       | 0.0
Same day other   | 0.93      | 1.04      | 0.0       | 0.0       | 1.0       | 1.0       | 6.0
Infected         | 5.23      | 4.76      | 0.0       | 0.75      | 4.0       | 8.25      | 19.0

Infection rate (standing): 0.92%

Expected vs Observed (standing):
Metric           | Mean      | Std       | Min       | P25       | Median    | P75       | Max
-----------------------------------------------------------------------------------------------
Expected         | 5.47      | 4.27      | 0.0       | 2.6       | 6.9       | 6.94      | 17.16
Std              | 1.97      | 1.25      | 0.0       | 1.39      | 2.61      | 2.62      | 4.08
Z-score          | -0.07     | 1.04      | -1.89     | -0.73     | 0.0       | 0.04      | 4.57

Per-generation breakdown (sitting):
Generation 1     | 4.58      | 5.58      | 0.0       | 0.0       | 2.0       | 8.0       | 21.0
Generation 2     | 10.98     | 13.93     | 0.0       | 0.0       | 4.5       | 19.0      | 55.0
Generation 3     | 20.98     | 28.12     | 0.0       | 0.0       | 6.5       | 39.0      | 125.0
Generation 4     | 23.85     | 34.03     | 0.0       | 0.0       | 4.0       | 33.25     | 126.0
Generation 5     | 14.77     | 22.45     | 0.0       | 0.0       | 2.5       | 17.0      | 81.0
Generation 6     | 6.47      | 10.46     | 0.0       | 0.0       | 1.0       | 9.0       | 41.0
Generation 7     | 2.1       | 3.93      | 0.0       | 0.0       | 0.0       | 3.0       | 22.0
Generation 8     | 0.77      | 1.86      | 0.0       | 0.0       | 0.0       | 1.0       | 12.0
Generation 9     | 0.22      | 0.64      | 0.0       | 0.0       | 0.0       | 0.0       | 4.0
Generation 10    | 0.07      | 0.31      | 0.0       | 0.0       | 0.0       | 0.0       | 2.0
Generation 11    | 0.05      | 0.29      | 0.0       | 0.0       | 0.0       | 0.0       | 2.0

Per-generation breakdown (standing):
Generation 1     | 15.57     | 14.99     | 0.0       | 0.0       | 12.5      | 26.5      | 54.0
Generation 2     | 42.08     | 43.23     | 0.0       | 0.0       | 32.5      | 63.5      | 152.0
Generation 3     | 81.25     | 85.82     | 0.0       | 0.0       | 59.0      | 132.0     | 317.0
Generation 4     | 99.25     | 107.02    | 0.0       | 0.0       | 68.5      | 174.0     | 412.0
Generation 5     | 75.12     | 84.43     | 0.0       | 0.0       | 43.5      | 128.5     | 356.0
Generation 6     | 37.12     | 43.92     | 0.0       | 0.0       | 17.5      | 61.25     | 169.0
Generation 7     | 13.55     | 16.81     | 0.0       | 0.0       | 9.0       | 21.0      | 70.0
Generation 8     | 3.97      | 5.11      | 0.0       | 0.0       | 2.0       | 7.0       | 20.0
Generation 9     | 0.9       | 1.64      | 0.0       | 0.0       | 0.0       | 1.0       | 8.0
Generation 10    | 0.32      | 0.87      | 0.0       | 0.0       | 0.0       | 0.0       | 5.0
Generation 11    | 0.08      | 0.33      | 0.0       | 0.0       | 0.0       | 0.0       | 2.0


##############################
### Concert Day 25
##############################

--- Global Epidemic Metrics ---
Metric           | Mean      | Std       | Min       | P25       | Median    | P75       | Max
-----------------------------------------------------------------------------------------------
Total infected   | 405091.87 | 214.24    | 404466.0  | 404967.5  | 405114.5  | 405239.75 | 405643.0
Attack rate      | 93.22     | 0.05      | 93.08     | 93.19     | 93.23     | 93.26     | 93.35
R0               | 3.05      | 0.02      | 3.01      | 3.04      | 3.05      | 3.07      | 3.1
Infectious pop   | 1500.63   | 241.7     | 1075.0    | 1335.25   | 1495.5    | 1666.5    | 2177.0

--- Sitting (occupation 1) ---
Metric           | Mean      | Std       | Min       | P25       | Median    | P75       | Max
-----------------------------------------------------------------------------------------------
Susceptible      | 576.07    | 3.04      | 565.0     | 574.75    | 576.0     | 578.0     | 581.0
Infectious       | 2.02      | 1.52      | 0.0       | 1.0       | 2.0       | 3.0       | 6.0
Exposed          | 2.58      | 1.88      | 0.0       | 1.0       | 2.0       | 4.0       | 10.0
Recovered        | 1.12      | 0.96      | 0.0       | 0.0       | 1.0       | 2.0       | 3.0
Dead             | 0.0       | 0.0       | 0.0       | 0.0       | 0.0       | 0.0       | 0.0
Same day other   | 1.22      | 1.15      | 0.0       | 0.75      | 1.0       | 2.0       | 6.0
Infected         | 2.27      | 2.31      | 0.0       | 0.0       | 2.0       | 4.0       | 8.0

Infection rate (sitting): 0.39%

Expected vs Observed (sitting):
Metric           | Mean      | Std       | Min       | P25       | Median    | P75       | Max
-----------------------------------------------------------------------------------------------
Expected         | 2.54      | 1.91      | 0.0       | 1.26      | 2.53      | 3.79      | 7.51
Std              | 1.37      | 0.81      | 0.0       | 1.12      | 1.59      | 1.94      | 2.72
Z-score          | -0.16     | 0.91      | -2.25     | -0.94     | 0.0       | 0.13      | 2.43

--- Standing (occupation 2) ---
Metric           | Mean      | Std       | Min       | P25       | Median    | P75       | Max
-----------------------------------------------------------------------------------------------
Susceptible      | 568.85    | 2.58      | 563.0     | 567.0     | 569.0     | 571.0     | 574.0
Infectious       | 1.97      | 1.26      | 0.0       | 1.0       | 2.0       | 3.0       | 6.0
Exposed          | 3.17      | 1.74      | 0.0       | 2.0       | 3.0       | 4.0       | 7.0
Recovered        | 0.88      | 0.9       | 0.0       | 0.0       | 1.0       | 1.0       | 3.0
Dead             | 0.0       | 0.0       | 0.0       | 0.0       | 0.0       | 0.0       | 0.0
Same day other   | 1.13      | 1.0       | 0.0       | 0.0       | 1.0       | 2.0       | 4.0
Infected         | 6.6       | 4.89      | 0.0       | 3.0       | 6.0       | 9.25      | 19.0

Infection rate (standing): 1.16%

Expected vs Observed (standing):
Metric           | Mean      | Std       | Min       | P25       | Median    | P75       | Max
-----------------------------------------------------------------------------------------------
Expected         | 6.78      | 4.31      | 0.0       | 3.47      | 6.92      | 10.29     | 20.46
Std              | 2.39      | 0.98      | 0.0       | 1.86      | 2.61      | 3.18      | 4.44
Z-score          | -0.01     | 1.27      | -2.26     | -0.79     | -0.24     | 0.83      | 2.74

Per-generation breakdown (sitting):
Generation 1     | 6.32      | 7.21      | 0.0       | 0.0       | 3.5       | 11.25     | 26.0
Generation 2     | 15.22     | 19.26     | 0.0       | 0.0       | 6.0       | 28.25     | 70.0
Generation 3     | 28.35     | 39.72     | 0.0       | 0.0       | 9.5       | 46.25     | 178.0
Generation 4     | 31.88     | 52.26     | 0.0       | 0.0       | 6.5       | 48.5      | 263.0
Generation 5     | 24.22     | 45.51     | 0.0       | 0.0       | 3.0       | 30.75     | 267.0
Generation 6     | 11.58     | 24.37     | 0.0       | 0.0       | 1.0       | 11.5      | 152.0
Generation 7     | 4.15      | 9.86      | 0.0       | 0.0       | 0.0       | 4.0       | 63.0
Generation 8     | 1.18      | 3.17      | 0.0       | 0.0       | 0.0       | 1.0       | 20.0
Generation 9     | 0.33      | 1.1       | 0.0       | 0.0       | 0.0       | 0.0       | 5.0
Generation 10    | 0.05      | 0.29      | 0.0       | 0.0       | 0.0       | 0.0       | 2.0

Per-generation breakdown (standing):
Generation 1     | 19.45     | 16.14     | 0.0       | 6.75      | 15.5      | 31.25     | 60.0
Generation 2     | 49.47     | 43.21     | 0.0       | 18.5      | 39.5      | 77.0      | 168.0
Generation 3     | 86.02     | 78.71     | 0.0       | 27.5      | 67.0      | 128.5     | 326.0
Generation 4     | 91.23     | 89.27     | 0.0       | 23.0      | 68.5      | 145.0     | 382.0
Generation 5     | 62.7      | 63.55     | 0.0       | 11.75     | 42.0      | 90.0      | 239.0
Generation 6     | 29.82     | 35.35     | 0.0       | 3.75      | 19.0      | 37.75     | 174.0
Generation 7     | 10.67     | 14.9      | 0.0       | 1.0       | 5.5       | 16.25     | 88.0
Generation 8     | 2.97      | 5.25      | 0.0       | 0.0       | 1.0       | 4.0       | 33.0
Generation 9     | 0.67      | 2.01      | 0.0       | 0.0       | 0.0       | 0.0       | 13.0
Generation 10    | 0.17      | 0.94      | 0.0       | 0.0       | 0.0       | 0.0       | 7.0
Generation 11    | 0.05      | 0.29      | 0.0       | 0.0       | 0.0       | 0.0       | 2.0


##############################
### Concert Day 26
##############################

--- Global Epidemic Metrics ---
Metric           | Mean      | Std       | Min       | P25       | Median    | P75       | Max
-----------------------------------------------------------------------------------------------
Total infected   | 405089.7  | 213.34    | 404554.0  | 404988.0  | 405114.5  | 405247.25 | 405658.0
Attack rate      | 93.22     | 0.05      | 93.1      | 93.2      | 93.23     | 93.26     | 93.35
R0               | 3.06      | 0.02      | 3.0       | 3.04      | 3.05      | 3.07      | 3.1
Infectious pop   | 1826.4    | 271.39    | 1394.0    | 1629.75   | 1771.5    | 2064.75   | 2439.0

--- Sitting (occupation 1) ---
Metric           | Mean      | Std       | Min       | P25       | Median    | P75       | Max
-----------------------------------------------------------------------------------------------
Susceptible      | 573.62    | 3.24      | 564.0     | 571.75    | 573.0     | 576.0     | 580.0
Infectious       | 2.67      | 1.59      | 0.0       | 1.75      | 3.0       | 3.25      | 7.0
Exposed          | 3.75      | 2.06      | 0.0       | 2.0       | 4.0       | 5.0       | 9.0
Recovered        | 1.37      | 1.26      | 0.0       | 0.0       | 1.0       | 2.0       | 4.0
Dead             | 0.0       | 0.0       | 0.0       | 0.0       | 0.0       | 0.0       | 0.0
Same day other   | 1.6       | 1.18      | 0.0       | 1.0       | 1.5       | 2.0       | 5.0
Infected         | 3.1       | 2.17      | 0.0       | 1.75      | 3.0       | 5.0       | 8.0

Infection rate (sitting): 0.54%

Expected vs Observed (sitting):
Metric           | Mean      | Std       | Min       | P25       | Median    | P75       | Max
-----------------------------------------------------------------------------------------------
Expected         | 3.34      | 1.98      | 0.0       | 2.19      | 3.76      | 4.1       | 8.61
Std              | 1.69      | 0.68      | 0.0       | 1.46      | 1.93      | 2.01      | 2.91
Z-score          | -0.09     | 0.94      | -2.02     | -0.91     | -0.2      | 0.39      | 2.44

--- Standing (occupation 2) ---
Metric           | Mean      | Std       | Min       | P25       | Median    | P75       | Max
-----------------------------------------------------------------------------------------------
Susceptible      | 567.32    | 3.14      | 558.0     | 565.75    | 568.0     | 569.25    | 572.0
Infectious       | 2.12      | 1.61      | 0.0       | 1.0       | 2.0       | 3.0       | 7.0
Exposed          | 3.58      | 1.76      | 0.0       | 2.0       | 3.0       | 5.0       | 8.0
Recovered        | 1.23      | 1.17      | 0.0       | 0.0       | 1.0       | 2.0       | 5.0
Dead             | 0.0       | 0.0       | 0.0       | 0.0       | 0.0       | 0.0       | 0.0
Same day other   | 1.75      | 1.3       | 0.0       | 1.0       | 2.0       | 2.0       | 5.0
Infected         | 6.17      | 5.25      | 0.0       | 2.0       | 6.0       | 9.0       | 27.0

Infection rate (standing): 1.09%

Expected vs Observed (standing):
Metric           | Mean      | Std       | Min       | P25       | Median    | P75       | Max
-----------------------------------------------------------------------------------------------
Expected         | 7.25      | 5.44      | 0.0       | 3.46      | 6.91      | 10.31     | 23.71
Std              | 2.32      | 1.33      | 0.0       | 1.86      | 2.61      | 3.18      | 4.77
Z-score          | -0.3      | 1.07      | -2.92     | -1.05     | -0.19     | 0.03      | 1.9

Per-generation breakdown (sitting):
Generation 1     | 9.63      | 7.85      | 0.0       | 3.0       | 9.0       | 14.25     | 38.0
Generation 2     | 22.32     | 21.88     | 0.0       | 4.75      | 19.0      | 33.25     | 127.0
Generation 3     | 36.33     | 36.04     | 0.0       | 5.0       | 33.5      | 53.0      | 183.0
Generation 4     | 38.45     | 44.94     | 0.0       | 3.5       | 30.0      | 56.0      | 227.0
Generation 5     | 24.22     | 33.44     | 0.0       | 1.0       | 14.5      | 38.0      | 202.0
Generation 6     | 10.33     | 16.72     | 0.0       | 0.0       | 4.5       | 14.0      | 106.0
Generation 7     | 3.0       | 5.31      | 0.0       | 0.0       | 1.0       | 4.0       | 33.0
Generation 8     | 0.72      | 2.07      | 0.0       | 0.0       | 0.0       | 1.0       | 15.0
Generation 9     | 0.18      | 0.72      | 0.0       | 0.0       | 0.0       | 0.0       | 5.0
Generation 10    | 0.05      | 0.29      | 0.0       | 0.0       | 0.0       | 0.0       | 2.0
Generation 11    | 0.02      | 0.13      | 0.0       | 0.0       | 0.0       | 0.0       | 1.0

Per-generation breakdown (standing):
Generation 1     | 17.95     | 17.67     | 0.0       | 3.75      | 17.0      | 27.0      | 100.0
Generation 2     | 43.1      | 43.33     | 0.0       | 10.75     | 41.5      | 68.25     | 256.0
Generation 3     | 71.32     | 73.33     | 0.0       | 13.5      | 65.5      | 105.5     | 432.0
Generation 4     | 68.37     | 71.32     | 0.0       | 9.5       | 62.5      | 97.0      | 413.0
Generation 5     | 41.4      | 44.47     | 0.0       | 4.75      | 35.0      | 59.0      | 236.0
Generation 6     | 16.95     | 19.07     | 0.0       | 0.75      | 12.5      | 23.25     | 89.0
Generation 7     | 5.2       | 6.34      | 0.0       | 0.0       | 3.0       | 7.0       | 29.0
Generation 8     | 1.5       | 2.56      | 0.0       | 0.0       | 0.0       | 2.0       | 15.0
Generation 9     | 0.43      | 1.31      | 0.0       | 0.0       | 0.0       | 0.0       | 9.0
Generation 10    | 0.07      | 0.41      | 0.0       | 0.0       | 0.0       | 0.0       | 3.0
Generation 11    | 0.03      | 0.26      | 0.0       | 0.0       | 0.0       | 0.0       | 2.0


##############################
### Concert Day 27
##############################

--- Global Epidemic Metrics ---
Metric           | Mean      | Std       | Min       | P25       | Median    | P75       | Max
-----------------------------------------------------------------------------------------------
Total infected   | 405063.05 | 203.91    | 404595.0  | 404925.0  | 405083.0  | 405200.25 | 405523.0
Attack rate      | 93.22     | 0.05      | 93.11     | 93.18     | 93.22     | 93.25     | 93.32
R0               | 3.06      | 0.02      | 3.01      | 3.05      | 3.06      | 3.07      | 3.08
Infectious pop   | 2206.03   | 358.61    | 1568.0    | 1923.75   | 2146.5    | 2475.25   | 3162.0

--- Sitting (occupation 1) ---
Metric           | Mean      | Std       | Min       | P25       | Median    | P75       | Max
-----------------------------------------------------------------------------------------------
Susceptible      | 571.88    | 3.76      | 564.0     | 569.75    | 572.0     | 574.0     | 579.0
Infectious       | 3.18      | 1.97      | 0.0       | 2.0       | 3.0       | 4.0       | 8.0
Exposed          | 4.13      | 1.85      | 0.0       | 3.0       | 4.0       | 5.0       | 8.0
Recovered        | 1.7       | 1.15      | 0.0       | 1.0       | 2.0       | 2.0       | 5.0
Dead             | 0.0       | 0.0       | 0.0       | 0.0       | 0.0       | 0.0       | 0.0
Same day other   | 2.1       | 1.73      | 0.0       | 1.0       | 2.0       | 3.0       | 9.0
Infected         | 4.03      | 3.22      | 0.0       | 2.0       | 3.5       | 6.0       | 15.0

Infection rate (sitting): 0.71%

Expected vs Observed (sitting):
Metric           | Mean      | Std       | Min       | P25       | Median    | P75       | Max
-----------------------------------------------------------------------------------------------
Expected         | 3.97      | 2.43      | 0.0       | 2.51      | 3.77      | 5.01      | 9.9
Std              | 1.84      | 0.75      | 0.0       | 1.58      | 1.94      | 2.23      | 3.12
Z-score          | 0.05      | 1.12      | -2.25     | -0.9      | 0.0       | 0.72      | 4.11

--- Standing (occupation 2) ---
Metric           | Mean      | Std       | Min       | P25       | Median    | P75       | Max
-----------------------------------------------------------------------------------------------
Susceptible      | 565.82    | 4.04      | 556.0     | 563.75    | 566.0     | 568.0     | 574.0
Infectious       | 3.1       | 1.5       | 0.0       | 2.0       | 3.0       | 4.0       | 7.0
Exposed          | 4.17      | 2.17      | 0.0       | 2.75      | 4.0       | 5.0       | 11.0
Recovered        | 1.2       | 1.27      | 0.0       | 0.0       | 1.0       | 2.0       | 5.0
Dead             | 0.0       | 0.0       | 0.0       | 0.0       | 0.0       | 0.0       | 0.0
Same day other   | 1.72      | 1.26      | 0.0       | 1.0       | 2.0       | 2.25      | 5.0
Infected         | 11.4      | 6.87      | 0.0       | 6.75      | 11.0      | 15.25     | 28.0

Infection rate (standing): 2.01%

Expected vs Observed (standing):
Metric           | Mean      | Std       | Min       | P25       | Median    | P75       | Max
-----------------------------------------------------------------------------------------------
Expected         | 10.58     | 5.03      | 0.0       | 6.9       | 10.29     | 13.67     | 23.71
Std              | 3.11      | 0.83      | 0.0       | 2.61      | 3.18      | 3.65      | 4.77
Z-score          | 0.24      | 1.27      | -2.64     | -0.75     | 0.29      | 0.97      | 2.96

Per-generation breakdown (sitting):
Generation 1     | 11.5      | 10.09     | 0.0       | 3.75      | 9.0       | 15.5      | 39.0
Generation 2     | 24.08     | 22.49     | 0.0       | 6.0       | 19.5      | 38.25     | 101.0
Generation 3     | 34.73     | 34.96     | 0.0       | 5.75      | 25.0      | 52.25     | 165.0
Generation 4     | 30.23     | 33.83     | 0.0       | 2.75      | 18.0      | 47.25     | 140.0
Generation 5     | 16.57     | 19.92     | 0.0       | 1.0       | 10.0      | 25.25     | 75.0
Generation 6     | 5.78      | 7.48      | 0.0       | 0.0       | 2.0       | 9.25      | 29.0
Generation 7     | 1.67      | 2.47      | 0.0       | 0.0       | 0.0       | 2.25      | 8.0
Generation 8     | 0.43      | 0.89      | 0.0       | 0.0       | 0.0       | 0.25      | 4.0
Generation 9     | 0.1       | 0.4       | 0.0       | 0.0       | 0.0       | 0.0       | 2.0
Generation 10    | 0.02      | 0.13      | 0.0       | 0.0       | 0.0       | 0.0       | 1.0

Per-generation breakdown (standing):
Generation 1     | 29.65     | 18.61     | 0.0       | 15.75     | 27.0      | 42.25     | 86.0
Generation 2     | 67.48     | 43.15     | 0.0       | 36.5      | 57.0      | 91.5      | 228.0
Generation 3     | 107.08    | 68.63     | 0.0       | 55.0      | 90.5      | 144.25    | 332.0
Generation 4     | 100.42    | 70.26     | 0.0       | 46.75     | 90.0      | 138.25    | 320.0
Generation 5     | 62.13     | 48.83     | 0.0       | 23.75     | 47.0      | 86.5      | 240.0
Generation 6     | 26.42     | 23.75     | 0.0       | 8.75      | 19.0      | 37.75     | 127.0
Generation 7     | 8.57      | 9.54      | 0.0       | 2.0       | 6.0       | 11.0      | 53.0
Generation 8     | 1.85      | 2.65      | 0.0       | 0.0       | 1.0       | 3.0       | 13.0
Generation 9     | 0.42      | 1.0       | 0.0       | 0.0       | 0.0       | 0.0       | 5.0
Generation 10    | 0.17      | 0.56      | 0.0       | 0.0       | 0.0       | 0.0       | 3.0
Generation 11    | 0.07      | 0.31      | 0.0       | 0.0       | 0.0       | 0.0       | 2.0


##############################
### Concert Day 28
##############################

--- Global Epidemic Metrics ---
Metric           | Mean      | Std       | Min       | P25       | Median    | P75       | Max
-----------------------------------------------------------------------------------------------
Total infected   | 405119.97 | 223.72    | 404491.0  | 404957.75 | 405173.5  | 405304.0  | 405488.0
Attack rate      | 93.23     | 0.05      | 93.08     | 93.19     | 93.24     | 93.27     | 93.31
R0               | 3.06      | 0.02      | 3.01      | 3.05      | 3.06      | 3.07      | 3.11
Infectious pop   | 2702.17   | 406.11    | 1946.0    | 2485.0    | 2605.0    | 2938.75   | 3736.0

--- Sitting (occupation 1) ---
Metric           | Mean      | Std       | Min       | P25       | Median    | P75       | Max
-----------------------------------------------------------------------------------------------
Susceptible      | 570.07    | 4.27      | 561.0     | 567.0     | 570.0     | 572.25    | 578.0
Infectious       | 3.65      | 2.05      | 0.0       | 2.0       | 3.0       | 5.0       | 10.0
Exposed          | 5.0       | 2.41      | 0.0       | 3.75      | 5.0       | 6.0       | 11.0
Recovered        | 1.92      | 1.49      | 0.0       | 1.0       | 2.0       | 2.25      | 7.0
Dead             | 0.0       | 0.0       | 0.0       | 0.0       | 0.0       | 0.0       | 0.0
Same day other   | 2.37      | 1.91      | 0.0       | 1.0       | 2.0       | 3.25      | 7.0
Infected         | 4.1       | 3.9       | 0.0       | 1.0       | 3.0       | 6.0       | 18.0

Infection rate (sitting): 0.72%

Expected vs Observed (sitting):
Metric           | Mean      | Std       | Min       | P25       | Median    | P75       | Max
-----------------------------------------------------------------------------------------------
Expected         | 4.54      | 2.52      | 0.0       | 2.53      | 3.78      | 6.19      | 12.26
Std              | 2.03      | 0.63      | 0.0       | 1.59      | 1.94      | 2.47      | 3.46
Z-score          | -0.26     | 1.18      | -2.29     | -1.16     | -0.38     | 0.46      | 2.76

--- Standing (occupation 2) ---
Metric           | Mean      | Std       | Min       | P25       | Median    | P75       | Max
-----------------------------------------------------------------------------------------------
Susceptible      | 563.17    | 3.79      | 553.0     | 560.75    | 564.0     | 566.0     | 572.0
Infectious       | 3.68      | 2.06      | 1.0       | 2.0       | 4.0       | 5.0       | 12.0
Exposed          | 5.2       | 2.2       | 1.0       | 3.75      | 5.0       | 7.0       | 11.0
Recovered        | 1.83      | 1.54      | 0.0       | 1.0       | 1.0       | 3.0       | 5.0
Dead             | 0.0       | 0.0       | 0.0       | 0.0       | 0.0       | 0.0       | 0.0
Same day other   | 2.12      | 1.46      | 0.0       | 1.0       | 2.0       | 3.0       | 6.0
Infected         | 12.53     | 8.2       | 0.0       | 5.0       | 12.5      | 17.0      | 42.0

Infection rate (standing): 2.23%

Expected vs Observed (standing):
Metric           | Mean      | Std       | Min       | P25       | Median    | P75       | Max
-----------------------------------------------------------------------------------------------
Expected         | 12.47     | 6.82      | 3.44      | 6.88      | 13.47     | 16.89     | 39.26
Std              | 3.36      | 0.93      | 1.85      | 2.61      | 3.63      | 4.05      | 6.04
Z-score          | -0.02     | 1.15      | -2.59     | -0.99     | 0.02      | 0.84      | 3.06

Per-generation breakdown (sitting):
Generation 1     | 11.58     | 13.02     | 0.0       | 2.0       | 8.5       | 16.25     | 55.0
Generation 2     | 23.07     | 27.76     | 0.0       | 2.0       | 13.0      | 33.75     | 108.0
Generation 3     | 31.6      | 37.9      | 0.0       | 0.0       | 17.5      | 50.25     | 140.0
Generation 4     | 25.32     | 32.26     | 0.0       | 0.0       | 15.0      | 39.5      | 124.0
Generation 5     | 12.77     | 18.16     | 0.0       | 0.0       | 5.0       | 15.0      | 76.0
Generation 6     | 4.72      | 6.97      | 0.0       | 0.0       | 1.5       | 7.25      | 25.0
Generation 7     | 1.43      | 2.33      | 0.0       | 0.0       | 0.0       | 2.0       | 9.0
Generation 8     | 0.28      | 0.76      | 0.0       | 0.0       | 0.0       | 0.0       | 4.0
Generation 9     | 0.07      | 0.25      | 0.0       | 0.0       | 0.0       | 0.0       | 1.0

Per-generation breakdown (standing):
Generation 1     | 34.22     | 23.45     | 0.0       | 16.75     | 31.5      | 50.0      | 120.0
Generation 2     | 75.85     | 52.28     | 0.0       | 32.75     | 75.5      | 112.5     | 245.0
Generation 3     | 106.1     | 72.34     | 0.0       | 47.0      | 107.0     | 156.25    | 289.0
Generation 4     | 87.8      | 59.8      | 0.0       | 33.75     | 79.0      | 135.0     | 225.0
Generation 5     | 46.2      | 34.0      | 0.0       | 19.5      | 39.5      | 72.25     | 142.0
Generation 6     | 16.93     | 14.09     | 0.0       | 5.0       | 15.0      | 25.25     | 64.0
Generation 7     | 5.42      | 5.09      | 0.0       | 1.75      | 4.0       | 8.0       | 27.0
Generation 8     | 1.37      | 1.92      | 0.0       | 0.0       | 1.0       | 2.0       | 12.0
Generation 9     | 0.15      | 0.4       | 0.0       | 0.0       | 0.0       | 0.0       | 2.0
Generation 10    | 0.02      | 0.13      | 0.0       | 0.0       | 0.0       | 0.0       | 1.0


##############################
### Concert Day 29
##############################

--- Global Epidemic Metrics ---
Metric           | Mean      | Std       | Min       | P25       | Median    | P75       | Max
-----------------------------------------------------------------------------------------------
Total infected   | 405069.38 | 240.05    | 404435.0  | 404909.25 | 405065.0  | 405249.0  | 405519.0
Attack rate      | 93.22     | 0.06      | 93.07     | 93.18     | 93.22     | 93.26     | 93.32
R0               | 3.06      | 0.02      | 3.01      | 3.05      | 3.06      | 3.07      | 3.09
Infectious pop   | 3368.87   | 572.94    | 2475.0    | 2920.75   | 3246.0    | 3755.25   | 4770.0

--- Sitting (occupation 1) ---
Metric           | Mean      | Std       | Min       | P25       | Median    | P75       | Max
-----------------------------------------------------------------------------------------------
Susceptible      | 567.12    | 4.4       | 555.0     | 564.75    | 568.0     | 570.0     | 576.0
Infectious       | 4.3       | 1.88      | 0.0       | 3.0       | 4.0       | 6.0       | 9.0
Exposed          | 6.18      | 3.14      | 1.0       | 4.0       | 5.5       | 8.0       | 16.0
Recovered        | 2.42      | 1.74      | 0.0       | 1.0       | 2.0       | 3.25      | 6.0
Dead             | 0.0       | 0.0       | 0.0       | 0.0       | 0.0       | 0.0       | 0.0
Same day other   | 2.98      | 1.68      | 0.0       | 2.0       | 3.0       | 4.0       | 7.0
Infected         | 5.83      | 3.7       | 0.0       | 3.0       | 6.0       | 8.0       | 20.0

Infection rate (sitting): 1.03%

Expected vs Observed (sitting):
Metric           | Mean      | Std       | Min       | P25       | Median    | P75       | Max
-----------------------------------------------------------------------------------------------
Expected         | 5.32      | 2.3       | 0.0       | 3.74      | 4.99      | 7.34      | 10.93
Std              | 2.21      | 0.61      | 0.0       | 1.93      | 2.22      | 2.69      | 3.27
Z-score          | 0.27      | 1.36      | -2.24     | -0.53     | 0.0       | 0.92      | 3.93

--- Standing (occupation 2) ---
Metric           | Mean      | Std       | Min       | P25       | Median    | P75       | Max
-----------------------------------------------------------------------------------------------
Susceptible      | 560.37    | 4.68      | 550.0     | 557.0     | 560.5     | 564.0     | 570.0
Infectious       | 4.18      | 2.25      | 0.0       | 2.75      | 4.0       | 6.0       | 9.0
Exposed          | 6.58      | 2.85      | 2.0       | 4.0       | 6.5       | 8.25      | 14.0
Recovered        | 2.25      | 1.57      | 0.0       | 1.0       | 2.0       | 3.0       | 7.0
Dead             | 0.0       | 0.0       | 0.0       | 0.0       | 0.0       | 0.0       | 0.0
Same day other   | 2.62      | 1.86      | 0.0       | 1.0       | 2.0       | 4.0       | 8.0
Infected         | 14.1      | 9.77      | 0.0       | 7.0       | 11.0      | 20.25     | 39.0

Infection rate (standing): 2.52%

Expected vs Observed (standing):
Metric           | Mean      | Std       | Min       | P25       | Median    | P75       | Max
-----------------------------------------------------------------------------------------------
Expected         | 14.07     | 7.42      | 0.0       | 9.29      | 13.49     | 20.07     | 29.77
Std              | 3.54      | 1.06      | 0.0       | 3.01      | 3.63      | 4.4       | 5.31
Z-score          | -0.05     | 1.25      | -2.37     | -0.81     | -0.09     | 0.67      | 2.54

Per-generation breakdown (sitting):
Generation 1     | 14.53     | 9.86      | 0.0       | 6.75      | 13.0      | 19.25     | 47.0
Generation 2     | 29.02     | 21.37     | 0.0       | 13.5      | 27.5      | 37.25     | 91.0
Generation 3     | 36.95     | 29.0      | 0.0       | 17.0      | 29.5      | 48.25     | 120.0
Generation 4     | 28.17     | 23.69     | 0.0       | 11.5      | 22.0      | 39.0      | 103.0
Generation 5     | 13.62     | 12.94     | 0.0       | 3.75      | 11.0      | 18.25     | 56.0
Generation 6     | 5.17      | 5.8       | 0.0       | 1.0       | 3.0       | 8.0       | 23.0
Generation 7     | 1.28      | 2.07      | 0.0       | 0.0       | 1.0       | 1.0       | 10.0
Generation 8     | 0.15      | 0.4       | 0.0       | 0.0       | 0.0       | 0.0       | 2.0
Generation 9     | 0.02      | 0.13      | 0.0       | 0.0       | 0.0       | 0.0       | 1.0

Per-generation breakdown (standing):
Generation 1     | 36.25     | 25.48     | 0.0       | 18.75     | 29.0      | 50.75     | 117.0
Generation 2     | 71.93     | 52.15     | 0.0       | 34.25     | 65.0      | 99.0      | 246.0
Generation 3     | 89.95     | 64.72     | 0.0       | 39.25     | 76.5      | 131.5     | 289.0
Generation 4     | 65.58     | 47.21     | 0.0       | 29.75     | 58.0      | 94.0      | 179.0
Generation 5     | 30.48     | 24.89     | 0.0       | 10.75     | 23.0      | 46.5      | 90.0
Generation 6     | 9.85      | 8.65      | 0.0       | 3.0       | 8.0       | 14.0      | 35.0
Generation 7     | 3.15      | 3.16      | 0.0       | 0.75      | 2.5       | 5.0       | 13.0
Generation 8     | 0.8       | 1.36      | 0.0       | 0.0       | 0.0       | 1.0       | 6.0
Generation 9     | 0.18      | 0.57      | 0.0       | 0.0       | 0.0       | 0.0       | 3.0
Generation 10    | 0.02      | 0.13      | 0.0       | 0.0       | 0.0       | 0.0       | 1.0


##############################
### Concert Day 30
##############################

--- Global Epidemic Metrics ---
Metric           | Mean      | Std       | Min       | P25       | Median    | P75       | Max
-----------------------------------------------------------------------------------------------
Total infected   | 405075.65 | 203.14    | 404594.0  | 404954.75 | 405100.5  | 405212.75 | 405554.0
Attack rate      | 93.22     | 0.05      | 93.11     | 93.19     | 93.22     | 93.25     | 93.33
R0               | 3.06      | 0.02      | 3.01      | 3.05      | 3.06      | 3.07      | 3.1
Infectious pop   | 4044.13   | 587.01    | 2702.0    | 3643.25   | 4006.5    | 4436.25   | 5677.0

--- Sitting (occupation 1) ---
Metric           | Mean      | Std       | Min       | P25       | Median    | P75       | Max
-----------------------------------------------------------------------------------------------
Susceptible      | 565.0     | 5.67      | 551.0     | 561.75    | 566.0     | 569.0     | 577.0
Infectious       | 4.8       | 2.15      | 1.0       | 3.0       | 5.0       | 6.0       | 10.0
Exposed          | 7.07      | 2.77      | 1.0       | 5.0       | 7.0       | 9.0       | 13.0
Recovered        | 2.75      | 1.76      | 0.0       | 2.0       | 2.5       | 4.0       | 9.0
Dead             | 0.0       | 0.0       | 0.0       | 0.0       | 0.0       | 0.0       | 0.0
Same day other   | 3.38      | 2.0       | 0.0       | 2.0       | 3.0       | 4.0       | 9.0
Infected         | 5.87      | 3.18      | 1.0       | 4.0       | 5.5       | 7.0       | 16.0

Infection rate (sitting): 1.04%

Expected vs Observed (sitting):
Metric           | Mean      | Std       | Min       | P25       | Median    | P75       | Max
-----------------------------------------------------------------------------------------------
Expected         | 5.91      | 2.59      | 1.24      | 3.75      | 6.16      | 7.37      | 12.28
Std              | 2.35      | 0.55      | 1.11      | 1.93      | 2.47      | 2.7       | 3.47
Z-score          | 0.03      | 0.99      | -2.07     | -0.59     | -0.12     | 0.73      | 2.04

--- Standing (occupation 2) ---
Metric           | Mean      | Std       | Min       | P25       | Median    | P75       | Max
-----------------------------------------------------------------------------------------------
Susceptible      | 557.98    | 5.26      | 545.0     | 554.0     | 559.0     | 562.0     | 569.0
Infectious       | 4.92      | 2.22      | 0.0       | 3.0       | 5.0       | 6.0       | 13.0
Exposed          | 6.97      | 3.39      | 1.0       | 5.0       | 6.0       | 9.25      | 15.0
Recovered        | 2.6       | 1.76      | 0.0       | 1.0       | 2.0       | 3.0       | 8.0
Dead             | 0.0       | 0.0       | 0.0       | 0.0       | 0.0       | 0.0       | 0.0
Same day other   | 3.53      | 2.14      | 0.0       | 2.0       | 3.0       | 5.0       | 10.0
Infected         | 15.83     | 8.64      | 0.0       | 10.75     | 14.5      | 20.0      | 46.0

Infection rate (standing): 2.84%

Expected vs Observed (standing):
Metric           | Mean      | Std       | Min       | P25       | Median    | P75       | Max
-----------------------------------------------------------------------------------------------
Expected         | 16.44     | 7.21      | 0.0       | 10.28     | 16.62     | 20.26     | 42.02
Std              | 3.87      | 0.95      | 0.0       | 3.18      | 4.01      | 4.42      | 6.23
Z-score          | -0.16     | 1.08      | -2.17     | -0.92     | -0.35     | 0.51      | 2.4

Per-generation breakdown (sitting):
Generation 1     | 13.47     | 8.0       | 1.0       | 7.0       | 13.0      | 19.0      | 36.0
Generation 2     | 25.85     | 15.91     | 0.0       | 14.0      | 24.5      | 36.5      | 58.0
Generation 3     | 30.65     | 20.09     | 0.0       | 15.0      | 26.0      | 44.5      | 67.0
Generation 4     | 20.18     | 14.96     | 0.0       | 8.75      | 16.0      | 31.25     | 56.0
Generation 5     | 9.32      | 8.3       | 0.0       | 2.75      | 7.0       | 15.25     | 33.0
Generation 6     | 3.12      | 3.4       | 0.0       | 1.0       | 2.0       | 4.0       | 15.0
Generation 7     | 0.9       | 1.39      | 0.0       | 0.0       | 0.0       | 1.25      | 6.0
Generation 8     | 0.2       | 0.58      | 0.0       | 0.0       | 0.0       | 0.0       | 3.0
Generation 9     | 0.07      | 0.31      | 0.0       | 0.0       | 0.0       | 0.0       | 2.0
Generation 10    | 0.02      | 0.13      | 0.0       | 0.0       | 0.0       | 0.0       | 1.0

Per-generation breakdown (standing):
Generation 1     | 40.45     | 22.92     | 0.0       | 26.0      | 37.5      | 54.0      | 137.0
Generation 2     | 75.18     | 42.46     | 0.0       | 47.5      | 71.5      | 94.75     | 240.0
Generation 3     | 85.62     | 48.04     | 0.0       | 50.75     | 85.0      | 114.0     | 251.0
Generation 4     | 58.45     | 32.41     | 0.0       | 35.25     | 57.0      | 78.25     | 156.0
Generation 5     | 26.9      | 16.91     | 0.0       | 16.75     | 23.5      | 36.5      | 85.0
Generation 6     | 8.87      | 7.49      | 0.0       | 4.75      | 8.0       | 11.0      | 47.0
Generation 7     | 2.57      | 3.29      | 0.0       | 0.0       | 2.0       | 3.0       | 19.0
Generation 8     | 0.52      | 0.89      | 0.0       | 0.0       | 0.0       | 1.0       | 4.0
Generation 9     | 0.08      | 0.42      | 0.0       | 0.0       | 0.0       | 0.0       | 3.0


##############################
### Concert Day 31
##############################

--- Global Epidemic Metrics ---
Metric           | Mean      | Std       | Min       | P25       | Median    | P75       | Max
-----------------------------------------------------------------------------------------------
Total infected   | 405108.38 | 205.05    | 404690.0  | 404951.75 | 405086.5  | 405230.5  | 405788.0
Attack rate      | 93.23     | 0.05      | 93.13     | 93.19     | 93.22     | 93.25     | 93.38
R0               | 3.05      | 0.02      | 3.02      | 3.04      | 3.05      | 3.06      | 3.1
Infectious pop   | 4840.98   | 769.74    | 3006.0    | 4223.5    | 4808.5    | 5252.75   | 6501.0

--- Sitting (occupation 1) ---
Metric           | Mean      | Std       | Min       | P25       | Median    | P75       | Max
-----------------------------------------------------------------------------------------------
Susceptible      | 559.23    | 5.94      | 541.0     | 555.75    | 560.0     | 563.25    | 573.0
Infectious       | 6.97      | 2.83      | 2.0       | 5.0       | 7.0       | 8.25      | 16.0
Exposed          | 9.05      | 3.26      | 1.0       | 7.0       | 9.0       | 11.0      | 16.0
Recovered        | 3.75      | 1.85      | 0.0       | 2.75      | 3.0       | 5.25      | 7.0
Dead             | 0.0       | 0.0       | 0.0       | 0.0       | 0.0       | 0.0       | 0.0
Same day other   | 4.0       | 2.12      | 0.0       | 3.0       | 4.0       | 5.0       | 13.0
Infected         | 8.12      | 4.44      | 0.0       | 4.0       | 8.0       | 11.0      | 19.0

Infection rate (sitting): 1.45%

Expected vs Observed (sitting):
Metric           | Mean      | Std       | Min       | P25       | Median    | P75       | Max
-----------------------------------------------------------------------------------------------
Expected         | 8.46      | 3.36      | 2.47      | 6.18      | 8.42      | 10.09     | 19.04
Std              | 2.83      | 0.57      | 1.57      | 2.47      | 2.88      | 3.15      | 4.29
Z-score          | -0.14     | 1.02      | -2.54     | -0.83     | -0.05     | 0.43      | 2.08

--- Standing (occupation 2) ---
Metric           | Mean      | Std       | Min       | P25       | Median    | P75       | Max
-----------------------------------------------------------------------------------------------
Susceptible      | 553.43    | 5.68      | 543.0     | 549.0     | 554.5     | 557.25    | 566.0
Infectious       | 6.23      | 2.59      | 1.0       | 4.0       | 6.0       | 7.25      | 13.0
Exposed          | 9.27      | 3.49      | 2.0       | 6.0       | 9.0       | 11.0      | 17.0
Recovered        | 3.42      | 1.71      | 0.0       | 2.0       | 3.5       | 4.25      | 8.0
Dead             | 0.0       | 0.0       | 0.0       | 0.0       | 0.0       | 0.0       | 0.0
Same day other   | 3.65      | 2.4       | 0.0       | 2.0       | 3.0       | 5.0       | 10.0
Infected         | 18.88     | 9.99      | 4.0       | 10.0      | 17.0      | 26.25     | 46.0

Infection rate (standing): 3.41%

Expected vs Observed (standing):
Metric           | Mean      | Std       | Min       | P25       | Median    | P75       | Max
-----------------------------------------------------------------------------------------------
Expected         | 20.58     | 8.26      | 3.41      | 13.54     | 19.96     | 24.29     | 41.57
Std              | 4.35      | 0.88      | 1.84      | 3.64      | 4.39      | 4.82      | 6.2
Z-score          | -0.39     | 1.24      | -2.94     | -1.24     | -0.55     | 0.56      | 2.39

Per-generation breakdown (sitting):
Generation 1     | 20.33     | 13.66     | 0.0       | 9.75      | 18.5      | 27.25     | 53.0
Generation 2     | 35.12     | 25.03     | 0.0       | 15.75     | 29.0      | 47.5      | 106.0
Generation 3     | 37.17     | 29.49     | 0.0       | 12.75     | 33.0      | 55.0      | 132.0
Generation 4     | 22.82     | 19.47     | 0.0       | 6.0       | 19.0      | 31.5      | 79.0
Generation 5     | 8.6       | 7.91      | 0.0       | 1.75      | 7.0       | 13.25     | 30.0
Generation 6     | 2.57      | 3.09      | 0.0       | 0.0       | 2.0       | 4.0       | 13.0
Generation 7     | 0.63      | 1.06      | 0.0       | 0.0       | 0.0       | 1.0       | 5.0
Generation 8     | 0.13      | 0.43      | 0.0       | 0.0       | 0.0       | 0.0       | 2.0
Generation 9     | 0.03      | 0.18      | 0.0       | 0.0       | 0.0       | 0.0       | 1.0

Per-generation breakdown (standing):
Generation 1     | 46.18     | 24.46     | 11.0      | 27.75     | 37.5      | 62.25     | 120.0
Generation 2     | 80.03     | 44.62     | 22.0      | 46.0      | 68.5      | 108.25    | 215.0
Generation 3     | 82.73     | 49.28     | 17.0      | 46.5      | 68.5      | 106.5     | 266.0
Generation 4     | 50.63     | 34.68     | 5.0       | 25.75     | 41.0      | 63.0      | 187.0
Generation 5     | 20.4      | 15.6      | 2.0       | 11.0      | 16.5      | 25.0      | 82.0
Generation 6     | 6.33      | 6.12      | 0.0       | 2.0       | 4.5       | 8.0       | 34.0
Generation 7     | 1.57      | 2.1       | 0.0       | 0.0       | 1.0       | 2.0       | 8.0
Generation 8     | 0.32      | 0.75      | 0.0       | 0.0       | 0.0       | 0.0       | 4.0
Generation 9     | 0.13      | 0.34      | 0.0       | 0.0       | 0.0       | 0.0       | 1.0
Generation 10    | 0.03      | 0.18      | 0.0       | 0.0       | 0.0       | 0.0       | 1.0
Generation 11    | 0.02      | 0.13      | 0.0       | 0.0       | 0.0       | 0.0       | 1.0


##############################
### Concert Day 32
##############################

--- Global Epidemic Metrics ---
Metric           | Mean      | Std       | Min       | P25       | Median    | P75       | Max
-----------------------------------------------------------------------------------------------
Total infected   | 405103.98 | 184.12    | 404698.0  | 404982.25 | 405094.5  | 405222.75 | 405561.0
Attack rate      | 93.22     | 0.04      | 93.13     | 93.2      | 93.22     | 93.25     | 93.33
R0               | 3.05      | 0.01      | 3.01      | 3.05      | 3.06      | 3.07      | 3.08
Infectious pop   | 5955.97   | 1020.17   | 4246.0    | 5249.5    | 5929.5    | 6484.25   | 8604.0

--- Sitting (occupation 1) ---
Metric           | Mean      | Std       | Min       | P25       | Median    | P75       | Max
-----------------------------------------------------------------------------------------------
Susceptible      | 555.28    | 6.68      | 538.0     | 550.0     | 556.0     | 559.25    | 571.0
Infectious       | 7.22      | 3.2       | 1.0       | 5.0       | 7.0       | 9.0       | 15.0
Exposed          | 11.13     | 3.52      | 4.0       | 9.0       | 11.5      | 14.0      | 20.0
Recovered        | 4.18      | 2.35      | 0.0       | 2.75      | 4.0       | 5.25      | 10.0
Dead             | 0.0       | 0.0       | 0.0       | 0.0       | 0.0       | 0.0       | 0.0
Same day other   | 5.18      | 2.76      | 0.0       | 3.0       | 5.0       | 7.0       | 12.0
Infected         | 8.53      | 4.63      | 0.0       | 5.0       | 9.0       | 11.0      | 21.0

Infection rate (sitting): 1.54%

Expected vs Observed (sitting):
Metric           | Mean      | Std       | Min       | P25       | Median    | P75       | Max
-----------------------------------------------------------------------------------------------
Expected         | 8.7       | 3.78      | 1.22      | 6.15      | 8.47      | 10.8      | 17.68
Std              | 2.84      | 0.68      | 1.1       | 2.47      | 2.89      | 3.25      | 4.14
Z-score          | -0.04     | 1.17      | -2.4      | -0.84     | -0.07     | 0.6       | 3.31

--- Standing (occupation 2) ---
Metric           | Mean      | Std       | Min       | P25       | Median    | P75       | Max
-----------------------------------------------------------------------------------------------
Susceptible      | 548.5     | 6.68      | 529.0     | 543.0     | 550.0     | 553.25    | 561.0
Infectious       | 7.68      | 3.09      | 3.0       | 5.0       | 7.0       | 10.0      | 17.0
Exposed          | 10.68     | 3.22      | 6.0       | 8.0       | 10.0      | 12.25     | 21.0
Recovered        | 4.35      | 1.91      | 0.0       | 3.0       | 4.0       | 6.0       | 10.0
Dead             | 0.0       | 0.0       | 0.0       | 0.0       | 0.0       | 0.0       | 0.0
Same day other   | 4.78      | 2.34      | 1.0       | 3.0       | 5.0       | 7.0       | 11.0
Infected         | 24.43     | 11.34     | 6.0       | 15.0      | 23.0      | 30.0      | 72.0

Infection rate (standing): 4.45%

Expected vs Observed (standing):
Metric           | Mean      | Std       | Min       | P25       | Median    | P75       | Max
-----------------------------------------------------------------------------------------------
Expected         | 24.99     | 9.51      | 10.07     | 16.73     | 23.23     | 32.03     | 52.72
Std              | 4.79      | 0.87      | 3.14      | 4.03      | 4.72      | 5.49      | 6.89
Z-score          | -0.12     | 1.18      | -2.14     | -0.85     | -0.33     | 0.52      | 3.32

Per-generation breakdown (sitting):
Generation 1     | 19.38     | 10.9      | 0.0       | 11.0      | 19.0      | 27.25     | 47.0
Generation 2     | 30.03     | 18.73     | 0.0       | 16.5      | 30.0      | 42.0      | 91.0
Generation 3     | 28.7      | 20.62     | 0.0       | 12.0      | 26.5      | 38.75     | 83.0
Generation 4     | 16.78     | 15.1      | 0.0       | 6.75      | 14.0      | 23.25     | 66.0
Generation 5     | 6.22      | 6.64      | 0.0       | 1.75      | 4.0       | 7.25      | 33.0
Generation 6     | 1.78      | 2.68      | 0.0       | 0.0       | 1.0       | 2.25      | 12.0
Generation 7     | 0.38      | 0.72      | 0.0       | 0.0       | 0.0       | 1.0       | 3.0
Generation 8     | 0.18      | 0.47      | 0.0       | 0.0       | 0.0       | 0.0       | 2.0
Generation 9     | 0.02      | 0.13      | 0.0       | 0.0       | 0.0       | 0.0       | 1.0

Per-generation breakdown (standing):
Generation 1     | 56.25     | 27.4      | 10.0      | 34.0      | 52.5      | 71.25     | 151.0
Generation 2     | 88.62     | 42.13     | 13.0      | 57.0      | 81.0      | 123.0     | 206.0
Generation 3     | 84.18     | 44.26     | 13.0      | 51.5      | 79.0      | 103.5     | 257.0
Generation 4     | 48.03     | 28.97     | 3.0       | 27.75     | 43.0      | 59.25     | 142.0
Generation 5     | 19.17     | 13.83     | 0.0       | 10.75     | 16.0      | 25.0      | 65.0
Generation 6     | 6.37      | 5.85      | 0.0       | 3.0       | 5.0       | 8.0       | 31.0
Generation 7     | 1.63      | 2.07      | 0.0       | 0.0       | 1.0       | 2.0       | 10.0
Generation 8     | 0.35      | 0.63      | 0.0       | 0.0       | 0.0       | 1.0       | 3.0
Generation 9     | 0.03      | 0.26      | 0.0       | 0.0       | 0.0       | 0.0       | 2.0
Generation 10    | 0.02      | 0.13      | 0.0       | 0.0       | 0.0       | 0.0       | 1.0
Generation 11    | 0.02      | 0.13      | 0.0       | 0.0       | 0.0       | 0.0       | 1.0


##############################
### Concert Day 33
##############################

--- Global Epidemic Metrics ---
Metric           | Mean      | Std       | Min       | P25       | Median    | P75       | Max
-----------------------------------------------------------------------------------------------
Total infected   | 405095.92 | 163.39    | 404775.0  | 404978.0  | 405084.0  | 405222.5  | 405400.0
Attack rate      | 93.22     | 0.04      | 93.15     | 93.2      | 93.22     | 93.25     | 93.29
R0               | 3.06      | 0.02      | 3.01      | 3.05      | 3.06      | 3.07      | 3.1
Infectious pop   | 7094.5    | 1046.12   | 4909.0    | 6322.25   | 7072.5    | 7743.5    | 10054.0

--- Sitting (occupation 1) ---
Metric           | Mean      | Std       | Min       | P25       | Median    | P75       | Max
-----------------------------------------------------------------------------------------------
Susceptible      | 548.1     | 7.02      | 535.0     | 542.75    | 549.0     | 553.0     | 564.0
Infectious       | 9.68      | 3.31      | 3.0       | 8.0       | 9.0       | 12.0      | 18.0
Exposed          | 13.78     | 4.01      | 6.0       | 11.0      | 13.0      | 16.0      | 24.0
Recovered        | 4.92      | 2.09      | 1.0       | 3.0       | 5.0       | 6.0       | 10.0
Dead             | 0.0       | 0.0       | 0.0       | 0.0       | 0.0       | 0.0       | 0.0
Same day other   | 6.52      | 2.72      | 2.0       | 4.0       | 6.0       | 8.0       | 13.0
Infected         | 10.82     | 5.29      | 1.0       | 7.0       | 10.0      | 14.0      | 26.0

Infection rate (sitting): 1.97%

Expected vs Observed (sitting):
Metric           | Mean      | Std       | Min       | P25       | Median    | P75       | Max
-----------------------------------------------------------------------------------------------
Expected         | 11.5      | 3.81      | 3.65      | 9.53      | 10.68     | 14.32     | 20.91
Std              | 3.31      | 0.56      | 1.91      | 3.06      | 3.24      | 3.74      | 4.48
Z-score          | -0.21     | 1.11      | -2.53     | -1.15     | -0.23     | 0.67      | 2.32

--- Standing (occupation 2) ---
Metric           | Mean      | Std       | Min       | P25       | Median    | P75       | Max
-----------------------------------------------------------------------------------------------
Susceptible      | 542.73    | 6.13      | 530.0     | 538.75    | 542.0     | 548.0     | 556.0
Infectious       | 8.7       | 2.84      | 2.0       | 7.0       | 8.0       | 11.0      | 16.0
Exposed          | 13.17     | 3.96      | 5.0       | 11.0      | 13.0      | 16.0      | 23.0
Recovered        | 5.35      | 2.51      | 0.0       | 4.0       | 5.0       | 6.25      | 12.0
Dead             | 0.0       | 0.0       | 0.0       | 0.0       | 0.0       | 0.0       | 0.0
Same day other   | 6.05      | 2.56      | 1.0       | 4.75      | 6.0       | 7.0       | 13.0
Infected         | 27.13     | 10.76     | 11.0      | 16.75     | 27.0      | 34.25     | 55.0

Infection rate (standing): 5.0%

Expected vs Observed (standing):
Metric           | Mean      | Std       | Min       | P25       | Median    | P75       | Max
-----------------------------------------------------------------------------------------------
Expected         | 27.99     | 8.77      | 6.76      | 22.58     | 26.18     | 34.57     | 49.86
Std              | 5.08      | 0.78      | 2.58      | 4.65      | 4.99      | 5.69      | 6.72
Z-score          | -0.17     | 1.1       | -2.44     | -1.01     | 0.05      | 0.69      | 1.74

Per-generation breakdown (sitting):
Generation 1     | 24.22     | 14.93     | 3.0       | 14.0      | 18.5      | 33.25     | 67.0
Generation 2     | 36.03     | 22.7      | 2.0       | 17.75     | 31.0      | 48.25     | 105.0
Generation 3     | 30.18     | 23.23     | 0.0       | 14.0      | 24.5      | 41.25     | 103.0
Generation 4     | 15.5      | 14.21     | 0.0       | 5.75      | 12.0      | 20.25     | 62.0
Generation 5     | 5.58      | 5.45      | 0.0       | 1.0       | 4.5       | 8.0       | 23.0
Generation 6     | 1.77      | 2.02      | 0.0       | 0.0       | 1.0       | 3.0       | 8.0
Generation 7     | 0.33      | 0.73      | 0.0       | 0.0       | 0.0       | 0.0       | 4.0
Generation 8     | 0.02      | 0.13      | 0.0       | 0.0       | 0.0       | 0.0       | 1.0

Per-generation breakdown (standing):
Generation 1     | 61.33     | 26.63     | 21.0      | 37.75     | 62.0      | 78.25     | 145.0
Generation 2     | 90.28     | 41.11     | 20.0      | 62.0      | 86.0      | 115.0     | 191.0
Generation 3     | 79.7      | 37.59     | 20.0      | 54.75     | 75.5      | 99.75     | 173.0
Generation 4     | 40.05     | 21.29     | 4.0       | 26.75     | 38.5      | 49.75     | 101.0
Generation 5     | 15.32     | 9.74      | 1.0       | 8.0       | 13.0      | 20.0      | 46.0
Generation 6     | 4.37      | 3.5       | 0.0       | 2.0       | 4.0       | 6.25      | 14.0
Generation 7     | 1.27      | 1.77      | 0.0       | 0.0       | 1.0       | 2.0       | 7.0
Generation 8     | 0.38      | 0.87      | 0.0       | 0.0       | 0.0       | 0.0       | 4.0
Generation 9     | 0.08      | 0.33      | 0.0       | 0.0       | 0.0       | 0.0       | 2.0
Generation 10    | 0.02      | 0.13      | 0.0       | 0.0       | 0.0       | 0.0       | 1.0


##############################
### Concert Day 34
##############################

--- Global Epidemic Metrics ---
Metric           | Mean      | Std       | Min       | P25       | Median    | P75       | Max
-----------------------------------------------------------------------------------------------
Total infected   | 405105.15 | 175.41    | 404780.0  | 404950.25 | 405132.5  | 405206.75 | 405559.0
Attack rate      | 93.23     | 0.04      | 93.15     | 93.19     | 93.23     | 93.25     | 93.33
R0               | 3.06      | 0.02      | 3.01      | 3.04      | 3.06      | 3.07      | 3.1
Infectious pop   | 8974.23   | 1232.86   | 6291.0    | 8271.0    | 8928.0    | 9638.5    | 14136.0

--- Sitting (occupation 1) ---
Metric           | Mean      | Std       | Min       | P25       | Median    | P75       | Max
-----------------------------------------------------------------------------------------------
Susceptible      | 539.02    | 6.76      | 519.0     | 535.0     | 539.0     | 542.0     | 557.0
Infectious       | 12.22     | 3.07      | 6.0       | 10.0      | 12.0      | 15.0      | 18.0
Exposed          | 17.12     | 4.61      | 7.0       | 15.0      | 16.0      | 19.0      | 32.0
Recovered        | 7.0       | 2.66      | 2.0       | 5.0       | 7.0       | 8.25      | 14.0
Dead             | 0.0       | 0.0       | 0.0       | 0.0       | 0.0       | 0.0       | 0.0
Same day other   | 7.65      | 2.58      | 2.0       | 6.0       | 7.0       | 10.0      | 14.0
Infected         | 14.57     | 5.01      | 6.0       | 11.0      | 15.0      | 17.25     | 27.0

Infection rate (sitting): 2.7%

Expected vs Observed (sitting):
Metric           | Mean      | Std       | Min       | P25       | Median    | P75       | Max
-----------------------------------------------------------------------------------------------
Expected         | 14.25     | 3.45      | 7.05      | 11.68     | 14.08     | 17.4      | 20.21
Std              | 3.69      | 0.45      | 2.64      | 3.38      | 3.7       | 4.1       | 4.41
Z-score          | 0.12      | 1.2       | -2.68     | -0.79     | 0.12      | 0.78      | 3.49

--- Standing (occupation 2) ---
Metric           | Mean      | Std       | Min       | P25       | Median    | P75       | Max
-----------------------------------------------------------------------------------------------
Susceptible      | 533.97    | 8.01      | 517.0     | 528.0     | 534.0     | 540.25    | 554.0
Infectious       | 11.83     | 3.87      | 4.0       | 8.75      | 12.0      | 15.0      | 22.0
Exposed          | 16.33     | 4.5       | 5.0       | 14.0      | 16.0      | 19.25     | 25.0
Recovered        | 6.45      | 2.83      | 1.0       | 4.0       | 6.0       | 8.0       | 17.0
Dead             | 0.0       | 0.0       | 0.0       | 0.0       | 0.0       | 0.0       | 0.0
Same day other   | 7.42      | 3.17      | 1.0       | 5.0       | 7.0       | 10.0      | 15.0
Infected         | 34.97     | 10.52     | 14.0      | 29.0      | 35.0      | 41.25     | 59.0

Infection rate (standing): 6.55%

Expected vs Observed (standing):
Metric           | Mean      | Std       | Min       | P25       | Median    | P75       | Max
-----------------------------------------------------------------------------------------------
Expected         | 37.03     | 11.41     | 12.97     | 27.75     | 37.07     | 46.01     | 66.45
Std              | 5.79      | 0.87      | 3.56      | 5.13      | 5.87      | 6.48      | 7.62
Z-score          | -0.3      | 1.07      | -3.2      | -0.85     | -0.25     | 0.45      | 1.84

Per-generation breakdown (sitting):
Generation 1     | 30.7      | 11.91     | 11.0      | 22.75     | 29.5      | 37.0      | 64.0
Generation 2     | 38.53     | 16.16     | 9.0       | 27.5      | 39.0      | 45.5      | 86.0
Generation 3     | 29.15     | 15.63     | 6.0       | 16.5      | 27.5      | 40.0      | 70.0
Generation 4     | 14.12     | 9.46      | 1.0       | 6.75      | 12.0      | 19.5      | 38.0
Generation 5     | 4.7       | 4.21      | 0.0       | 2.0       | 3.5       | 7.0       | 17.0
Generation 6     | 0.97      | 1.12      | 0.0       | 0.0       | 1.0       | 2.0       | 5.0
Generation 7     | 0.17      | 0.49      | 0.0       | 0.0       | 0.0       | 0.0       | 3.0
Generation 8     | 0.03      | 0.18      | 0.0       | 0.0       | 0.0       | 0.0       | 1.0

Per-generation breakdown (standing):
Generation 1     | 72.67     | 23.14     | 27.0      | 61.25     | 72.0      | 87.0      | 127.0
Generation 2     | 94.12     | 30.84     | 44.0      | 70.0      | 94.0      | 111.0     | 169.0
Generation 3     | 72.0      | 28.74     | 29.0      | 50.75     | 68.0      | 87.0      | 155.0
Generation 4     | 33.25     | 14.81     | 10.0      | 23.0      | 30.0      | 39.25     | 73.0
Generation 5     | 11.22     | 7.09      | 1.0       | 6.0       | 10.5      | 14.0      | 34.0
Generation 6     | 2.92      | 2.85      | 0.0       | 1.0       | 2.0       | 4.0       | 11.0
Generation 7     | 0.85      | 1.13      | 0.0       | 0.0       | 0.0       | 1.0       | 5.0
Generation 8     | 0.27      | 0.61      | 0.0       | 0.0       | 0.0       | 0.0       | 3.0
Generation 9     | 0.03      | 0.18      | 0.0       | 0.0       | 0.0       | 0.0       | 1.0


##############################
### Concert Day 35
##############################

--- Global Epidemic Metrics ---
Metric           | Mean      | Std       | Min       | P25       | Median    | P75       | Max
-----------------------------------------------------------------------------------------------
Total infected   | 405134.87 | 205.55    | 404773.0  | 404979.75 | 405133.5  | 405286.0  | 405596.0
Attack rate      | 93.23     | 0.05      | 93.15     | 93.2      | 93.23     | 93.27     | 93.34
R0               | 3.06      | 0.02      | 3.01      | 3.04      | 3.06      | 3.07      | 3.1
Infectious pop   | 10373.68  | 1588.03   | 6933.0    | 9224.5    | 10160.0   | 11431.25  | 14709.0

--- Sitting (occupation 1) ---
Metric           | Mean      | Std       | Min       | P25       | Median    | P75       | Max
-----------------------------------------------------------------------------------------------
Susceptible      | 535.8     | 9.91      | 513.0     | 530.5     | 536.0     | 543.0     | 561.0
Infectious       | 13.27     | 4.19      | 5.0       | 10.0      | 13.0      | 17.0      | 22.0
Exposed          | 18.45     | 4.87      | 7.0       | 14.75     | 18.0      | 21.25     | 29.0
Recovered        | 7.02      | 2.55      | 3.0       | 5.0       | 6.5       | 8.0       | 14.0
Dead             | 0.0       | 0.0       | 0.0       | 0.0       | 0.0       | 0.0       | 0.0
Same day other   | 8.47      | 2.68      | 3.0       | 7.0       | 8.5       | 10.0      | 16.0
Infected         | 14.82     | 6.24      | 4.0       | 10.0      | 14.0      | 18.0      | 29.0

Infection rate (sitting): 2.77%

Expected vs Observed (sitting):
Metric           | Mean      | Std       | Min       | P25       | Median    | P75       | Max
-----------------------------------------------------------------------------------------------
Expected         | 15.31     | 4.56      | 5.96      | 11.79     | 15.04     | 18.95     | 24.78
Std              | 3.81      | 0.57      | 2.43      | 3.4       | 3.82      | 4.27      | 4.86
Z-score          | -0.12     | 1.16      | -2.25     | -0.9      | -0.29     | 0.86      | 2.9

--- Standing (occupation 2) ---
Metric           | Mean      | Std       | Min       | P25       | Median    | P75       | Max
-----------------------------------------------------------------------------------------------
Susceptible      | 529.43    | 9.49      | 498.0     | 525.0     | 529.0     | 535.0     | 548.0
Infectious       | 13.07     | 4.25      | 3.0       | 10.0      | 13.0      | 16.0      | 23.0
Exposed          | 18.25     | 4.48      | 10.0      | 15.75     | 18.0      | 20.0      | 29.0
Recovered        | 7.83      | 3.29      | 3.0       | 6.0       | 7.5       | 9.0       | 22.0
Dead             | 0.0       | 0.0       | 0.0       | 0.0       | 0.0       | 0.0       | 0.0
Same day other   | 7.42      | 2.75      | 3.0       | 5.0       | 7.0       | 9.25      | 13.0
Infected         | 39.07     | 14.1      | 6.0       | 30.5      | 39.0      | 48.0      | 76.0

Infection rate (standing): 7.38%

Expected vs Observed (standing):
Metric           | Mean      | Std       | Min       | P25       | Median    | P75       | Max
-----------------------------------------------------------------------------------------------
Expected         | 40.34     | 12.23     | 9.74      | 32.18     | 40.5      | 48.88     | 67.3
Std              | 6.01      | 0.92      | 3.09      | 5.5       | 6.12      | 6.66      | 7.65
Z-score          | -0.22     | 1.21      | -3.27     | -0.93     | -0.15     | 0.48      | 2.28

Per-generation breakdown (sitting):
Generation 1     | 29.82     | 13.78     | 10.0      | 20.75     | 28.5      | 36.0      | 78.0
Generation 2     | 33.73     | 18.36     | 5.0       | 22.0      | 29.5      | 41.25     | 100.0
Generation 3     | 23.15     | 15.18     | 3.0       | 14.0      | 21.0      | 27.25     | 89.0
Generation 4     | 9.52      | 7.53      | 0.0       | 5.0       | 7.0       | 13.0      | 39.0
Generation 5     | 3.15      | 2.74      | 0.0       | 2.0       | 2.0       | 4.0       | 13.0
Generation 6     | 0.72      | 1.39      | 0.0       | 0.0       | 0.0       | 1.0       | 7.0
Generation 7     | 0.3       | 0.87      | 0.0       | 0.0       | 0.0       | 0.0       | 5.0
Generation 8     | 0.07      | 0.41      | 0.0       | 0.0       | 0.0       | 0.0       | 3.0

Per-generation breakdown (standing):
Generation 1     | 79.28     | 28.85     | 15.0      | 59.75     | 78.0      | 99.5      | 141.0
Generation 2     | 96.42     | 38.71     | 19.0      | 71.75     | 91.5      | 119.75    | 206.0
Generation 3     | 69.55     | 33.67     | 10.0      | 50.0      | 65.0      | 86.25     | 160.0
Generation 4     | 32.22     | 19.46     | 2.0       | 19.75     | 28.0      | 40.0      | 107.0
Generation 5     | 10.15     | 7.44      | 0.0       | 6.0       | 8.0       | 12.25     | 45.0
Generation 6     | 2.87      | 3.32      | 0.0       | 1.0       | 2.0       | 4.0       | 22.0
Generation 7     | 0.73      | 1.62      | 0.0       | 0.0       | 0.0       | 1.0       | 11.0
Generation 8     | 0.22      | 0.85      | 0.0       | 0.0       | 0.0       | 0.0       | 6.0
Generation 9     | 0.05      | 0.22      | 0.0       | 0.0       | 0.0       | 0.0       | 1.0


##############################
### Concert Day 36
##############################

--- Global Epidemic Metrics ---
Metric           | Mean      | Std       | Min       | P25       | Median    | P75       | Max
-----------------------------------------------------------------------------------------------
Total infected   | 405121.62 | 197.38    | 404547.0  | 405038.75 | 405137.0  | 405252.75 | 405446.0
Attack rate      | 93.23     | 0.05      | 93.1      | 93.21     | 93.23     | 93.26     | 93.3
R0               | 3.06      | 0.01      | 3.03      | 3.05      | 3.06      | 3.07      | 3.1
Infectious pop   | 12737.97  | 1840.79   | 8091.0    | 11385.0   | 12818.0   | 14072.0   | 16943.0

--- Sitting (occupation 1) ---
Metric           | Mean      | Std       | Min       | P25       | Median    | P75       | Max
-----------------------------------------------------------------------------------------------
Susceptible      | 524.48    | 10.59     | 502.0     | 516.75    | 524.5     | 532.25    | 548.0
Infectious       | 16.98     | 4.56      | 9.0       | 14.0      | 16.0      | 20.0      | 29.0
Exposed          | 22.83     | 4.83      | 12.0      | 19.0      | 23.0      | 26.25     | 33.0
Recovered        | 8.78      | 2.97      | 2.0       | 7.0       | 9.0       | 10.0      | 18.0
Dead             | 0.0       | 0.0       | 0.0       | 0.0       | 0.0       | 0.0       | 0.0
Same day other   | 9.92      | 3.4       | 3.0       | 8.0       | 9.0       | 12.0      | 19.0
Infected         | 18.15     | 6.12      | 5.0       | 14.0      | 18.0      | 21.25     | 34.0

Infection rate (sitting): 3.46%

Expected vs Observed (sitting):
Metric           | Mean      | Std       | Min       | P25       | Median    | P75       | Max
-----------------------------------------------------------------------------------------------
Expected         | 19.12     | 4.76      | 10.44     | 16.12     | 17.93     | 22.31     | 31.55
Std              | 4.26      | 0.51      | 3.2       | 3.95      | 4.16      | 4.62      | 5.44
Z-score          | -0.22     | 1.03      | -2.38     | -0.85     | -0.27     | 0.4       | 2.62

--- Standing (occupation 2) ---
Metric           | Mean      | Std       | Min       | P25       | Median    | P75       | Max
-----------------------------------------------------------------------------------------------
Susceptible      | 517.02    | 10.7      | 497.0     | 510.0     | 516.0     | 525.25    | 544.0
Infectious       | 16.7      | 3.85      | 9.0       | 14.0      | 16.0      | 19.0      | 28.0
Exposed          | 23.77     | 5.69      | 8.0       | 20.0      | 24.0      | 28.0      | 39.0
Recovered        | 9.22      | 3.36      | 1.0       | 7.0       | 9.0       | 11.0      | 17.0
Dead             | 0.0       | 0.0       | 0.0       | 0.0       | 0.0       | 0.0       | 0.0
Same day other   | 9.3       | 3.18      | 3.0       | 7.0       | 9.0       | 11.0      | 17.0
Infected         | 47.25     | 11.97     | 24.0      | 38.0      | 47.5      | 57.0      | 74.0

Infection rate (standing): 9.14%

Expected vs Observed (standing):
Metric           | Mean      | Std       | Min       | P25       | Median    | P75       | Max
-----------------------------------------------------------------------------------------------
Expected         | 49.92     | 10.29     | 28.32     | 43.11     | 49.02     | 57.03     | 79.62
Std              | 6.67      | 0.62      | 5.18      | 6.29      | 6.67      | 7.12      | 8.19
Z-score          | -0.39     | 1.1       | -2.69     | -1.0      | -0.52     | 0.35      | 2.85

Per-generation breakdown (sitting):
Generation 1     | 33.35     | 9.39      | 12.0      | 29.0      | 33.0      | 40.0      | 56.0
Generation 2     | 35.82     | 13.33     | 7.0       | 26.75     | 35.5      | 45.25     | 63.0
Generation 3     | 22.27     | 11.04     | 2.0       | 13.0      | 22.0      | 27.25     | 57.0
Generation 4     | 8.7       | 6.05      | 0.0       | 4.0       | 8.0       | 12.0      | 28.0
Generation 5     | 2.4       | 2.29      | 0.0       | 1.0       | 2.0       | 3.0       | 11.0
Generation 6     | 0.6       | 1.04      | 0.0       | 0.0       | 0.0       | 1.0       | 4.0
Generation 7     | 0.15      | 0.44      | 0.0       | 0.0       | 0.0       | 0.0       | 2.0
Generation 8     | 0.03      | 0.18      | 0.0       | 0.0       | 0.0       | 0.0       | 1.0
Generation 9     | 0.03      | 0.26      | 0.0       | 0.0       | 0.0       | 0.0       | 2.0

Per-generation breakdown (standing):
Generation 1     | 89.45     | 26.31     | 43.0      | 69.0      | 87.0      | 111.75    | 147.0
Generation 2     | 97.18     | 33.46     | 38.0      | 72.5      | 94.0      | 113.25    | 185.0
Generation 3     | 61.77     | 25.49     | 19.0      | 43.0      | 59.5      | 75.25     | 138.0
Generation 4     | 24.65     | 12.95     | 3.0       | 15.0      | 22.0      | 31.25     | 59.0
Generation 5     | 7.32      | 5.07      | 1.0       | 4.0       | 6.0       | 9.0       | 22.0
Generation 6     | 1.78      | 2.08      | 0.0       | 0.0       | 1.0       | 2.25      | 12.0
Generation 7     | 0.42      | 0.7       | 0.0       | 0.0       | 0.0       | 1.0       | 2.0
Generation 8     | 0.07      | 0.36      | 0.0       | 0.0       | 0.0       | 0.0       | 2.0


##############################
### Concert Day 37
##############################

--- Global Epidemic Metrics ---
Metric           | Mean      | Std       | Min       | P25       | Median    | P75       | Max
-----------------------------------------------------------------------------------------------
Total infected   | 405124.1  | 218.69    | 404562.0  | 405002.5  | 405109.5  | 405252.25 | 405602.0
Attack rate      | 93.23     | 0.05      | 93.1      | 93.2      | 93.23     | 93.26     | 93.34
R0               | 3.06      | 0.02      | 3.02      | 3.04      | 3.06      | 3.07      | 3.1
Infectious pop   | 15285.78  | 2068.1    | 11654.0   | 13607.0   | 14994.0   | 16500.0   | 19833.0

--- Sitting (occupation 1) ---
Metric           | Mean      | Std       | Min       | P25       | Median    | P75       | Max
-----------------------------------------------------------------------------------------------
Susceptible      | 513.45    | 12.69     | 483.0     | 504.0     | 514.5     | 524.25    | 536.0
Infectious       | 20.08     | 5.79      | 9.0       | 16.0      | 20.0      | 24.0      | 36.0
Exposed          | 27.4      | 7.08      | 11.0      | 23.0      | 28.0      | 31.0      | 46.0
Recovered        | 11.23     | 3.63      | 4.0       | 9.0       | 11.0      | 13.0      | 20.0
Dead             | 0.0       | 0.0       | 0.0       | 0.0       | 0.0       | 0.0       | 0.0
Same day other   | 10.83     | 3.87      | 3.0       | 8.75      | 11.0      | 14.0      | 21.0
Infected         | 21.53     | 8.11      | 8.0       | 16.0      | 20.5      | 26.0      | 47.0

Infection rate (sitting): 4.19%

Expected vs Observed (sitting):
Metric           | Mean      | Std       | Min       | P25       | Median    | P75       | Max
-----------------------------------------------------------------------------------------------
Expected         | 22.04     | 5.86      | 10.28     | 18.22     | 21.8      | 25.96     | 37.05
Std              | 4.55      | 0.58      | 3.18      | 4.19      | 4.57      | 4.96      | 5.85
Z-score          | -0.1      | 1.25      | -2.44     | -1.06     | 0.01      | 0.66      | 2.85

--- Standing (occupation 2) ---
Metric           | Mean      | Std       | Min       | P25       | Median    | P75       | Max
-----------------------------------------------------------------------------------------------
Susceptible      | 507.22    | 11.6      | 484.0     | 498.75    | 505.0     | 514.0     | 535.0
Infectious       | 20.3      | 5.27      | 9.0       | 17.0      | 20.5      | 23.0      | 41.0
Exposed          | 26.23     | 6.28      | 12.0      | 22.75     | 27.0      | 30.0      | 45.0
Recovered        | 11.12     | 3.46      | 1.0       | 9.0       | 11.0      | 14.0      | 20.0
Dead             | 0.0       | 0.0       | 0.0       | 0.0       | 0.0       | 0.0       | 0.0
Same day other   | 11.13     | 3.38      | 5.0       | 9.0       | 11.0      | 13.0      | 19.0
Infected         | 58.25     | 16.65     | 23.0      | 47.0      | 56.5      | 66.0      | 133.0

Infection rate (standing): 11.48%

Expected vs Observed (standing):
Metric           | Mean      | Std       | Min       | P25       | Median    | P75       | Max
-----------------------------------------------------------------------------------------------
Expected         | 58.77     | 13.47     | 28.0      | 50.52     | 59.76     | 66.07     | 110.2
Std              | 7.15      | 0.71      | 5.15      | 6.75      | 7.26      | 7.57      | 9.26
Z-score          | -0.07     | 1.23      | -3.55     | -0.87     | -0.15     | 0.92      | 2.46

Per-generation breakdown (sitting):
Generation 1     | 37.45     | 15.15     | 12.0      | 26.0      | 35.0      | 44.75     | 83.0
Generation 2     | 34.28     | 16.07     | 7.0       | 23.75     | 32.5      | 41.25     | 79.0
Generation 3     | 20.4      | 11.15     | 3.0       | 13.75     | 19.0      | 24.0      | 50.0
Generation 4     | 7.6       | 4.79      | 0.0       | 4.0       | 6.5       | 10.25     | 25.0
Generation 5     | 2.07      | 1.95      | 0.0       | 1.0       | 1.5       | 3.0       | 8.0
Generation 6     | 0.47      | 0.72      | 0.0       | 0.0       | 0.0       | 1.0       | 3.0
Generation 7     | 0.05      | 0.29      | 0.0       | 0.0       | 0.0       | 0.0       | 2.0

Per-generation breakdown (standing):
Generation 1     | 103.58    | 30.16     | 37.0      | 86.75     | 99.0      | 118.25    | 222.0
Generation 2     | 97.82     | 32.02     | 21.0      | 78.5      | 92.0      | 109.75    | 193.0
Generation 3     | 54.07     | 19.06     | 11.0      | 44.75     | 52.0      | 62.25     | 116.0
Generation 4     | 20.3      | 9.16      | 4.0       | 14.0      | 19.0      | 26.0      | 47.0
Generation 5     | 5.63      | 3.66      | 0.0       | 3.0       | 5.0       | 7.0       | 20.0
Generation 6     | 1.4       | 1.25      | 0.0       | 1.0       | 1.0       | 2.0       | 6.0
Generation 7     | 0.3       | 0.72      | 0.0       | 0.0       | 0.0       | 0.0       | 4.0
Generation 8     | 0.05      | 0.22      | 0.0       | 0.0       | 0.0       | 0.0       | 1.0
Generation 9     | 0.02      | 0.13      | 0.0       | 0.0       | 0.0       | 0.0       | 1.0
Generation 10    | 0.02      | 0.13      | 0.0       | 0.0       | 0.0       | 0.0       | 1.0


##############################
### Concert Day 38
##############################

--- Global Epidemic Metrics ---
Metric           | Mean      | Std       | Min       | P25       | Median    | P75       | Max
-----------------------------------------------------------------------------------------------
Total infected   | 405098.35 | 202.25    | 404514.0  | 405007.0  | 405091.5  | 405199.0  | 405837.0
Attack rate      | 93.22     | 0.05      | 93.09     | 93.2      | 93.22     | 93.25     | 93.39
R0               | 3.06      | 0.02      | 3.01      | 3.05      | 3.06      | 3.07      | 3.1
Infectious pop   | 18718.38  | 3324.78   | 10602.0   | 16798.25  | 18306.0   | 19987.5   | 27558.0

--- Sitting (occupation 1) ---
Metric           | Mean      | Std       | Min       | P25       | Median    | P75       | Max
-----------------------------------------------------------------------------------------------
Susceptible      | 499.23    | 15.43     | 452.0     | 487.0     | 502.5     | 509.25    | 531.0
Infectious       | 24.5      | 5.62      | 9.0       | 20.75     | 24.5      | 27.0      | 41.0
Exposed          | 32.63     | 7.64      | 12.0      | 28.0      | 32.5      | 36.0      | 52.0
Recovered        | 13.4      | 4.22      | 6.0       | 10.0      | 13.0      | 15.25     | 24.0
Dead             | 0.0       | 0.0       | 0.0       | 0.0       | 0.0       | 0.0       | 0.0
Same day other   | 13.23     | 5.1       | 3.0       | 9.0       | 13.0      | 17.0      | 24.0
Infected         | 25.83     | 7.54      | 12.0      | 22.0      | 27.0      | 31.0      | 41.0

Infection rate (sitting): 5.17%

Expected vs Observed (sitting):
Metric           | Mean      | Std       | Min       | P25       | Median    | P75       | Max
-----------------------------------------------------------------------------------------------
Expected         | 26.03     | 5.33      | 9.89      | 22.64     | 26.28     | 28.36     | 40.16
Std              | 4.94      | 0.49      | 3.11      | 4.65      | 4.99      | 5.17      | 6.06
Z-score          | -0.03     | 1.19      | -2.77     | -0.79     | -0.0      | 0.77      | 2.63

--- Standing (occupation 2) ---
Metric           | Mean      | Std       | Min       | P25       | Median    | P75       | Max
-----------------------------------------------------------------------------------------------
Susceptible      | 491.02    | 17.95     | 439.0     | 481.0     | 495.0     | 499.25    | 534.0
Infectious       | 25.77     | 7.39      | 10.0      | 21.0      | 24.5      | 30.25     | 48.0
Exposed          | 33.02     | 8.2       | 16.0      | 27.75     | 32.0      | 38.0      | 52.0
Recovered        | 13.3      | 4.29      | 5.0       | 10.0      | 13.0      | 16.0      | 25.0
Dead             | 0.0       | 0.0       | 0.0       | 0.0       | 0.0       | 0.0       | 0.0
Same day other   | 12.9      | 4.23      | 5.0       | 10.0      | 12.0      | 15.0      | 27.0
Infected         | 68.6      | 18.66     | 30.0      | 55.0      | 67.5      | 79.5      | 111.0

Infection rate (standing): 13.97%

Expected vs Observed (standing):
Metric           | Mean      | Std       | Min       | P25       | Median    | P75       | Max
-----------------------------------------------------------------------------------------------
Expected         | 70.58     | 16.35     | 31.67     | 59.77     | 68.85     | 81.42     | 114.71
Std              | 7.69      | 0.74      | 5.46      | 7.25      | 7.7       | 8.23      | 9.25
Z-score          | -0.25     | 1.2       | -3.28     | -1.07     | -0.15     | 0.61      | 2.81

Per-generation breakdown (sitting):
Generation 1     | 40.33     | 13.33     | 15.0      | 33.25     | 40.5      | 46.5      | 74.0
Generation 2     | 33.45     | 14.37     | 8.0       | 23.0      | 32.5      | 45.5      | 61.0
Generation 3     | 17.33     | 8.87      | 1.0       | 10.75     | 16.5      | 22.0      | 39.0
Generation 4     | 6.33      | 4.79      | 0.0       | 3.0       | 5.5       | 9.0       | 24.0
Generation 5     | 1.47      | 1.89      | 0.0       | 0.0       | 1.0       | 2.0       | 9.0
Generation 6     | 0.33      | 0.86      | 0.0       | 0.0       | 0.0       | 0.0       | 5.0
Generation 7     | 0.03      | 0.18      | 0.0       | 0.0       | 0.0       | 0.0       | 1.0

Per-generation breakdown (standing):
Generation 1     | 107.62    | 25.3      | 40.0      | 92.0      | 108.0     | 125.25    | 152.0
Generation 2     | 88.22     | 25.31     | 38.0      | 71.0      | 87.0      | 103.5     | 153.0
Generation 3     | 45.08     | 16.9      | 13.0      | 35.0      | 42.0      | 53.5      | 90.0
Generation 4     | 15.82     | 6.74      | 4.0       | 10.75     | 15.5      | 21.25     | 28.0
Generation 5     | 4.77      | 2.78      | 0.0       | 3.0       | 4.0       | 7.0       | 12.0
Generation 6     | 0.87      | 1.11      | 0.0       | 0.0       | 1.0       | 1.0       | 4.0
Generation 7     | 0.13      | 0.47      | 0.0       | 0.0       | 0.0       | 0.0       | 3.0
Generation 8     | 0.05      | 0.29      | 0.0       | 0.0       | 0.0       | 0.0       | 2.0
Generation 9     | 0.02      | 0.13      | 0.0       | 0.0       | 0.0       | 0.0       | 1.0


##############################
### Concert Day 39
##############################

--- Global Epidemic Metrics ---
Metric           | Mean      | Std       | Min       | P25       | Median    | P75       | Max
-----------------------------------------------------------------------------------------------
Total infected   | 405108.17 | 229.49    | 404627.0  | 404952.0  | 405105.5  | 405267.75 | 405570.0
Attack rate      | 93.23     | 0.05      | 93.12     | 93.19     | 93.23     | 93.26     | 93.33
R0               | 3.06      | 0.02      | 3.01      | 3.05      | 3.06      | 3.07      | 3.1
Infectious pop   | 22620.68  | 3208.41   | 15860.0   | 20890.75  | 22294.0   | 24817.5   | 29951.0

--- Sitting (occupation 1) ---
Metric           | Mean      | Std       | Min       | P25       | Median    | P75       | Max
-----------------------------------------------------------------------------------------------
Susceptible      | 481.57    | 17.26     | 444.0     | 468.75    | 483.5     | 495.0     | 514.0
Infectious       | 30.53     | 7.23      | 16.0      | 26.0      | 30.0      | 34.25     | 47.0
Exposed          | 38.85     | 8.16      | 24.0      | 34.5      | 38.0      | 43.0      | 68.0
Recovered        | 15.95     | 4.98      | 7.0       | 12.75     | 15.0      | 19.0      | 28.0
Dead             | 0.0       | 0.0       | 0.0       | 0.0       | 0.0       | 0.0       | 0.0
Same day other   | 16.1      | 3.9       | 7.0       | 13.75     | 16.0      | 18.25     | 26.0
Infected         | 28.9      | 8.2       | 10.0      | 23.0      | 29.0      | 34.5      | 44.0

Infection rate (sitting): 6.0%

Expected vs Observed (sitting):
Metric           | Mean      | Std       | Min       | P25       | Median    | P75       | Max
-----------------------------------------------------------------------------------------------
Expected         | 31.01     | 6.28      | 17.11     | 27.26     | 30.95     | 34.98     | 44.36
Std              | 5.35      | 0.51      | 4.06      | 5.07      | 5.38      | 5.69      | 6.33
Z-score          | -0.39     | 1.14      | -2.8      | -1.3      | -0.44     | 0.17      | 2.49

--- Standing (occupation 2) ---
Metric           | Mean      | Std       | Min       | P25       | Median    | P75       | Max
-----------------------------------------------------------------------------------------------
Susceptible      | 476.73    | 16.19     | 440.0     | 464.5     | 480.0     | 488.25    | 515.0
Infectious       | 30.53     | 6.69      | 19.0      | 26.0      | 29.0      | 34.0      | 50.0
Exposed          | 37.23     | 8.06      | 19.0      | 32.0      | 36.0      | 43.25     | 54.0
Recovered        | 16.47     | 4.94      | 6.0       | 13.75     | 16.5      | 19.25     | 34.0
Dead             | 0.0       | 0.0       | 0.0       | 0.0       | 0.0       | 0.0       | 0.0
Same day other   | 15.03     | 3.72      | 8.0       | 12.0      | 15.0      | 18.0      | 24.0
Infected         | 77.62     | 15.17     | 48.0      | 67.75     | 76.0      | 87.0      | 119.0

Infection rate (standing): 16.28%

Expected vs Observed (standing):
Metric           | Mean      | Std       | Min       | P25       | Median    | P75       | Max
-----------------------------------------------------------------------------------------------
Expected         | 80.52     | 14.06     | 55.94     | 71.8      | 77.99     | 87.05     | 121.43
Std              | 8.13      | 0.53      | 7.06      | 7.83      | 8.08      | 8.43      | 9.46
Z-score          | -0.35     | 0.99      | -2.96     | -0.98     | -0.39     | 0.1       | 2.38

Per-generation breakdown (sitting):
Generation 1     | 41.25     | 12.2      | 16.0      | 32.75     | 40.5      | 51.25     | 70.0
Generation 2     | 29.68     | 12.86     | 9.0       | 20.0      | 27.0      | 35.25     | 65.0
Generation 3     | 13.0      | 6.42      | 2.0       | 8.75      | 12.0      | 18.0      | 28.0
Generation 4     | 3.97      | 2.94      | 0.0       | 2.0       | 3.5       | 5.0       | 13.0
Generation 5     | 1.15      | 1.41      | 0.0       | 0.0       | 1.0       | 2.0       | 7.0
Generation 6     | 0.28      | 0.64      | 0.0       | 0.0       | 0.0       | 0.0       | 3.0
Generation 7     | 0.05      | 0.22      | 0.0       | 0.0       | 0.0       | 0.0       | 1.0
Generation 8     | 0.05      | 0.22      | 0.0       | 0.0       | 0.0       | 0.0       | 1.0
Generation 9     | 0.02      | 0.13      | 0.0       | 0.0       | 0.0       | 0.0       | 1.0

Per-generation breakdown (standing):
Generation 1     | 111.6     | 21.05     | 62.0      | 96.75     | 110.0     | 129.25    | 155.0
Generation 2     | 82.07     | 21.93     | 36.0      | 67.75     | 85.5      | 95.0      | 151.0
Generation 3     | 36.75     | 14.64     | 9.0       | 28.0      | 36.0      | 43.25     | 94.0
Generation 4     | 11.3      | 6.69      | 1.0       | 7.0       | 10.0      | 15.0      | 36.0
Generation 5     | 3.47      | 2.83      | 0.0       | 1.0       | 3.0       | 6.0       | 10.0
Generation 6     | 0.78      | 1.15      | 0.0       | 0.0       | 0.0       | 1.0       | 5.0
Generation 7     | 0.13      | 0.47      | 0.0       | 0.0       | 0.0       | 0.0       | 3.0
Generation 8     | 0.07      | 0.31      | 0.0       | 0.0       | 0.0       | 0.0       | 2.0
Generation 9     | 0.02      | 0.13      | 0.0       | 0.0       | 0.0       | 0.0       | 1.0


##############################
### Concert Day 40
##############################

--- Global Epidemic Metrics ---
Metric           | Mean      | Std       | Min       | P25       | Median    | P75       | Max
-----------------------------------------------------------------------------------------------
Total infected   | 405123.73 | 159.45    | 404711.0  | 405018.75 | 405124.5  | 405246.25 | 405584.0
Attack rate      | 93.23     | 0.04      | 93.13     | 93.21     | 93.23     | 93.26     | 93.34
R0               | 3.05      | 0.02      | 3.02      | 3.04      | 3.05      | 3.07      | 3.09
Infectious pop   | 26633.18  | 3720.44   | 17791.0   | 24559.5   | 26691.0   | 28562.5   | 37789.0

--- Sitting (occupation 1) ---
Metric           | Mean      | Std       | Min       | P25       | Median    | P75       | Max
-----------------------------------------------------------------------------------------------
Susceptible      | 466.22    | 17.79     | 417.0     | 453.0     | 468.5     | 479.0     | 505.0
Infectious       | 36.23     | 8.49      | 20.0      | 31.0      | 35.0      | 40.25     | 60.0
Exposed          | 43.72     | 8.0       | 26.0      | 39.0      | 44.0      | 48.0      | 65.0
Recovered        | 20.0      | 5.07      | 9.0       | 16.0      | 20.0      | 23.25     | 34.0
Dead             | 0.0       | 0.0       | 0.0       | 0.0       | 0.0       | 0.0       | 0.0
Same day other   | 16.83     | 3.77      | 9.0       | 15.0      | 17.0      | 19.25     | 25.0
Infected         | 34.52     | 9.1       | 16.0      | 28.75     | 33.5      | 42.0      | 53.0

Infection rate (sitting): 7.4%

Expected vs Observed (sitting):
Metric           | Mean      | Std       | Min       | P25       | Median    | P75       | Max
-----------------------------------------------------------------------------------------------
Expected         | 35.38     | 6.82      | 21.59     | 31.27     | 34.91     | 38.52     | 54.36
Std              | 5.69      | 0.49      | 4.55      | 5.4       | 5.69      | 5.95      | 6.9
Z-score          | -0.15     | 1.1       | -2.3      | -1.01     | -0.2      | 0.38      | 2.52

--- Standing (occupation 2) ---
Metric           | Mean      | Std       | Min       | P25       | Median    | P75       | Max
-----------------------------------------------------------------------------------------------
Susceptible      | 460.63    | 17.92     | 403.0     | 447.5     | 462.5     | 471.25    | 503.0
Infectious       | 35.72     | 7.58      | 18.0      | 30.75     | 35.5      | 42.0      | 51.0
Exposed          | 44.23     | 8.52      | 24.0      | 37.0      | 44.5      | 50.25     | 64.0
Recovered        | 19.02     | 5.23      | 9.0       | 16.0      | 18.0      | 22.0      | 39.0
Dead             | 0.0       | 0.0       | 0.0       | 0.0       | 0.0       | 0.0       | 0.0
Same day other   | 16.4      | 4.29      | 9.0       | 14.0      | 16.0      | 19.0      | 35.0
Infected         | 87.47     | 15.95     | 46.0      | 74.75     | 88.5      | 97.25     | 129.0

Infection rate (standing): 18.99%

Expected vs Observed (standing):
Metric           | Mean      | Std       | Min       | P25       | Median    | P75       | Max
-----------------------------------------------------------------------------------------------
Expected         | 89.46     | 14.82     | 51.07     | 79.21     | 88.9      | 102.65    | 118.14
Std              | 8.44      | 0.54      | 6.76      | 8.14      | 8.47      | 8.87      | 9.32
Z-score          | -0.22     | 1.04      | -2.22     | -0.9      | -0.36     | 0.31      | 2.49

Per-generation breakdown (sitting):
Generation 1     | 45.55     | 13.21     | 16.0      | 38.5      | 46.0      | 53.0      | 83.0
Generation 2     | 29.47     | 12.02     | 9.0       | 21.75     | 28.5      | 35.5      | 59.0
Generation 3     | 11.7      | 6.1       | 3.0       | 7.75      | 10.5      | 17.0      | 25.0
Generation 4     | 4.02      | 2.91      | 0.0       | 2.0       | 4.0       | 6.0       | 14.0
Generation 5     | 1.3       | 1.32      | 0.0       | 0.0       | 1.0       | 2.0       | 7.0
Generation 6     | 0.3       | 0.56      | 0.0       | 0.0       | 0.0       | 0.25      | 2.0
Generation 7     | 0.03      | 0.18      | 0.0       | 0.0       | 0.0       | 0.0       | 1.0

Per-generation breakdown (standing):
Generation 1     | 115.28    | 21.5      | 79.0      | 98.75     | 111.5     | 131.25    | 171.0
Generation 2     | 73.62     | 18.45     | 43.0      | 58.75     | 72.0      | 85.0      | 115.0
Generation 3     | 30.57     | 10.35     | 12.0      | 24.0      | 30.5      | 36.0      | 67.0
Generation 4     | 9.23      | 4.13      | 2.0       | 6.0       | 9.0       | 11.25     | 19.0
Generation 5     | 2.4       | 2.05      | 0.0       | 0.75      | 2.0       | 4.0       | 9.0
Generation 6     | 0.55      | 0.87      | 0.0       | 0.0       | 0.0       | 1.0       | 3.0
Generation 7     | 0.17      | 0.46      | 0.0       | 0.0       | 0.0       | 0.0       | 2.0
Generation 8     | 0.05      | 0.22      | 0.0       | 0.0       | 0.0       | 0.0       | 1.0
Generation 9     | 0.02      | 0.13      | 0.0       | 0.0       | 0.0       | 0.0       | 1.0


##############################
### Concert Day 41
##############################

--- Global Epidemic Metrics ---
Metric           | Mean      | Std       | Min       | P25       | Median    | P75       | Max
-----------------------------------------------------------------------------------------------
Total infected   | 405143.98 | 180.76    | 404530.0  | 405037.25 | 405130.5  | 405250.75 | 405546.0
Attack rate      | 93.23     | 0.04      | 93.09     | 93.21     | 93.23     | 93.26     | 93.33
R0               | 3.05      | 0.02      | 2.99      | 3.04      | 3.05      | 3.07      | 3.09
Infectious pop   | 31659.97  | 4438.92   | 23161.0   | 28199.0   | 32012.5   | 34728.5   | 42918.0

--- Sitting (occupation 1) ---
Metric           | Mean      | Std       | Min       | P25       | Median    | P75       | Max
-----------------------------------------------------------------------------------------------
Susceptible      | 444.68    | 21.28     | 400.0     | 432.0     | 445.5     | 457.25    | 488.0
Infectious       | 42.53     | 8.43      | 29.0      | 35.0      | 43.0      | 48.0      | 67.0
Exposed          | 51.2      | 9.7       | 34.0      | 43.75     | 51.0      | 57.0      | 81.0
Recovered        | 25.22     | 6.92      | 10.0      | 19.0      | 25.0      | 30.0      | 41.0
Dead             | 0.0       | 0.0       | 0.0       | 0.0       | 0.0       | 0.0       | 0.0
Same day other   | 19.37     | 4.69      | 9.0       | 16.0      | 19.5      | 22.0      | 29.0
Infected         | 37.83     | 9.7       | 16.0      | 30.75     | 37.5      | 45.0      | 57.0

Infection rate (sitting): 8.51%

Expected vs Observed (sitting):
Metric           | Mean      | Std       | Min       | P25       | Median    | P75       | Max
-----------------------------------------------------------------------------------------------
Expected         | 39.35     | 6.08      | 29.61     | 34.46     | 39.65     | 44.02     | 55.05
Std              | 5.97      | 0.41      | 5.26      | 5.64      | 6.0       | 6.3       | 6.89
Z-score          | -0.27     | 1.14      | -3.15     | -0.98     | -0.19     | 0.33      | 2.13

--- Standing (occupation 2) ---
Metric           | Mean      | Std       | Min       | P25       | Median    | P75       | Max
-----------------------------------------------------------------------------------------------
Susceptible      | 441.65    | 21.84     | 395.0     | 426.0     | 442.5     | 458.0     | 487.0
Infectious       | 41.77     | 8.55      | 26.0      | 35.75     | 41.0      | 46.25     | 62.0
Exposed          | 49.45     | 9.82      | 26.0      | 42.75     | 49.5      | 55.25     | 68.0
Recovered        | 23.92     | 5.64      | 10.0      | 20.0      | 24.0      | 28.0      | 36.0
Dead             | 0.0       | 0.0       | 0.0       | 0.0       | 0.0       | 0.0       | 0.0
Same day other   | 19.22     | 4.5       | 12.0      | 16.0      | 19.0      | 22.0      | 30.0
Infected         | 94.93     | 15.92     | 58.0      | 86.5      | 96.5      | 105.5     | 120.0

Infection rate (standing): 21.5%

Expected vs Observed (standing):
Metric           | Mean      | Std       | Min       | P25       | Median    | P75       | Max
-----------------------------------------------------------------------------------------------
Expected         | 98.36     | 13.85     | 70.99     | 89.39     | 97.81     | 107.85    | 130.31
Std              | 8.69      | 0.4       | 7.78      | 8.44      | 8.71      | 8.99      | 9.46
Z-score          | -0.39     | 1.18      | -3.09     | -1.07     | -0.37     | 0.38      | 2.2

Per-generation breakdown (sitting):
Generation 1     | 45.35     | 13.82     | 14.0      | 35.75     | 43.5      | 55.5      | 78.0
Generation 2     | 25.15     | 9.85      | 10.0      | 18.0      | 24.0      | 31.0      | 49.0
Generation 3     | 9.57      | 4.95      | 1.0       | 5.0       | 9.0       | 13.0      | 21.0
Generation 4     | 2.98      | 2.8       | 0.0       | 1.0       | 2.5       | 4.0       | 12.0
Generation 5     | 0.65      | 0.97      | 0.0       | 0.0       | 0.0       | 1.0       | 5.0
Generation 6     | 0.2       | 0.58      | 0.0       | 0.0       | 0.0       | 0.0       | 3.0
Generation 7     | 0.05      | 0.29      | 0.0       | 0.0       | 0.0       | 0.0       | 2.0

Per-generation breakdown (standing):
Generation 1     | 113.03    | 20.63     | 68.0      | 98.75     | 113.5     | 126.0     | 163.0
Generation 2     | 64.97     | 18.01     | 22.0      | 53.5      | 63.0      | 79.25     | 100.0
Generation 3     | 25.13     | 8.76      | 8.0       | 19.0      | 24.0      | 30.25     | 48.0
Generation 4     | 6.63      | 3.35      | 1.0       | 4.0       | 6.5       | 9.0       | 15.0
Generation 5     | 1.57      | 1.52      | 0.0       | 0.0       | 1.0       | 2.0       | 6.0
Generation 6     | 0.27      | 0.55      | 0.0       | 0.0       | 0.0       | 0.0       | 2.0
Generation 7     | 0.05      | 0.22      | 0.0       | 0.0       | 0.0       | 0.0       | 1.0
Generation 8     | 0.02      | 0.13      | 0.0       | 0.0       | 0.0       | 0.0       | 1.0


##############################
### Concert Day 42
##############################

--- Global Epidemic Metrics ---
Metric           | Mean      | Std       | Min       | P25       | Median    | P75       | Max
-----------------------------------------------------------------------------------------------
Total infected   | 405110.9  | 182.61    | 404581.0  | 404984.0  | 405113.5  | 405229.25 | 405454.0
Attack rate      | 93.23     | 0.04      | 93.1      | 93.2      | 93.23     | 93.25     | 93.31
R0               | 3.06      | 0.01      | 3.03      | 3.05      | 3.05      | 3.06      | 3.1
Infectious pop   | 36818.05  | 4633.19   | 23677.0   | 34330.5   | 36407.5   | 39760.5   | 49240.0

--- Sitting (occupation 1) ---
Metric           | Mean      | Std       | Min       | P25       | Median    | P75       | Max
-----------------------------------------------------------------------------------------------
Susceptible      | 427.13    | 19.4      | 366.0     | 416.5     | 428.5     | 440.0     | 467.0
Infectious       | 48.57     | 8.87      | 32.0      | 42.0      | 48.5      | 54.25     | 70.0
Exposed          | 58.27     | 9.73      | 38.0      | 52.0      | 58.0      | 64.0      | 87.0
Recovered        | 28.15     | 6.51      | 16.0      | 23.0      | 28.5      | 32.0      | 41.0
Dead             | 0.0       | 0.0       | 0.0       | 0.0       | 0.0       | 0.0       | 0.0
Same day other   | 20.88     | 4.29      | 11.0      | 18.0      | 21.0      | 24.0      | 36.0
Infected         | 40.85     | 9.48      | 25.0      | 33.0      | 42.0      | 48.25     | 66.0

Infection rate (sitting): 9.56%

Expected vs Observed (sitting):
Metric           | Mean      | Std       | Min       | P25       | Median    | P75       | Max
-----------------------------------------------------------------------------------------------
Expected         | 42.92     | 6.0       | 30.78     | 38.2      | 43.39     | 47.38     | 57.9
Std              | 6.19      | 0.38      | 5.35      | 5.9       | 6.24      | 6.49      | 7.05
Z-score          | -0.34     | 1.15      | -2.74     | -1.26     | -0.3      | 0.31      | 2.94

--- Standing (occupation 2) ---
Metric           | Mean      | Std       | Min       | P25       | Median    | P75       | Max
-----------------------------------------------------------------------------------------------
Susceptible      | 420.93    | 19.43     | 383.0     | 405.75    | 421.0     | 433.25    | 474.0
Infectious       | 47.8      | 7.76      | 30.0      | 43.0      | 49.0      | 53.25     | 63.0
Exposed          | 56.77     | 9.2       | 36.0      | 50.75     | 57.0      | 63.25     | 76.0
Recovered        | 29.83     | 6.87      | 15.0      | 25.0      | 29.0      | 34.25     | 47.0
Dead             | 0.0       | 0.0       | 0.0       | 0.0       | 0.0       | 0.0       | 0.0
Same day other   | 20.67     | 4.6       | 13.0      | 17.0      | 20.0      | 23.0      | 36.0
Infected         | 100.97    | 17.47     | 58.0      | 89.75     | 104.0     | 111.0     | 139.0

Infection rate (standing): 23.99%

Expected vs Observed (standing):
Metric           | Mean      | Std       | Min       | P25       | Median    | P75       | Max
-----------------------------------------------------------------------------------------------
Expected         | 105.85    | 12.46     | 74.07     | 99.4      | 107.01    | 113.83    | 131.43
Std              | 8.86      | 0.34      | 7.83      | 8.66      | 8.88      | 9.09      | 9.57
Z-score          | -0.56     | 1.09      | -2.45     | -1.44     | -0.73     | 0.17      | 2.23

Per-generation breakdown (sitting):
Generation 1     | 43.37     | 11.83     | 23.0      | 35.0      | 41.5      | 51.25     | 73.0
Generation 2     | 20.53     | 8.1       | 5.0       | 15.0      | 19.0      | 25.25     | 48.0
Generation 3     | 7.1       | 4.9       | 1.0       | 4.0       | 6.0       | 9.25      | 32.0
Generation 4     | 2.08      | 1.98      | 0.0       | 1.0       | 2.0       | 3.0       | 9.0
Generation 5     | 0.43      | 0.72      | 0.0       | 0.0       | 0.0       | 1.0       | 3.0
Generation 6     | 0.12      | 0.37      | 0.0       | 0.0       | 0.0       | 0.0       | 2.0
Generation 7     | 0.02      | 0.13      | 0.0       | 0.0       | 0.0       | 0.0       | 1.0

Per-generation breakdown (standing):
Generation 1     | 107.92    | 22.84     | 71.0      | 89.5      | 105.0     | 125.25    | 166.0
Generation 2     | 55.33     | 17.95     | 23.0      | 41.0      | 52.0      | 65.0      | 98.0
Generation 3     | 19.65     | 7.76      | 3.0       | 14.75     | 18.5      | 23.25     | 40.0
Generation 4     | 5.88      | 3.76      | 1.0       | 3.0       | 5.0       | 7.25      | 21.0
Generation 5     | 1.63      | 1.77      | 0.0       | 0.0       | 1.0       | 2.0       | 9.0
Generation 6     | 0.32      | 0.68      | 0.0       | 0.0       | 0.0       | 0.0       | 3.0
Generation 7     | 0.07      | 0.25      | 0.0       | 0.0       | 0.0       | 0.0       | 1.0
Generation 8     | 0.03      | 0.18      | 0.0       | 0.0       | 0.0       | 0.0       | 1.0


##############################
### Concert Day 43
##############################

--- Global Epidemic Metrics ---
Metric           | Mean      | Std       | Min       | P25       | Median    | P75       | Max
-----------------------------------------------------------------------------------------------
Total infected   | 405086.23 | 175.58    | 404632.0  | 404974.0  | 405071.5  | 405215.0  | 405424.0
Attack rate      | 93.22     | 0.04      | 93.12     | 93.19     | 93.22     | 93.25     | 93.3
R0               | 3.06      | 0.02      | 3.02      | 3.05      | 3.06      | 3.07      | 3.1
Infectious pop   | 43929.78  | 4513.25   | 34755.0   | 40872.75  | 44306.0   | 47152.75  | 55562.0

--- Sitting (occupation 1) ---
Metric           | Mean      | Std       | Min       | P25       | Median    | P75       | Max
-----------------------------------------------------------------------------------------------
Susceptible      | 399.95    | 18.79     | 359.0     | 385.75    | 400.0     | 412.25    | 437.0
Infectious       | 57.63     | 10.11     | 34.0      | 51.5      | 56.5      | 66.25     | 81.0
Exposed          | 65.87     | 7.79      | 52.0      | 59.0      | 66.5      | 72.0      | 80.0
Recovered        | 35.4      | 6.28      | 16.0      | 31.0      | 35.0      | 40.25     | 50.0
Dead             | 0.0       | 0.0       | 0.0       | 0.0       | 0.0       | 0.0       | 0.0
Same day other   | 24.15     | 4.32      | 16.0      | 21.0      | 24.0      | 27.25     | 34.0
Infected         | 45.67     | 9.75      | 26.0      | 39.75     | 45.0      | 51.0      | 70.0

Infection rate (sitting): 11.42%

Expected vs Observed (sitting):
Metric           | Mean      | Std       | Min       | P25       | Median    | P75       | Max
-----------------------------------------------------------------------------------------------
Expected         | 47.23     | 6.29      | 30.31     | 43.16     | 46.22     | 52.5      | 59.59
Std              | 6.43      | 0.37      | 5.3       | 6.21      | 6.4       | 6.75      | 7.12
Z-score          | -0.24     | 1.18      | -1.79     | -1.22     | -0.45     | 0.38      | 2.66

--- Standing (occupation 2) ---
Metric           | Mean      | Std       | Min       | P25       | Median    | P75       | Max
-----------------------------------------------------------------------------------------------
Susceptible      | 395.43    | 20.26     | 356.0     | 380.5     | 393.5     | 408.5     | 441.0
Infectious       | 57.17     | 8.31      | 38.0      | 52.0      | 57.0      | 62.0      | 76.0
Exposed          | 64.83     | 9.57      | 45.0      | 57.75     | 65.0      | 73.0      | 84.0
Recovered        | 35.87     | 7.77      | 17.0      | 31.75     | 36.0      | 41.25     | 56.0
Dead             | 0.0       | 0.0       | 0.0       | 0.0       | 0.0       | 0.0       | 0.0
Same day other   | 22.7      | 4.74      | 10.0      | 20.0      | 23.0      | 26.0      | 35.0
Infected         | 111.6     | 12.88     | 86.0      | 101.0     | 111.0     | 119.5     | 149.0

Infection rate (standing): 28.22%

Expected vs Observed (standing):
Metric           | Mean      | Std       | Min       | P25       | Median    | P75       | Max
-----------------------------------------------------------------------------------------------
Expected         | 115.77    | 10.58     | 90.81     | 110.79    | 115.72    | 120.59    | 139.0
Std              | 9.02      | 0.22      | 8.35      | 8.93      | 9.03      | 9.17      | 9.57
Z-score          | -0.45     | 1.13      | -2.42     | -1.23     | -0.46     | 0.16      | 3.44

Per-generation breakdown (sitting):
Generation 1     | 44.95     | 12.2      | 22.0      | 37.0      | 45.0      | 51.25     | 83.0
Generation 2     | 19.35     | 7.44      | 4.0       | 14.75     | 19.0      | 22.0      | 43.0
Generation 3     | 6.65      | 4.19      | 0.0       | 3.75      | 6.0       | 8.0       | 22.0
Generation 4     | 1.97      | 1.88      | 0.0       | 1.0       | 2.0       | 2.25      | 10.0
Generation 5     | 0.45      | 0.85      | 0.0       | 0.0       | 0.0       | 1.0       | 4.0
Generation 6     | 0.08      | 0.33      | 0.0       | 0.0       | 0.0       | 0.0       | 2.0
Generation 7     | 0.02      | 0.13      | 0.0       | 0.0       | 0.0       | 0.0       | 1.0

Per-generation breakdown (standing):
Generation 1     | 108.95    | 16.27     | 73.0      | 98.75     | 107.0     | 118.5     | 148.0
Generation 2     | 47.9      | 10.23     | 27.0      | 41.0      | 50.0      | 55.0      | 71.0
Generation 3     | 14.97     | 6.4       | 5.0       | 10.0      | 15.0      | 18.25     | 37.0
Generation 4     | 4.0       | 2.39      | 0.0       | 2.0       | 4.0       | 5.25      | 9.0
Generation 5     | 0.82      | 0.97      | 0.0       | 0.0       | 0.5       | 1.25      | 3.0
Generation 6     | 0.23      | 0.56      | 0.0       | 0.0       | 0.0       | 0.0       | 3.0
Generation 7     | 0.07      | 0.25      | 0.0       | 0.0       | 0.0       | 0.0       | 1.0
Generation 8     | 0.02      | 0.13      | 0.0       | 0.0       | 0.0       | 0.0       | 1.0


##############################
### Concert Day 44
##############################

--- Global Epidemic Metrics ---
Metric           | Mean      | Std       | Min       | P25       | Median    | P75       | Max
-----------------------------------------------------------------------------------------------
Total infected   | 405126.02 | 191.17    | 404722.0  | 405036.0  | 405099.0  | 405242.0  | 405572.0
Attack rate      | 93.23     | 0.04      | 93.14     | 93.21     | 93.22     | 93.26     | 93.33
R0               | 3.06      | 0.02      | 3.01      | 3.05      | 3.06      | 3.07      | 3.09
Infectious pop   | 50453.03  | 5609.76   | 36681.0   | 46936.75  | 50489.5   | 54309.25  | 63364.0

--- Sitting (occupation 1) ---
Metric           | Mean      | Std       | Min       | P25       | Median    | P75       | Max
-----------------------------------------------------------------------------------------------
Susceptible      | 377.78    | 19.97     | 341.0     | 364.75    | 375.5     | 391.0     | 426.0
Infectious       | 65.35     | 8.94      | 44.0      | 59.0      | 63.5      | 70.0      | 90.0
Exposed          | 73.28     | 9.23      | 58.0      | 65.0      | 73.5      | 79.0      | 102.0
Recovered        | 42.65     | 8.69      | 21.0      | 35.0      | 42.0      | 48.0      | 63.0
Dead             | 0.0       | 0.0       | 0.0       | 0.0       | 0.0       | 0.0       | 0.0
Same day other   | 23.93     | 4.99      | 14.0      | 20.0      | 24.0      | 26.25     | 35.0
Infected         | 47.47     | 8.39      | 27.0      | 42.75     | 46.5      | 54.25     | 67.0

Infection rate (sitting): 12.56%

Expected vs Observed (sitting):
Metric           | Mean      | Std       | Min       | P25       | Median    | P75       | Max
-----------------------------------------------------------------------------------------------
Expected         | 50.26     | 4.97      | 38.81     | 46.43     | 50.5      | 52.92     | 65.51
Std              | 6.59      | 0.27      | 5.94      | 6.38      | 6.63      | 6.73      | 7.33
Z-score          | -0.42     | 1.04      | -2.73     | -1.04     | -0.41     | 0.4       | 1.71

--- Standing (occupation 2) ---
Metric           | Mean      | Std       | Min       | P25       | Median    | P75       | Max
-----------------------------------------------------------------------------------------------
Susceptible      | 371.27    | 23.23     | 310.0     | 358.5     | 369.0     | 385.0     | 430.0
Infectious       | 65.83     | 11.29     | 46.0      | 57.75     | 64.5      | 72.75     | 100.0
Exposed          | 73.72     | 9.95      | 50.0      | 68.75     | 72.0      | 79.5      | 99.0
Recovered        | 41.18     | 9.05      | 23.0      | 36.25     | 41.0      | 46.0      | 62.0
Dead             | 0.0       | 0.0       | 0.0       | 0.0       | 0.0       | 0.0       | 0.0
Same day other   | 24.0      | 4.34      | 14.0      | 21.0      | 24.0      | 27.0      | 37.0
Infected         | 116.43    | 16.28     | 74.0      | 108.75    | 114.5     | 128.0     | 146.0

Infection rate (standing): 31.36%

Expected vs Observed (standing):
Metric           | Mean      | Std       | Min       | P25       | Median    | P75       | Max
-----------------------------------------------------------------------------------------------
Expected         | 121.63    | 11.9      | 99.15     | 113.44    | 120.96    | 130.07    | 151.99
Std              | 9.0       | 0.21      | 8.57      | 8.85      | 8.99      | 9.15      | 9.51
Z-score          | -0.58     | 1.12      | -3.59     | -1.12     | -0.51     | 0.11      | 2.46

Per-generation breakdown (sitting):
Generation 1     | 42.45     | 8.75      | 21.0      | 36.75     | 43.0      | 48.25     | 64.0
Generation 2     | 16.9      | 6.73      | 5.0       | 12.75     | 16.0      | 22.0      | 36.0
Generation 3     | 5.35      | 3.25      | 0.0       | 3.0       | 5.0       | 8.0       | 12.0
Generation 4     | 1.2       | 1.15      | 0.0       | 0.0       | 1.0       | 2.0       | 4.0
Generation 5     | 0.25      | 0.63      | 0.0       | 0.0       | 0.0       | 0.0       | 3.0
Generation 6     | 0.08      | 0.28      | 0.0       | 0.0       | 0.0       | 0.0       | 1.0
Generation 7     | 0.02      | 0.13      | 0.0       | 0.0       | 0.0       | 0.0       | 1.0
Generation 8     | 0.02      | 0.13      | 0.0       | 0.0       | 0.0       | 0.0       | 1.0

Per-generation breakdown (standing):
Generation 1     | 100.88    | 15.93     | 63.0      | 94.0      | 102.0     | 113.0     | 133.0
Generation 2     | 40.17     | 10.03     | 18.0      | 34.0      | 40.0      | 48.0      | 61.0
Generation 3     | 12.23     | 4.6       | 3.0       | 9.0       | 12.0      | 15.0      | 23.0
Generation 4     | 2.98      | 1.82      | 0.0       | 2.0       | 3.0       | 4.0       | 7.0
Generation 5     | 0.67      | 0.93      | 0.0       | 0.0       | 0.0       | 1.0       | 3.0
Generation 6     | 0.1       | 0.35      | 0.0       | 0.0       | 0.0       | 0.0       | 2.0


##############################
### Concert Day 45
##############################

--- Global Epidemic Metrics ---
Metric           | Mean      | Std       | Min       | P25       | Median    | P75       | Max
-----------------------------------------------------------------------------------------------
Total infected   | 405067.87 | 198.16    | 404670.0  | 404926.25 | 405046.5  | 405217.5  | 405447.0
Attack rate      | 93.22     | 0.05      | 93.13     | 93.18     | 93.21     | 93.25     | 93.3
R0               | 3.05      | 0.02      | 3.01      | 3.04      | 3.05      | 3.07      | 3.1
Infectious pop   | 59325.12  | 5903.81   | 45956.0   | 55114.5   | 59574.5   | 63568.75  | 73716.0

--- Sitting (occupation 1) ---
Metric           | Mean      | Std       | Min       | P25       | Median    | P75       | Max
-----------------------------------------------------------------------------------------------
Susceptible      | 348.35    | 20.32     | 307.0     | 333.75    | 347.0     | 361.25    | 398.0
Infectious       | 77.32     | 9.72      | 48.0      | 71.75     | 78.0      | 84.0      | 97.0
Exposed          | 79.87     | 8.83      | 59.0      | 74.0      | 79.0      | 86.25     | 97.0
Recovered        | 52.42     | 8.5       | 36.0      | 46.75     | 51.5      | 57.25     | 72.0
Dead             | 0.0       | 0.0       | 0.0       | 0.0       | 0.0       | 0.0       | 0.0
Same day other   | 25.05     | 5.22      | 16.0      | 21.0      | 25.0      | 28.25     | 39.0
Infected         | 52.28     | 7.98      | 35.0      | 47.0      | 52.0      | 57.25     | 69.0

Infection rate (sitting): 15.01%

Expected vs Observed (sitting):
Metric           | Mean      | Std       | Min       | P25       | Median    | P75       | Max
-----------------------------------------------------------------------------------------------
Expected         | 54.12     | 4.82      | 37.85     | 51.13     | 54.49     | 57.6      | 62.54
Std              | 6.75      | 0.25      | 5.84      | 6.6       | 6.79      | 6.95      | 7.17
Z-score          | -0.28     | 0.88      | -2.24     | -0.79     | -0.31     | 0.37      | 1.65

--- Standing (occupation 2) ---
Metric           | Mean      | Std       | Min       | P25       | Median    | P75       | Max
-----------------------------------------------------------------------------------------------
Susceptible      | 344.28    | 22.51     | 301.0     | 328.75    | 346.5     | 358.25    | 406.0
Infectious       | 77.72     | 10.57     | 56.0      | 70.0      | 77.0      | 83.25     | 114.0
Exposed          | 78.53     | 10.43     | 56.0      | 72.5      | 79.5      | 84.0      | 106.0
Recovered        | 50.0      | 9.42      | 34.0      | 42.0      | 50.5      | 55.0      | 76.0
Dead             | 0.0       | 0.0       | 0.0       | 0.0       | 0.0       | 0.0       | 0.0
Same day other   | 25.47     | 4.62      | 15.0      | 22.0      | 25.0      | 29.0      | 35.0
Infected         | 122.82    | 14.28     | 93.0      | 112.0     | 121.0     | 133.0     | 148.0

Infection rate (standing): 35.67%

Expected vs Observed (standing):
Metric           | Mean      | Std       | Min       | P25       | Median    | P75       | Max
-----------------------------------------------------------------------------------------------
Expected         | 129.14    | 9.28      | 111.14    | 122.09    | 128.52    | 134.65    | 160.12
Std              | 8.95      | 0.2       | 8.49      | 8.84      | 8.96      | 9.07      | 9.4
Z-score          | -0.71     | 1.13      | -2.84     | -1.54     | -0.77     | 0.07      | 1.82

Per-generation breakdown (sitting):
Generation 1     | 41.4      | 9.76      | 24.0      | 34.0      | 39.0      | 49.0      | 65.0
Generation 2     | 14.88     | 5.12      | 6.0       | 11.0      | 14.0      | 17.25     | 31.0
Generation 3     | 4.58      | 2.51      | 1.0       | 3.0       | 4.0       | 6.0       | 11.0
Generation 4     | 1.17      | 1.36      | 0.0       | 0.0       | 1.0       | 2.0       | 4.0
Generation 5     | 0.2       | 0.44      | 0.0       | 0.0       | 0.0       | 0.0       | 2.0
Generation 6     | 0.05      | 0.22      | 0.0       | 0.0       | 0.0       | 0.0       | 1.0

Per-generation breakdown (standing):
Generation 1     | 96.07     | 17.5      | 64.0      | 84.0      | 92.0      | 111.0     | 141.0
Generation 2     | 34.85     | 10.88     | 16.0      | 27.75     | 33.5      | 44.0      | 62.0
Generation 3     | 10.37     | 4.95      | 3.0       | 7.0       | 10.0      | 12.25     | 25.0
Generation 4     | 2.58      | 1.96      | 0.0       | 1.0       | 2.0       | 4.0       | 9.0
Generation 5     | 0.63      | 0.9       | 0.0       | 0.0       | 0.0       | 1.0       | 4.0
Generation 6     | 0.18      | 0.47      | 0.0       | 0.0       | 0.0       | 0.0       | 2.0


##############################
### Concert Day 46
##############################

--- Global Epidemic Metrics ---
Metric           | Mean      | Std       | Min       | P25       | Median    | P75       | Max
-----------------------------------------------------------------------------------------------
Total infected   | 405152.73 | 206.7     | 404646.0  | 405013.25 | 405142.0  | 405270.75 | 405731.0
Attack rate      | 93.24     | 0.05      | 93.12     | 93.2      | 93.23     | 93.26     | 93.37
R0               | 3.06      | 0.02      | 3.01      | 3.04      | 3.06      | 3.07      | 3.11
Infectious pop   | 64610.58  | 7353.6    | 47208.0   | 59757.0   | 63983.5   | 69732.25  | 78984.0

--- Sitting (occupation 1) ---
Metric           | Mean      | Std       | Min       | P25       | Median    | P75       | Max
-----------------------------------------------------------------------------------------------
Susceptible      | 333.33    | 23.9      | 284.0     | 315.0     | 333.5     | 349.25    | 397.0
Infectious       | 84.22     | 12.93     | 58.0      | 72.75     | 85.5      | 93.25     | 111.0
Exposed          | 82.07     | 9.73      | 61.0      | 76.0      | 81.0      | 90.0      | 107.0
Recovered        | 56.97     | 10.28     | 28.0      | 51.0      | 56.5      | 61.25     | 86.0
Dead             | 0.0       | 0.0       | 0.0       | 0.0       | 0.0       | 0.0       | 0.0
Same day other   | 26.42     | 5.11      | 15.0      | 24.0      | 26.0      | 30.0      | 40.0
Infected         | 52.1      | 8.2       | 33.0      | 47.0      | 51.0      | 58.0      | 69.0

Infection rate (sitting): 15.63%

Expected vs Observed (sitting):
Metric           | Mean      | Std       | Min       | P25       | Median    | P75       | Max
-----------------------------------------------------------------------------------------------
Expected         | 55.78     | 5.32      | 44.22     | 51.67     | 56.48     | 60.05     | 64.87
Std              | 6.8       | 0.25      | 6.2       | 6.61      | 6.85      | 6.98      | 7.22
Z-score          | -0.53     | 1.11      | -2.75     | -1.31     | -0.65     | 0.19      | 1.99

--- Standing (occupation 2) ---
Metric           | Mean      | Std       | Min       | P25       | Median    | P75       | Max
-----------------------------------------------------------------------------------------------
Susceptible      | 325.65    | 23.52     | 280.0     | 310.25    | 324.5     | 345.0     | 391.0
Infectious       | 85.6      | 10.19     | 56.0      | 79.0      | 84.5      | 91.25     | 110.0
Exposed          | 81.88     | 8.87      | 64.0      | 76.0      | 81.5      | 88.0      | 104.0
Recovered        | 57.47     | 11.34     | 33.0      | 49.0      | 58.5      | 66.25     | 80.0
Dead             | 0.0       | 0.0       | 0.0       | 0.0       | 0.0       | 0.0       | 0.0
Same day other   | 25.4      | 5.74      | 15.0      | 21.75     | 24.5      | 29.0      | 40.0
Infected         | 126.32    | 14.38     | 91.0      | 118.0     | 123.0     | 137.0     | 159.0

Infection rate (standing): 38.79%

Expected vs Observed (standing):
Metric           | Mean      | Std       | Min       | P25       | Median    | P75       | Max
-----------------------------------------------------------------------------------------------
Expected         | 131.71    | 8.51      | 113.36    | 126.35    | 131.32    | 137.09    | 148.92
Std              | 8.83      | 0.24      | 8.35      | 8.66      | 8.8       | 9.01      | 9.33
Z-score          | -0.61     | 1.28      | -3.63     | -1.52     | -0.74     | 0.19      | 2.62

Per-generation breakdown (sitting):
Generation 1     | 38.87     | 9.68      | 18.0      | 33.75     | 38.0      | 43.0      | 69.0
Generation 2     | 13.07     | 6.24      | 5.0       | 9.0       | 12.0      | 17.0      | 46.0
Generation 3     | 3.63      | 2.35      | 0.0       | 2.0       | 3.0       | 5.0       | 13.0
Generation 4     | 0.9       | 1.05      | 0.0       | 0.0       | 1.0       | 1.0       | 4.0
Generation 5     | 0.2       | 0.61      | 0.0       | 0.0       | 0.0       | 0.0       | 4.0
Generation 6     | 0.05      | 0.29      | 0.0       | 0.0       | 0.0       | 0.0       | 2.0

Per-generation breakdown (standing):
Generation 1     | 91.85     | 16.18     | 63.0      | 80.75     | 89.5      | 102.5     | 134.0
Generation 2     | 31.82     | 9.02      | 16.0      | 24.0      | 31.5      | 37.25     | 55.0
Generation 3     | 9.43      | 3.96      | 2.0       | 7.0       | 9.0       | 12.0      | 22.0
Generation 4     | 1.92      | 1.51      | 0.0       | 1.0       | 2.0       | 3.0       | 6.0
Generation 5     | 0.43      | 0.72      | 0.0       | 0.0       | 0.0       | 1.0       | 3.0
Generation 6     | 0.05      | 0.22      | 0.0       | 0.0       | 0.0       | 0.0       | 1.0


##############################
### Concert Day 47
##############################

--- Global Epidemic Metrics ---
Metric           | Mean      | Std       | Min       | P25       | Median    | P75       | Max
-----------------------------------------------------------------------------------------------
Total infected   | 405142.97 | 189.71    | 404609.0  | 405027.0  | 405146.0  | 405255.75 | 405521.0
Attack rate      | 93.23     | 0.04      | 93.11     | 93.21     | 93.23     | 93.26     | 93.32
R0               | 3.05      | 0.02      | 3.01      | 3.04      | 3.06      | 3.06      | 3.1
Infectious pop   | 75325.78  | 7192.39   | 57729.0   | 70153.0   | 74476.0   | 80533.5   | 91359.0

--- Sitting (occupation 1) ---
Metric           | Mean      | Std       | Min       | P25       | Median    | P75       | Max
-----------------------------------------------------------------------------------------------
Susceptible      | 297.12    | 26.29     | 239.0     | 283.5     | 296.0     | 315.0     | 354.0
Infectious       | 100.08    | 13.04     | 68.0      | 93.75     | 99.5      | 108.25    | 126.0
Exposed          | 88.03     | 9.72      | 70.0      | 81.0      | 87.0      | 93.0      | 112.0
Recovered        | 71.78     | 11.09     | 46.0      | 63.75     | 72.0      | 78.5      | 96.0
Dead             | 0.0       | 0.0       | 0.0       | 0.0       | 0.0       | 0.0       | 0.0
Same day other   | 25.98     | 4.63      | 16.0      | 23.0      | 26.5      | 29.0      | 34.0
Infected         | 55.58     | 6.37      | 38.0      | 51.0      | 55.0      | 59.0      | 70.0

Infection rate (sitting): 18.71%

Expected vs Observed (sitting):
Metric           | Mean      | Std       | Min       | P25       | Median    | P75       | Max
-----------------------------------------------------------------------------------------------
Expected         | 58.05     | 3.58      | 49.14     | 56.09     | 58.2      | 59.92     | 68.22
Std              | 6.82      | 0.16      | 6.49      | 6.72      | 6.83      | 6.94      | 7.22
Z-score          | -0.36     | 0.91      | -2.75     | -0.81     | -0.43     | 0.12      | 1.61

--- Standing (occupation 2) ---
Metric           | Mean      | Std       | Min       | P25       | Median    | P75       | Max
-----------------------------------------------------------------------------------------------
Susceptible      | 296.47    | 23.62     | 251.0     | 278.75    | 297.0     | 315.0     | 348.0
Infectious       | 97.78     | 12.78     | 67.0      | 89.0      | 97.0      | 108.0     | 127.0
Exposed          | 86.77     | 8.13      | 60.0      | 82.0      | 87.5      | 92.0      | 100.0
Recovered        | 69.87     | 12.28     | 45.0      | 60.5      | 69.5      | 80.0      | 99.0
Dead             | 0.0       | 0.0       | 0.0       | 0.0       | 0.0       | 0.0       | 0.0
Same day other   | 25.12     | 4.71      | 14.0      | 22.0      | 25.0      | 28.25     | 36.0
Infected         | 126.28    | 12.94     | 88.0      | 119.75    | 126.0     | 134.0     | 157.0

Infection rate (standing): 42.6%

Expected vs Observed (standing):
Metric           | Mean      | Std       | Min       | P25       | Median    | P75       | Max
-----------------------------------------------------------------------------------------------
Expected         | 132.16    | 8.92      | 113.73    | 125.44    | 132.54    | 137.65    | 154.34
Std              | 8.52      | 0.29      | 7.9       | 8.33      | 8.55      | 8.73      | 9.12
Z-score          | -0.69     | 1.37      | -4.62     | -1.51     | -0.66     | 0.43      | 3.02

Per-generation breakdown (sitting):
Generation 1     | 35.68     | 6.95      | 14.0      | 31.0      | 36.0      | 40.0      | 51.0
Generation 2     | 10.62     | 4.27      | 2.0       | 8.75      | 10.0      | 13.0      | 23.0
Generation 3     | 2.92      | 2.08      | 0.0       | 1.75      | 2.5       | 4.0       | 8.0
Generation 4     | 0.68      | 0.98      | 0.0       | 0.0       | 0.0       | 1.0       | 3.0
Generation 5     | 0.08      | 0.28      | 0.0       | 0.0       | 0.0       | 0.0       | 1.0

Per-generation breakdown (standing):
Generation 1     | 81.25     | 13.84     | 46.0      | 71.0      | 81.5      | 92.25     | 108.0
Generation 2     | 25.17     | 7.78      | 6.0       | 19.75     | 25.0      | 30.0      | 44.0
Generation 3     | 6.2       | 3.36      | 1.0       | 4.0       | 5.0       | 8.0       | 19.0
Generation 4     | 1.4       | 1.39      | 0.0       | 0.0       | 1.0       | 2.0       | 7.0
Generation 5     | 0.32      | 0.57      | 0.0       | 0.0       | 0.0       | 1.0       | 2.0
Generation 6     | 0.05      | 0.22      | 0.0       | 0.0       | 0.0       | 0.0       | 1.0
Generation 7     | 0.02      | 0.13      | 0.0       | 0.0       | 0.0       | 0.0       | 1.0


##############################
### Concert Day 48
##############################

--- Global Epidemic Metrics ---
Metric           | Mean      | Std       | Min       | P25       | Median    | P75       | Max
-----------------------------------------------------------------------------------------------
Total infected   | 405162.55 | 187.26    | 404839.0  | 405017.0  | 405170.0  | 405272.75 | 405644.0
Attack rate      | 93.24     | 0.04      | 93.16     | 93.2      | 93.24     | 93.26     | 93.35
R0               | 3.06      | 0.02      | 3.0       | 3.04      | 3.06      | 3.07      | 3.09
Infectious pop   | 80980.28  | 6800.02   | 59208.0   | 75921.25  | 82500.5   | 86237.0   | 90597.0

--- Sitting (occupation 1) ---
Metric           | Mean      | Std       | Min       | P25       | Median    | P75       | Max
-----------------------------------------------------------------------------------------------
Susceptible      | 282.1     | 23.28     | 242.0     | 264.0     | 279.5     | 294.0     | 356.0
Infectious       | 104.58    | 12.78     | 70.0      | 96.0      | 106.0     | 113.25    | 129.0
Exposed          | 91.33     | 9.48      | 64.0      | 85.0      | 92.0      | 97.0      | 117.0
Recovered        | 79.57     | 13.85     | 50.0      | 71.0      | 80.0      | 90.0      | 110.0
Dead             | 0.0       | 0.0       | 0.0       | 0.0       | 0.0       | 0.0       | 0.0
Same day other   | 25.42     | 5.32      | 11.0      | 22.0      | 25.5      | 29.0      | 41.0
Infected         | 55.13     | 8.02      | 34.0      | 50.0      | 55.0      | 59.25     | 82.0

Infection rate (sitting): 19.54%

Expected vs Observed (sitting):
Metric           | Mean      | Std       | Min       | P25       | Median    | P75       | Max
-----------------------------------------------------------------------------------------------
Expected         | 57.48     | 4.54      | 48.07     | 54.31     | 58.24     | 60.77     | 67.16
Std              | 6.75      | 0.21      | 6.26      | 6.62      | 6.77      | 6.89      | 7.23
Z-score          | -0.35     | 0.96      | -2.4      | -1.1      | -0.34     | 0.22      | 2.39

--- Standing (occupation 2) ---
Metric           | Mean      | Std       | Min       | P25       | Median    | P75       | Max
-----------------------------------------------------------------------------------------------
Susceptible      | 277.12    | 22.27     | 236.0     | 261.0     | 275.0     | 291.5     | 344.0
Infectious       | 104.77    | 13.31     | 75.0      | 97.0      | 105.0     | 113.0     | 137.0
Exposed          | 91.9      | 10.75     | 73.0      | 84.75     | 90.0      | 99.0      | 117.0
Recovered        | 76.92     | 11.83     | 50.0      | 69.0      | 75.0      | 85.25     | 108.0
Dead             | 0.0       | 0.0       | 0.0       | 0.0       | 0.0       | 0.0       | 0.0
Same day other   | 25.3      | 4.72      | 13.0      | 22.0      | 26.0      | 28.0      | 36.0
Infected         | 123.15    | 10.12     | 101.0     | 115.75    | 124.5     | 129.25    | 146.0

Infection rate (standing): 44.44%

Expected vs Observed (standing):
Metric           | Mean      | Std       | Min       | P25       | Median    | P75       | Max
-----------------------------------------------------------------------------------------------
Expected         | 129.9     | 8.09      | 111.15    | 125.19    | 131.24    | 135.41    | 145.17
Std              | 8.27      | 0.29      | 7.67      | 8.08      | 8.29      | 8.47      | 8.94
Z-score          | -0.82     | 0.89      | -3.09     | -1.49     | -0.91     | -0.22     | 1.35

Per-generation breakdown (sitting):
Generation 1     | 34.82     | 7.77      | 20.0      | 29.0      | 35.0      | 39.25     | 58.0
Generation 2     | 10.15     | 3.91      | 3.0       | 7.75      | 10.0      | 13.0      | 19.0
Generation 3     | 2.6       | 2.23      | 0.0       | 1.0       | 2.0       | 3.0       | 11.0
Generation 4     | 0.63      | 1.02      | 0.0       | 0.0       | 0.0       | 1.0       | 5.0
Generation 5     | 0.15      | 0.55      | 0.0       | 0.0       | 0.0       | 0.0       | 3.0
Generation 6     | 0.02      | 0.13      | 0.0       | 0.0       | 0.0       | 0.0       | 1.0

Per-generation breakdown (standing):
Generation 1     | 75.67     | 12.75     | 43.0      | 68.75     | 77.0      | 83.0      | 104.0
Generation 2     | 21.57     | 5.6       | 9.0       | 18.0      | 21.0      | 25.0      | 39.0
Generation 3     | 6.13      | 3.18      | 0.0       | 3.75      | 6.0       | 8.0       | 15.0
Generation 4     | 1.4       | 1.54      | 0.0       | 0.0       | 1.0       | 2.0       | 8.0
Generation 5     | 0.37      | 0.69      | 0.0       | 0.0       | 0.0       | 1.0       | 3.0
Generation 6     | 0.03      | 0.18      | 0.0       | 0.0       | 0.0       | 0.0       | 1.0


##############################
### Concert Day 49
##############################

--- Global Epidemic Metrics ---
Metric           | Mean      | Std       | Min       | P25       | Median    | P75       | Max
-----------------------------------------------------------------------------------------------
Total infected   | 405182.72 | 236.31    | 404549.0  | 405046.0  | 405172.0  | 405361.75 | 405651.0
Attack rate      | 93.24     | 0.05      | 93.1      | 93.21     | 93.24     | 93.28     | 93.35
R0               | 3.06      | 0.02      | 3.02      | 3.05      | 3.06      | 3.07      | 3.11
Infectious pop   | 90615.0   | 7244.14   | 59353.0   | 86477.75  | 91939.5   | 95262.75  | 103043.0

--- Sitting (occupation 1) ---
Metric           | Mean      | Std       | Min       | P25       | Median    | P75       | Max
-----------------------------------------------------------------------------------------------
Susceptible      | 251.82    | 26.14     | 205.0     | 231.75    | 245.5     | 272.25    | 354.0
Infectious       | 118.73    | 13.17     | 71.0      | 110.0     | 120.5     | 128.0     | 146.0
Exposed          | 91.6      | 9.58      | 74.0      | 84.5      | 90.5      | 97.0      | 113.0
Recovered        | 96.38     | 17.23     | 45.0      | 84.75     | 94.0      | 109.25    | 136.0
Dead             | 0.0       | 0.0       | 0.0       | 0.0       | 0.0       | 0.0       | 0.0
Same day other   | 24.47     | 4.39      | 14.0      | 22.0      | 24.0      | 27.0      | 41.0
Infected         | 54.18     | 8.34      | 33.0      | 48.75     | 54.5      | 60.25     | 72.0

Infection rate (sitting): 21.52%

Expected vs Observed (sitting):
Metric           | Mean      | Std       | Min       | P25       | Median    | P75       | Max
-----------------------------------------------------------------------------------------------
Expected         | 57.3      | 3.9       | 49.67     | 54.65     | 56.97     | 59.07     | 66.28
Std              | 6.64      | 0.21      | 6.2       | 6.54      | 6.62      | 6.75      | 7.09
Z-score          | -0.47     | 1.23      | -3.07     | -1.39     | -0.64     | 0.3       | 2.18

--- Standing (occupation 2) ---
Metric           | Mean      | Std       | Min       | P25       | Median    | P75       | Max
-----------------------------------------------------------------------------------------------
Susceptible      | 248.2     | 23.71     | 213.0     | 233.0     | 245.0     | 259.25    | 340.0
Infectious       | 117.08    | 14.94     | 72.0      | 109.75    | 115.5     | 126.25    | 146.0
Exposed          | 92.75     | 8.68      | 69.0      | 87.0      | 93.0      | 98.25     | 113.0
Recovered        | 94.03     | 15.89     | 62.0      | 80.75     | 95.0      | 102.25    | 137.0
Dead             | 0.0       | 0.0       | 0.0       | 0.0       | 0.0       | 0.0       | 0.0
Same day other   | 23.93     | 4.96      | 10.0      | 21.0      | 24.0      | 27.0      | 35.0
Infected         | 117.9     | 11.9      | 97.0      | 109.0     | 117.0     | 126.75    | 149.0

Infection rate (standing): 47.5%

Expected vs Observed (standing):
Metric           | Mean      | Std       | Min       | P25       | Median    | P75       | Max
-----------------------------------------------------------------------------------------------
Expected         | 125.59    | 8.08      | 108.78    | 119.95    | 125.35    | 131.41    | 148.57
Std              | 7.83      | 0.35      | 7.21      | 7.61      | 7.77      | 8.05      | 8.83
Z-score          | -0.97     | 1.0       | -2.74     | -1.45     | -1.01     | -0.31     | 1.92

Per-generation breakdown (sitting):
Generation 1     | 30.62     | 8.28      | 14.0      | 24.75     | 29.5      | 36.25     | 56.0
Generation 2     | 7.98      | 4.54      | 2.0       | 4.75      | 8.0       | 10.0      | 26.0
Generation 3     | 1.97      | 1.5       | 0.0       | 1.0       | 2.0       | 3.0       | 6.0
Generation 4     | 0.33      | 0.57      | 0.0       | 0.0       | 0.0       | 1.0       | 3.0
Generation 5     | 0.03      | 0.26      | 0.0       | 0.0       | 0.0       | 0.0       | 2.0
Generation 6     | 0.02      | 0.13      | 0.0       | 0.0       | 0.0       | 0.0       | 1.0

Per-generation breakdown (standing):
Generation 1     | 64.52     | 11.12     | 37.0      | 56.0      | 64.5      | 72.0      | 98.0
Generation 2     | 17.3      | 5.8       | 5.0       | 13.75     | 16.0      | 21.25     | 36.0
Generation 3     | 4.95      | 2.84      | 0.0       | 3.0       | 5.0       | 7.0       | 11.0
Generation 4     | 0.9       | 1.0       | 0.0       | 0.0       | 1.0       | 1.0       | 4.0
Generation 5     | 0.35      | 0.76      | 0.0       | 0.0       | 0.0       | 0.0       | 3.0
Generation 6     | 0.1       | 0.35      | 0.0       | 0.0       | 0.0       | 0.0       | 2.0


##############################
### Concert Day 50
##############################

--- Global Epidemic Metrics ---
Metric           | Mean      | Std       | Min       | P25       | Median    | P75       | Max
-----------------------------------------------------------------------------------------------
Total infected   | 405182.7  | 196.06    | 404664.0  | 405045.75 | 405217.5  | 405300.5  | 405587.0
Attack rate      | 93.24     | 0.05      | 93.12     | 93.21     | 93.25     | 93.27     | 93.34
R0               | 3.06      | 0.02      | 3.02      | 3.04      | 3.06      | 3.06      | 3.09
Infectious pop   | 99056.6   | 4260.51   | 89962.0   | 95876.0   | 99887.5   | 101810.5  | 108496.0

--- Sitting (occupation 1) ---
Metric           | Mean      | Std       | Min       | P25       | Median    | P75       | Max
-----------------------------------------------------------------------------------------------
Susceptible      | 226.0     | 16.65     | 190.0     | 213.75    | 223.5     | 240.0     | 265.0
Infectious       | 128.67    | 9.15      | 113.0     | 121.75    | 128.0     | 135.0     | 150.0
Exposed          | 94.22     | 7.72      | 78.0      | 89.75     | 94.0      | 99.25     | 110.0
Recovered        | 110.37    | 12.92     | 81.0      | 102.5     | 109.5     | 117.5     | 147.0
Dead             | 0.0       | 0.0       | 0.0       | 0.0       | 0.0       | 0.0       | 0.0
Same day other   | 23.75     | 4.95      | 11.0      | 20.0      | 24.0      | 27.0      | 37.0
Infected         | 51.45     | 7.75      | 38.0      | 47.0      | 50.0      | 54.5      | 80.0

Infection rate (sitting): 22.77%

Expected vs Observed (sitting):
Metric           | Mean      | Std       | Min       | P25       | Median    | P75       | Max
-----------------------------------------------------------------------------------------------
Expected         | 55.51     | 3.65      | 47.64     | 52.58     | 55.91     | 57.98     | 62.13
Std              | 6.46      | 0.2       | 6.03      | 6.32      | 6.48      | 6.61      | 6.85
Z-score          | -0.63     | 1.08      | -2.48     | -1.49     | -0.55     | -0.08     | 2.69

--- Standing (occupation 2) ---
Metric           | Mean      | Std       | Min       | P25       | Median    | P75       | Max
-----------------------------------------------------------------------------------------------
Susceptible      | 223.13    | 16.85     | 194.0     | 212.0     | 221.0     | 231.25    | 266.0
Infectious       | 127.62    | 10.11     | 108.0     | 120.0     | 130.0     | 135.25    | 147.0
Exposed          | 91.45     | 8.04      | 72.0      | 86.0      | 92.5      | 98.0      | 106.0
Recovered        | 110.5     | 12.54     | 89.0      | 101.75    | 111.0     | 117.25    | 139.0
Dead             | 0.0       | 0.0       | 0.0       | 0.0       | 0.0       | 0.0       | 0.0
Same day other   | 23.3      | 5.14      | 12.0      | 20.0      | 23.0      | 27.0      | 41.0
Infected         | 111.65    | 11.78     | 87.0      | 104.5     | 111.0     | 118.25    | 135.0

Infection rate (standing): 50.04%

Expected vs Observed (standing):
Metric           | Mean      | Std       | Min       | P25       | Median    | P75       | Max
-----------------------------------------------------------------------------------------------
Expected         | 120.38    | 6.95      | 106.93    | 114.62    | 120.14    | 125.52    | 135.21
Std              | 7.43      | 0.3       | 6.89      | 7.22      | 7.4       | 7.59      | 8.15
Z-score          | -1.19     | 1.16      | -4.36     | -1.82     | -1.04     | -0.49     | 1.05

Per-generation breakdown (sitting):
Generation 1     | 26.72     | 6.04      | 17.0      | 22.0      | 25.0      | 31.25     | 43.0
Generation 2     | 6.27      | 2.58      | 2.0       | 4.75      | 6.0       | 8.0       | 14.0
Generation 3     | 1.65      | 1.34      | 0.0       | 1.0       | 1.0       | 2.25      | 5.0
Generation 4     | 0.22      | 0.49      | 0.0       | 0.0       | 0.0       | 0.0       | 2.0
Generation 5     | 0.07      | 0.31      | 0.0       | 0.0       | 0.0       | 0.0       | 2.0

Per-generation breakdown (standing):
Generation 1     | 57.2      | 10.3      | 37.0      | 50.75     | 55.0      | 64.0      | 82.0
Generation 2     | 13.93     | 5.34      | 4.0       | 10.0      | 13.0      | 17.25     | 28.0
Generation 3     | 3.3       | 2.34      | 0.0       | 2.0       | 3.0       | 4.25      | 10.0
Generation 4     | 0.78      | 1.15      | 0.0       | 0.0       | 0.0       | 1.0       | 5.0
Generation 5     | 0.15      | 0.48      | 0.0       | 0.0       | 0.0       | 0.0       | 3.0
Generation 6     | 0.05      | 0.22      | 0.0       | 0.0       | 0.0       | 0.0       | 1.0
Generation 7     | 0.03      | 0.18      | 0.0       | 0.0       | 0.0       | 0.0       | 1.0


##############################
### Concert Day 51
##############################

--- Global Epidemic Metrics ---
Metric           | Mean      | Std       | Min       | P25       | Median    | P75       | Max
-----------------------------------------------------------------------------------------------
Total infected   | 405193.37 | 217.58    | 404690.0  | 405007.0  | 405232.0  | 405321.5  | 405593.0
Attack rate      | 93.25     | 0.05      | 93.13     | 93.2      | 93.25     | 93.27     | 93.34
R0               | 3.06      | 0.02      | 3.01      | 3.05      | 3.06      | 3.07      | 3.09
Infectious pop   | 104523.57 | 5231.19   | 88830.0   | 102653.75 | 105147.0  | 107494.0  | 114130.0

--- Sitting (occupation 1) ---
Metric           | Mean      | Std       | Min       | P25       | Median    | P75       | Max
-----------------------------------------------------------------------------------------------
Susceptible      | 205.73    | 18.03     | 169.0     | 194.75    | 203.0     | 217.25    | 256.0
Infectious       | 136.1     | 10.64     | 107.0     | 130.0     | 137.0     | 143.25    | 160.0
Exposed          | 91.67     | 9.25      | 70.0      | 85.0      | 91.0      | 98.0      | 114.0
Recovered        | 127.73    | 19.26     | 82.0      | 116.0     | 127.0     | 140.0     | 179.0
Dead             | 0.0       | 0.0       | 0.0       | 0.0       | 0.0       | 0.0       | 0.0
Same day other   | 21.77     | 5.4       | 10.0      | 18.0      | 21.0      | 25.25     | 35.0
Infected         | 47.47     | 7.1       | 32.0      | 42.75     | 47.0      | 53.0      | 63.0

Infection rate (sitting): 23.07%

Expected vs Observed (sitting):
Metric           | Mean      | Std       | Min       | P25       | Median    | P75       | Max
-----------------------------------------------------------------------------------------------
Expected         | 53.04     | 4.78      | 44.57     | 49.06     | 52.09     | 56.47     | 68.19
Std              | 6.26      | 0.26      | 5.78      | 6.07      | 6.22      | 6.43      | 6.93
Z-score          | -0.89     | 0.88      | -2.7      | -1.54     | -0.84     | -0.26     | 0.99

--- Standing (occupation 2) ---
Metric           | Mean      | Std       | Min       | P25       | Median    | P75       | Max
-----------------------------------------------------------------------------------------------
Susceptible      | 203.87    | 21.05     | 161.0     | 193.5     | 201.0     | 213.0     | 259.0
Infectious       | 136.7     | 11.49     | 103.0     | 131.75    | 137.0     | 144.0     | 156.0
Exposed          | 89.28     | 8.0       | 67.0      | 84.5      | 89.0      | 95.0      | 108.0
Recovered        | 125.17    | 16.14     | 89.0      | 117.25    | 123.5     | 135.5     | 158.0
Dead             | 0.0       | 0.0       | 0.0       | 0.0       | 0.0       | 0.0       | 0.0
Same day other   | 20.98     | 5.48      | 9.0       | 17.0      | 21.0      | 24.25     | 34.0
Infected         | 110.07    | 9.72      | 88.0      | 104.0     | 109.0     | 115.25    | 137.0

Infection rate (standing): 53.99%

Expected vs Observed (standing):
Metric           | Mean      | Std       | Min       | P25       | Median    | P75       | Max
-----------------------------------------------------------------------------------------------
Expected         | 114.79    | 8.37      | 96.76     | 110.01    | 114.42    | 119.77    | 135.54
Std              | 7.06      | 0.4       | 6.21      | 6.85      | 7.04      | 7.25      | 8.03
Z-score          | -0.66     | 1.01      | -2.66     | -1.32     | -0.65     | -0.11     | 1.84

Per-generation breakdown (sitting):
Generation 1     | 24.7      | 6.87      | 13.0      | 19.75     | 25.0      | 29.0      | 40.0
Generation 2     | 5.55      | 2.77      | 2.0       | 3.0       | 6.0       | 7.0       | 14.0
Generation 3     | 1.52      | 1.33      | 0.0       | 1.0       | 1.0       | 2.0       | 6.0
Generation 4     | 0.33      | 0.66      | 0.0       | 0.0       | 0.0       | 0.0       | 2.0
Generation 5     | 0.02      | 0.13      | 0.0       | 0.0       | 0.0       | 0.0       | 1.0

Per-generation breakdown (standing):
Generation 1     | 54.43     | 8.78      | 38.0      | 47.0      | 54.0      | 62.0      | 80.0
Generation 2     | 12.73     | 4.17      | 4.0       | 10.0      | 13.0      | 15.0      | 22.0
Generation 3     | 3.5       | 2.1       | 0.0       | 2.0       | 3.0       | 5.0       | 8.0
Generation 4     | 1.0       | 1.04      | 0.0       | 0.0       | 1.0       | 2.0       | 4.0
Generation 5     | 0.15      | 0.4       | 0.0       | 0.0       | 0.0       | 0.0       | 2.0


##############################
### Concert Day 52
##############################

--- Global Epidemic Metrics ---
Metric           | Mean      | Std       | Min       | P25       | Median    | P75       | Max
-----------------------------------------------------------------------------------------------
Total infected   | 405174.58 | 181.81    | 404843.0  | 405070.75 | 405153.0  | 405274.25 | 405736.0
Attack rate      | 93.24     | 0.04      | 93.16     | 93.22     | 93.24     | 93.26     | 93.37
R0               | 3.06      | 0.02      | 3.02      | 3.04      | 3.06      | 3.07      | 3.1
Infectious pop   | 108956.17 | 3831.42   | 98909.0   | 106515.75 | 109150.5  | 111876.5  | 115317.0

--- Sitting (occupation 1) ---
Metric           | Mean      | Std       | Min       | P25       | Median    | P75       | Max
-----------------------------------------------------------------------------------------------
Susceptible      | 188.35    | 20.46     | 144.0     | 174.75    | 186.0     | 200.75    | 235.0
Infectious       | 143.2     | 13.08     | 113.0     | 133.75    | 144.0     | 153.25    | 172.0
Exposed          | 87.08     | 9.46      | 62.0      | 82.75     | 86.5      | 92.0      | 114.0
Recovered        | 144.05    | 18.71     | 110.0     | 129.0     | 146.5     | 156.25    | 179.0
Dead             | 0.0       | 0.0       | 0.0       | 0.0       | 0.0       | 0.0       | 0.0
Same day other   | 20.32     | 5.21      | 13.0      | 16.0      | 18.5      | 24.25     | 34.0
Infected         | 45.58     | 7.1       | 27.0      | 41.0      | 46.5      | 51.0      | 59.0

Infection rate (sitting): 24.2%

Expected vs Observed (sitting):
Metric           | Mean      | Std       | Min       | P25       | Median    | P75       | Max
-----------------------------------------------------------------------------------------------
Expected         | 50.55     | 4.49      | 41.22     | 47.96     | 50.53     | 53.76     | 60.77
Std              | 6.07      | 0.27      | 5.48      | 5.92      | 6.05      | 6.28      | 6.65
Z-score          | -0.82     | 0.87      | -2.74     | -1.37     | -0.89     | -0.25     | 1.66

--- Standing (occupation 2) ---
Metric           | Mean      | Std       | Min       | P25       | Median    | P75       | Max
-----------------------------------------------------------------------------------------------
Susceptible      | 187.65    | 17.02     | 147.0     | 176.5     | 189.5     | 200.5     | 220.0
Infectious       | 141.1     | 10.3      | 120.0     | 134.5     | 140.5     | 147.25    | 168.0
Exposed          | 88.05     | 8.66      | 71.0      | 82.75     | 88.0      | 92.25     | 113.0
Recovered        | 140.05    | 16.34     | 108.0     | 128.0     | 138.0     | 152.0     | 178.0
Dead             | 0.0       | 0.0       | 0.0       | 0.0       | 0.0       | 0.0       | 0.0
Same day other   | 19.15     | 4.55      | 10.0      | 16.0      | 19.0      | 22.25     | 33.0
Infected         | 100.97    | 10.54     | 77.0      | 92.75     | 101.0     | 108.0     | 130.0

Infection rate (standing): 53.81%

Expected vs Observed (standing):
Metric           | Mean      | Std       | Min       | P25       | Median    | P75       | Max
-----------------------------------------------------------------------------------------------
Expected         | 108.06    | 8.25      | 86.47     | 102.78    | 108.55    | 113.24    | 129.9
Std              | 6.75      | 0.34      | 5.85      | 6.47      | 6.75      | 7.05      | 7.29
Z-score          | -1.04     | 1.21      | -3.67     | -1.85     | -1.1      | -0.03     | 1.17

Per-generation breakdown (sitting):
Generation 1     | 22.95     | 6.69      | 12.0      | 18.0      | 23.0      | 26.25     | 41.0
Generation 2     | 4.83      | 3.01      | 0.0       | 2.0       | 5.0       | 6.0       | 14.0
Generation 3     | 1.2       | 1.13      | 0.0       | 0.0       | 1.0       | 2.0       | 5.0
Generation 4     | 0.17      | 0.42      | 0.0       | 0.0       | 0.0       | 0.0       | 2.0
Generation 5     | 0.08      | 0.38      | 0.0       | 0.0       | 0.0       | 0.0       | 2.0
Generation 6     | 0.02      | 0.13      | 0.0       | 0.0       | 0.0       | 0.0       | 1.0

Per-generation breakdown (standing):
Generation 1     | 48.8      | 7.88      | 27.0      | 43.0      | 49.0      | 53.0      | 65.0
Generation 2     | 11.03     | 3.58      | 2.0       | 8.75      | 11.0      | 13.25     | 19.0
Generation 3     | 3.23      | 1.99      | 0.0       | 2.0       | 3.0       | 4.0       | 8.0
Generation 4     | 0.75      | 1.02      | 0.0       | 0.0       | 0.0       | 1.0       | 5.0
Generation 5     | 0.12      | 0.32      | 0.0       | 0.0       | 0.0       | 0.0       | 1.0


##############################
### Concert Day 53
##############################

--- Global Epidemic Metrics ---
Metric           | Mean      | Std       | Min       | P25       | Median    | P75       | Max
-----------------------------------------------------------------------------------------------
Total infected   | 405151.87 | 190.64    | 404746.0  | 405014.25 | 405128.0  | 405313.5  | 405513.0
Attack rate      | 93.24     | 0.04      | 93.14     | 93.2      | 93.23     | 93.27     | 93.32
R0               | 3.06      | 0.02      | 3.01      | 3.05      | 3.05      | 3.07      | 3.11
Infectious pop   | 113498.93 | 2305.94   | 104751.0  | 112437.75 | 114010.5  | 115106.25 | 116336.0

--- Sitting (occupation 1) ---
Metric           | Mean      | Std       | Min       | P25       | Median    | P75       | Max
-----------------------------------------------------------------------------------------------
Susceptible      | 169.45    | 16.05     | 139.0     | 159.0     | 168.0     | 177.25    | 221.0
Infectious       | 150.87    | 9.0       | 131.0     | 144.75    | 151.0     | 156.25    | 171.0
Exposed          | 80.23     | 10.1      | 54.0      | 73.0      | 80.5      | 86.25     | 104.0
Recovered        | 164.43    | 19.64     | 124.0     | 152.5     | 166.5     | 178.0     | 210.0
Dead             | 0.0       | 0.0       | 0.0       | 0.0       | 0.0       | 0.0       | 0.0
Same day other   | 18.02     | 4.25      | 10.0      | 15.0      | 17.5      | 21.0      | 26.0
Infected         | 42.62     | 7.01      | 27.0      | 38.0      | 42.5      | 46.25     | 59.0

Infection rate (sitting): 25.15%

Expected vs Observed (sitting):
Metric           | Mean      | Std       | Min       | P25       | Median    | P75       | Max
-----------------------------------------------------------------------------------------------
Expected         | 47.7      | 4.06      | 39.92     | 44.67     | 46.85     | 50.01     | 59.25
Std              | 5.85      | 0.25      | 5.4       | 5.67      | 5.81      | 5.99      | 6.59
Z-score          | -0.85     | 1.22      | -3.35     | -1.81     | -0.82     | -0.09     | 1.99

--- Standing (occupation 2) ---
Metric           | Mean      | Std       | Min       | P25       | Median    | P75       | Max
-----------------------------------------------------------------------------------------------
Susceptible      | 167.2     | 16.09     | 135.0     | 155.0     | 167.0     | 176.0     | 203.0
Infectious       | 150.13    | 12.31     | 123.0     | 141.0     | 150.5     | 159.0     | 180.0
Exposed          | 79.4      | 9.75      | 55.0      | 73.0      | 80.0      | 87.0      | 98.0
Recovered        | 161.6     | 17.04     | 114.0     | 151.75    | 163.5     | 171.25    | 200.0
Dead             | 0.0       | 0.0       | 0.0       | 0.0       | 0.0       | 0.0       | 0.0
Same day other   | 17.67     | 4.87      | 7.0       | 14.75     | 17.0      | 20.25     | 32.0
Infected         | 92.38     | 10.5      | 70.0      | 86.0      | 91.0      | 96.25     | 121.0

Infection rate (standing): 55.25%

Expected vs Observed (standing):
Metric           | Mean      | Std       | Min       | P25       | Median    | P75       | Max
-----------------------------------------------------------------------------------------------
Expected         | 100.0     | 8.21      | 82.35     | 93.03     | 100.19    | 106.18    | 119.26
Std              | 6.32      | 0.35      | 5.54      | 6.09      | 6.32      | 6.49      | 7.11
Z-score          | -1.21     | 1.15      | -3.35     | -1.91     | -1.38     | -0.48     | 1.3

Per-generation breakdown (sitting):
Generation 1     | 19.1      | 4.62      | 10.0      | 15.0      | 19.0      | 22.0      | 30.0
Generation 2     | 4.08      | 1.95      | 0.0       | 3.0       | 4.0       | 5.0       | 11.0
Generation 3     | 0.93      | 1.06      | 0.0       | 0.0       | 1.0       | 1.0       | 5.0
Generation 4     | 0.13      | 0.47      | 0.0       | 0.0       | 0.0       | 0.0       | 3.0
Generation 5     | 0.03      | 0.26      | 0.0       | 0.0       | 0.0       | 0.0       | 2.0
Generation 6     | 0.03      | 0.26      | 0.0       | 0.0       | 0.0       | 0.0       | 2.0

Per-generation breakdown (standing):
Generation 1     | 41.72     | 8.2       | 23.0      | 35.0      | 41.0      | 47.0      | 62.0
Generation 2     | 9.53      | 3.62      | 2.0       | 7.0       | 9.0       | 12.0      | 20.0
Generation 3     | 2.57      | 1.65      | 0.0       | 1.0       | 2.0       | 4.0       | 7.0
Generation 4     | 0.62      | 0.92      | 0.0       | 0.0       | 0.0       | 1.0       | 4.0
Generation 5     | 0.17      | 0.46      | 0.0       | 0.0       | 0.0       | 0.0       | 2.0
Generation 6     | 0.03      | 0.26      | 0.0       | 0.0       | 0.0       | 0.0       | 2.0
Generation 7     | 0.02      | 0.13      | 0.0       | 0.0       | 0.0       | 0.0       | 1.0
Generation 8     | 0.02      | 0.13      | 0.0       | 0.0       | 0.0       | 0.0       | 1.0


##############################
### Concert Day 54
##############################

--- Global Epidemic Metrics ---
Metric           | Mean      | Std       | Min       | P25       | Median    | P75       | Max
-----------------------------------------------------------------------------------------------
Total infected   | 405194.32 | 220.26    | 404749.0  | 405058.0  | 405176.0  | 405344.25 | 405608.0
Attack rate      | 93.25     | 0.05      | 93.14     | 93.21     | 93.24     | 93.28     | 93.34
R0               | 3.06      | 0.02      | 3.01      | 3.04      | 3.06      | 3.07      | 3.09
Infectious pop   | 114994.23 | 1175.42   | 111100.0  | 114429.75 | 115299.0  | 115909.5  | 116490.0

--- Sitting (occupation 1) ---
Metric           | Mean      | Std       | Min       | P25       | Median    | P75       | Max
-----------------------------------------------------------------------------------------------
Susceptible      | 157.08    | 16.36     | 129.0     | 144.0     | 156.0     | 171.25    | 200.0
Infectious       | 154.45    | 12.41     | 127.0     | 146.0     | 155.0     | 163.25    | 187.0
Exposed          | 75.8      | 8.73      | 60.0      | 70.0      | 75.0      | 82.0      | 104.0
Recovered        | 180.18    | 18.77     | 135.0     | 167.75    | 180.0     | 193.0     | 221.0
Dead             | 0.0       | 0.0       | 0.0       | 0.0       | 0.0       | 0.0       | 0.0
Same day other   | 15.48     | 3.72      | 10.0      | 13.0      | 15.0      | 18.0      | 25.0
Infected         | 40.43     | 7.62      | 22.0      | 35.0      | 41.0      | 45.0      | 62.0

Infection rate (sitting): 25.74%

Expected vs Observed (sitting):
Metric           | Mean      | Std       | Min       | P25       | Median    | P75       | Max
-----------------------------------------------------------------------------------------------
Expected         | 45.06     | 4.45      | 35.4      | 42.16     | 45.05     | 47.63     | 53.97
Std              | 5.66      | 0.27      | 5.12      | 5.46      | 5.64      | 5.82      | 6.23
Z-score          | -0.82     | 1.09      | -3.29     | -1.64     | -0.96     | -0.15     | 1.82

--- Standing (occupation 2) ---
Metric           | Mean      | Std       | Min       | P25       | Median    | P75       | Max
-----------------------------------------------------------------------------------------------
Susceptible      | 154.75    | 15.08     | 129.0     | 143.0     | 153.5     | 167.0     | 187.0
Infectious       | 153.15    | 8.74      | 137.0     | 147.0     | 152.0     | 158.0     | 175.0
Exposed          | 74.73     | 7.74      | 58.0      | 70.0      | 73.5      | 80.25     | 91.0
Recovered        | 178.38    | 19.16     | 137.0     | 162.75    | 177.5     | 194.25    | 221.0
Dead             | 0.0       | 0.0       | 0.0       | 0.0       | 0.0       | 0.0       | 0.0
Same day other   | 14.98     | 4.25      | 5.0       | 12.0      | 15.0      | 18.0      | 25.0
Infected         | 88.33     | 9.9       | 69.0      | 79.75     | 90.0      | 97.0      | 106.0

Infection rate (standing): 57.08%

Expected vs Observed (standing):
Metric           | Mean      | Std       | Min       | P25       | Median    | P75       | Max
-----------------------------------------------------------------------------------------------
Expected         | 93.88     | 8.38      | 76.49     | 87.14     | 94.34     | 101.47    | 110.15
Std              | 6.06      | 0.32      | 5.46      | 5.84      | 6.0       | 6.32      | 6.76
Z-score          | -0.91     | 1.1       | -3.92     | -1.57     | -1.1      | -0.17     | 1.67

Per-generation breakdown (sitting):
Generation 1     | 17.53     | 5.25      | 9.0       | 13.75     | 16.5      | 21.0      | 35.0
Generation 2     | 3.75      | 2.32      | 0.0       | 2.0       | 3.0       | 5.25      | 11.0
Generation 3     | 1.0       | 1.16      | 0.0       | 0.0       | 1.0       | 2.0       | 5.0
Generation 4     | 0.23      | 0.53      | 0.0       | 0.0       | 0.0       | 0.0       | 2.0
Generation 5     | 0.05      | 0.22      | 0.0       | 0.0       | 0.0       | 0.0       | 1.0
Generation 6     | 0.02      | 0.13      | 0.0       | 0.0       | 0.0       | 0.0       | 1.0

Per-generation breakdown (standing):
Generation 1     | 38.78     | 7.33      | 24.0      | 33.75     | 38.5      | 44.0      | 53.0
Generation 2     | 8.6       | 3.0       | 3.0       | 7.0       | 9.0       | 11.0      | 16.0
Generation 3     | 2.17      | 1.37      | 0.0       | 1.0       | 2.0       | 3.0       | 6.0
Generation 4     | 0.6       | 0.81      | 0.0       | 0.0       | 0.0       | 1.0       | 3.0
Generation 5     | 0.22      | 0.56      | 0.0       | 0.0       | 0.0       | 0.0       | 2.0
Generation 6     | 0.08      | 0.38      | 0.0       | 0.0       | 0.0       | 0.0       | 2.0
Generation 7     | 0.02      | 0.13      | 0.0       | 0.0       | 0.0       | 0.0       | 1.0
Generation 8     | 0.02      | 0.13      | 0.0       | 0.0       | 0.0       | 0.0       | 1.0


##############################
### Concert Day 55
##############################

--- Global Epidemic Metrics ---
Metric           | Mean      | Std       | Min       | P25       | Median    | P75       | Max
-----------------------------------------------------------------------------------------------
Total infected   | 405131.48 | 145.8     | 404850.0  | 405039.5  | 405122.5  | 405240.5  | 405546.0
Attack rate      | 93.23     | 0.03      | 93.17     | 93.21     | 93.23     | 93.26     | 93.33
R0               | 3.05      | 0.02      | 3.02      | 3.05      | 3.05      | 3.06      | 3.1
Infectious pop   | 114581.97 | 1625.18   | 106992.0  | 114098.25 | 115122.5  | 115611.75 | 116288.0

--- Sitting (occupation 1) ---
Metric           | Mean      | Std       | Min       | P25       | Median    | P75       | Max
-----------------------------------------------------------------------------------------------
Susceptible      | 140.22    | 13.26     | 102.0     | 131.75    | 142.0     | 147.25    | 174.0
Infectious       | 157.65    | 10.12     | 129.0     | 149.0     | 159.5     | 164.0     | 180.0
Exposed          | 68.45     | 11.37     | 41.0      | 60.25     | 69.5      | 75.25     | 97.0
Recovered        | 202.95    | 20.69     | 154.0     | 189.75    | 203.0     | 213.25    | 258.0
Dead             | 0.0       | 0.0       | 0.0       | 0.0       | 0.0       | 0.0       | 0.0
Same day other   | 13.73     | 3.32      | 6.0       | 12.0      | 14.0      | 16.0      | 23.0
Infected         | 35.0      | 5.8       | 23.0      | 31.0      | 34.0      | 39.0      | 48.0

Infection rate (sitting): 24.96%

Expected vs Observed (sitting):
Metric           | Mean      | Std       | Min       | P25       | Median    | P75       | Max
-----------------------------------------------------------------------------------------------
Expected         | 40.96     | 3.62      | 30.4      | 39.12     | 40.57     | 43.21     | 49.77
Std              | 5.38      | 0.24      | 4.62      | 5.23      | 5.4       | 5.52      | 5.91
Z-score          | -1.11     | 0.8       | -2.99     | -1.72     | -1.14     | -0.4      | 0.36

--- Standing (occupation 2) ---
Metric           | Mean      | Std       | Min       | P25       | Median    | P75       | Max
-----------------------------------------------------------------------------------------------
Susceptible      | 139.95    | 13.97     | 100.0     | 133.0     | 139.0     | 146.5     | 181.0
Infectious       | 155.25    | 11.32     | 128.0     | 147.75    | 155.0     | 163.0     | 178.0
Exposed          | 67.9      | 11.04     | 41.0      | 58.75     | 69.0      | 76.0      | 89.0
Recovered        | 200.2     | 21.01     | 138.0     | 188.0     | 202.0     | 213.0     | 268.0
Dead             | 0.0       | 0.0       | 0.0       | 0.0       | 0.0       | 0.0       | 0.0
Same day other   | 12.7      | 4.3       | 5.0       | 9.75      | 13.0      | 16.0      | 25.0
Infected         | 78.2      | 10.1      | 44.0      | 72.0      | 78.5      | 84.5      | 101.0

Infection rate (standing): 55.88%

Expected vs Observed (standing):
Metric           | Mean      | Std       | Min       | P25       | Median    | P75       | Max
-----------------------------------------------------------------------------------------------
Expected         | 85.52     | 7.94      | 62.17     | 80.5      | 85.02     | 89.69     | 109.54
Std              | 5.75      | 0.32      | 4.85      | 5.56      | 5.76      | 5.93      | 6.6
Z-score          | -1.28     | 1.04      | -3.75     | -2.13     | -1.24     | -0.51     | 1.09

Per-generation breakdown (sitting):
Generation 1     | 15.47     | 4.23      | 7.0       | 12.75     | 15.0      | 18.0      | 29.0
Generation 2     | 2.93      | 1.93      | 0.0       | 1.0       | 3.0       | 4.0       | 8.0
Generation 3     | 0.5       | 0.79      | 0.0       | 0.0       | 0.0       | 1.0       | 4.0
Generation 4     | 0.07      | 0.25      | 0.0       | 0.0       | 0.0       | 0.0       | 1.0

Per-generation breakdown (standing):
Generation 1     | 34.55     | 7.26      | 20.0      | 29.75     | 34.0      | 40.0      | 53.0
Generation 2     | 7.68      | 2.86      | 3.0       | 6.0       | 7.0       | 9.0       | 15.0
Generation 3     | 1.98      | 1.5       | 0.0       | 1.0       | 1.5       | 3.0       | 5.0
Generation 4     | 0.3       | 0.56      | 0.0       | 0.0       | 0.0       | 0.25      | 2.0
Generation 5     | 0.05      | 0.22      | 0.0       | 0.0       | 0.0       | 0.0       | 1.0


##############################
### Concert Day 56
##############################

--- Global Epidemic Metrics ---
Metric           | Mean      | Std       | Min       | P25       | Median    | P75       | Max
-----------------------------------------------------------------------------------------------
Total infected   | 405194.0  | 206.34    | 404728.0  | 405073.25 | 405197.0  | 405302.5  | 405740.0
Attack rate      | 93.25     | 0.05      | 93.14     | 93.22     | 93.25     | 93.27     | 93.37
R0               | 3.06      | 0.02      | 3.0       | 3.05      | 3.06      | 3.07      | 3.1
Infectious pop   | 113033.42 | 2332.7    | 105757.0  | 111599.0  | 113576.5  | 115015.25 | 115969.0

--- Sitting (occupation 1) ---
Metric           | Mean      | Std       | Min       | P25       | Median    | P75       | Max
-----------------------------------------------------------------------------------------------
Susceptible      | 128.32    | 13.48     | 103.0     | 119.0     | 126.5     | 136.25    | 168.0
Infectious       | 154.95    | 10.32     | 134.0     | 147.0     | 154.0     | 161.0     | 178.0
Exposed          | 61.3      | 8.36      | 41.0      | 57.0      | 60.5      | 66.0      | 82.0
Recovered        | 226.18    | 22.4      | 174.0     | 214.25    | 225.0     | 243.0     | 277.0
Dead             | 0.0       | 0.0       | 0.0       | 0.0       | 0.0       | 0.0       | 0.0
Same day other   | 12.25     | 3.31      | 7.0       | 10.0      | 12.0      | 14.0      | 24.0
Infected         | 32.48     | 7.06      | 18.0      | 28.0      | 31.0      | 37.25     | 52.0

Infection rate (sitting): 25.31%

Expected vs Observed (sitting):
Metric           | Mean      | Std       | Min       | P25       | Median    | P75       | Max
-----------------------------------------------------------------------------------------------
Expected         | 37.0      | 4.23      | 29.74     | 33.23     | 37.36     | 39.54     | 48.23
Std              | 5.12      | 0.27      | 4.6       | 4.87      | 5.11      | 5.29      | 5.78
Z-score          | -0.89     | 1.01      | -3.1      | -1.71     | -0.98     | -0.16     | 1.11

--- Standing (occupation 2) ---
Metric           | Mean      | Std       | Min       | P25       | Median    | P75       | Max
-----------------------------------------------------------------------------------------------
Susceptible      | 129.3     | 13.24     | 100.0     | 118.75    | 131.0     | 138.0     | 164.0
Infectious       | 154.12    | 12.65     | 118.0     | 147.0     | 153.5     | 163.0     | 191.0
Exposed          | 62.03     | 9.57      | 39.0      | 56.0      | 62.5      | 68.25     | 81.0
Recovered        | 218.63    | 19.84     | 173.0     | 209.75    | 221.5     | 229.75    | 267.0
Dead             | 0.0       | 0.0       | 0.0       | 0.0       | 0.0       | 0.0       | 0.0
Same day other   | 11.92     | 3.55      | 6.0       | 9.0       | 12.0      | 14.0      | 20.0
Infected         | 70.58     | 9.69      | 51.0      | 63.75     | 70.0      | 78.0      | 90.0

Infection rate (standing): 54.59%

Expected vs Observed (standing):
Metric           | Mean      | Std       | Min       | P25       | Median    | P75       | Max
-----------------------------------------------------------------------------------------------
Expected         | 78.62     | 7.73      | 62.85     | 73.62     | 78.3      | 83.02     | 94.05
Std              | 5.53      | 0.32      | 4.81      | 5.31      | 5.64      | 5.76      | 6.34
Z-score          | -1.45     | 1.01      | -4.08     | -2.01     | -1.37     | -0.71     | 0.44

Per-generation breakdown (sitting):
Generation 1     | 13.82     | 4.25      | 6.0       | 10.0      | 13.0      | 17.25     | 25.0
Generation 2     | 3.15      | 2.15      | 0.0       | 2.0       | 3.0       | 5.0       | 9.0
Generation 3     | 0.85      | 1.05      | 0.0       | 0.0       | 0.5       | 1.0       | 4.0
Generation 4     | 0.17      | 0.49      | 0.0       | 0.0       | 0.0       | 0.0       | 3.0

Per-generation breakdown (standing):
Generation 1     | 30.32     | 7.03      | 17.0      | 24.75     | 30.5      | 34.25     | 48.0
Generation 2     | 6.42      | 2.61      | 2.0       | 4.0       | 6.0       | 8.0       | 12.0
Generation 3     | 1.4       | 1.29      | 0.0       | 0.0       | 1.0       | 2.0       | 5.0
Generation 4     | 0.25      | 0.57      | 0.0       | 0.0       | 0.0       | 0.0       | 2.0
Generation 5     | 0.02      | 0.13      | 0.0       | 0.0       | 0.0       | 0.0       | 1.0
Generation 6     | 0.02      | 0.13      | 0.0       | 0.0       | 0.0       | 0.0       | 1.0


##############################
### Concert Day 57
##############################

--- Global Epidemic Metrics ---
Metric           | Mean      | Std       | Min       | P25       | Median    | P75       | Max
-----------------------------------------------------------------------------------------------
Total infected   | 405151.32 | 176.53    | 404546.0  | 405004.75 | 405157.5  | 405286.5  | 405519.0
Attack rate      | 93.24     | 0.04      | 93.1      | 93.2      | 93.24     | 93.27     | 93.32
R0               | 3.06      | 0.02      | 3.02      | 3.04      | 3.06      | 3.07      | 3.09
Infectious pop   | 110065.77 | 2796.64   | 101194.0  | 108116.25 | 110644.0  | 112049.25 | 114724.0

--- Sitting (occupation 1) ---
Metric           | Mean      | Std       | Min       | P25       | Median    | P75       | Max
-----------------------------------------------------------------------------------------------
Susceptible      | 120.92    | 9.72      | 99.0      | 115.0     | 120.0     | 128.0     | 141.0
Infectious       | 154.83    | 9.92      | 137.0     | 148.75    | 153.5     | 160.5     | 189.0
Exposed          | 54.48     | 8.6       | 37.0      | 47.75     | 55.0      | 60.0      | 78.0
Recovered        | 242.62    | 19.73     | 197.0     | 229.0     | 243.5     | 258.0     | 279.0
Dead             | 0.0       | 0.0       | 0.0       | 0.0       | 0.0       | 0.0       | 0.0
Same day other   | 10.15     | 3.2       | 4.0       | 8.0       | 10.0      | 12.0      | 20.0
Infected         | 30.07     | 5.82      | 16.0      | 26.0      | 30.0      | 33.25     | 50.0

Infection rate (sitting): 24.87%

Expected vs Observed (sitting):
Metric           | Mean      | Std       | Min       | P25       | Median    | P75       | Max
-----------------------------------------------------------------------------------------------
Expected         | 34.85     | 3.29      | 28.27     | 32.41     | 34.2      | 36.87     | 42.37
Std              | 4.97      | 0.21      | 4.49      | 4.83      | 4.96      | 5.1       | 5.44
Z-score          | -0.96     | 0.97      | -2.96     | -1.77     | -1.14     | -0.2      | 1.4

--- Standing (occupation 2) ---
Metric           | Mean      | Std       | Min       | P25       | Median    | P75       | Max
-----------------------------------------------------------------------------------------------
Susceptible      | 118.02    | 10.21     | 88.0      | 111.0     | 117.0     | 126.0     | 138.0
Infectious       | 156.05    | 10.28     | 132.0     | 149.75    | 155.0     | 161.25    | 183.0
Exposed          | 53.6      | 7.8       | 34.0      | 49.0      | 53.0      | 59.0      | 75.0
Recovered        | 238.75    | 16.8      | 199.0     | 227.5     | 238.0     | 252.0     | 278.0
Dead             | 0.0       | 0.0       | 0.0       | 0.0       | 0.0       | 0.0       | 0.0
Same day other   | 9.58      | 2.74      | 3.0       | 8.0       | 10.0      | 11.0      | 16.0
Infected         | 64.58     | 7.32      | 49.0      | 59.75     | 64.0      | 70.0      | 87.0

Infection rate (standing): 54.72%

Expected vs Observed (standing):
Metric           | Mean      | Std       | Min       | P25       | Median    | P75       | Max
-----------------------------------------------------------------------------------------------
Expected         | 72.42     | 6.27      | 53.26     | 68.89     | 72.68     | 75.7      | 86.12
Std              | 5.28      | 0.25      | 4.59      | 5.13      | 5.28      | 5.44      | 5.76
Z-score          | -1.48     | 1.08      | -3.83     | -2.09     | -1.52     | -0.81     | 1.14

Per-generation breakdown (sitting):
Generation 1     | 12.3      | 4.26      | 5.0       | 9.0       | 12.0      | 16.0      | 22.0
Generation 2     | 2.45      | 1.81      | 0.0       | 1.0       | 2.0       | 3.0       | 8.0
Generation 3     | 0.55      | 0.7       | 0.0       | 0.0       | 0.0       | 1.0       | 2.0
Generation 4     | 0.07      | 0.25      | 0.0       | 0.0       | 0.0       | 0.0       | 1.0
Generation 5     | 0.02      | 0.13      | 0.0       | 0.0       | 0.0       | 0.0       | 1.0

Per-generation breakdown (standing):
Generation 1     | 26.1      | 5.36      | 15.0      | 22.75     | 25.0      | 29.0      | 48.0
Generation 2     | 5.0       | 2.32      | 1.0       | 4.0       | 5.0       | 6.0       | 16.0
Generation 3     | 1.22      | 1.26      | 0.0       | 0.0       | 1.0       | 2.0       | 5.0
Generation 4     | 0.2       | 0.55      | 0.0       | 0.0       | 0.0       | 0.0       | 3.0
Generation 5     | 0.02      | 0.13      | 0.0       | 0.0       | 0.0       | 0.0       | 1.0
Generation 6     | 0.02      | 0.13      | 0.0       | 0.0       | 0.0       | 0.0       | 1.0


##############################
### Concert Day 58
##############################

--- Global Epidemic Metrics ---
Metric           | Mean      | Std       | Min       | P25       | Median    | P75       | Max
-----------------------------------------------------------------------------------------------
Total infected   | 405147.7  | 215.23    | 404801.0  | 404992.0  | 405146.5  | 405288.5  | 405799.0
Attack rate      | 93.23     | 0.05      | 93.16     | 93.2      | 93.23     | 93.27     | 93.38
R0               | 3.06      | 0.02      | 3.01      | 3.04      | 3.06      | 3.07      | 3.1
Infectious pop   | 105248.2  | 4626.5    | 93595.0   | 103054.75 | 105902.0  | 108396.5  | 114786.0

--- Sitting (occupation 1) ---
Metric           | Mean      | Std       | Min       | P25       | Median    | P75       | Max
-----------------------------------------------------------------------------------------------
Susceptible      | 111.05    | 9.86      | 91.0      | 105.75    | 110.0     | 118.0     | 131.0
Infectious       | 150.82    | 10.93     | 125.0     | 142.5     | 152.5     | 159.0     | 172.0
Exposed          | 47.32     | 8.12      | 29.0      | 41.0      | 48.5      | 54.0      | 67.0
Recovered        | 265.23    | 20.43     | 208.0     | 251.5     | 265.0     | 277.25    | 305.0
Dead             | 0.0       | 0.0       | 0.0       | 0.0       | 0.0       | 0.0       | 0.0
Same day other   | 8.58      | 3.36      | 1.0       | 6.0       | 8.0       | 11.0      | 15.0
Infected         | 25.77     | 5.38      | 15.0      | 22.0      | 25.0      | 30.0      | 38.0

Infection rate (sitting): 23.2%

Expected vs Observed (sitting):
Metric           | Mean      | Std       | Min       | P25       | Median    | P75       | Max
-----------------------------------------------------------------------------------------------
Expected         | 31.3      | 3.26      | 24.1      | 29.26     | 31.87     | 33.31     | 39.24
Std              | 4.73      | 0.22      | 4.21      | 4.62      | 4.74      | 4.89      | 5.24
Z-score          | -1.17     | 0.97      | -3.54     | -1.89     | -1.09     | -0.61     | 0.81

--- Standing (occupation 2) ---
Metric           | Mean      | Std       | Min       | P25       | Median    | P75       | Max
-----------------------------------------------------------------------------------------------
Susceptible      | 110.55    | 10.75     | 84.0      | 105.0     | 111.5     | 117.25    | 144.0
Infectious       | 147.53    | 11.98     | 120.0     | 139.75    | 147.0     | 155.0     | 171.0
Exposed          | 48.12     | 8.18      | 31.0      | 43.0      | 47.5      | 54.0      | 66.0
Recovered        | 260.93    | 20.75     | 203.0     | 248.75    | 258.5     | 272.25    | 307.0
Dead             | 0.0       | 0.0       | 0.0       | 0.0       | 0.0       | 0.0       | 0.0
Same day other   | 8.87      | 3.2       | 3.0       | 7.0       | 8.0       | 11.0      | 19.0
Infected         | 56.22     | 9.5       | 39.0      | 50.0      | 56.5      | 63.0      | 87.0

Infection rate (standing): 50.85%

Expected vs Observed (standing):
Metric           | Mean      | Std       | Min       | P25       | Median    | P75       | Max
-----------------------------------------------------------------------------------------------
Expected         | 65.59     | 7.36      | 50.22     | 60.64     | 65.94     | 70.58     | 90.19
Std              | 5.15      | 0.26      | 4.49      | 5.04      | 5.13      | 5.36      | 5.81
Z-score          | -1.83     | 1.16      | -4.15     | -2.75     | -1.83     | -0.93     | 0.68

Per-generation breakdown (sitting):
Generation 1     | 11.78     | 3.51      | 6.0       | 10.0      | 12.0      | 14.0      | 23.0
Generation 2     | 2.48      | 1.88      | 0.0       | 1.0       | 2.0       | 4.0       | 7.0
Generation 3     | 0.72      | 0.9       | 0.0       | 0.0       | 1.0       | 1.0       | 4.0
Generation 4     | 0.17      | 0.46      | 0.0       | 0.0       | 0.0       | 0.0       | 2.0
Generation 5     | 0.02      | 0.13      | 0.0       | 0.0       | 0.0       | 0.0       | 1.0
Generation 6     | 0.02      | 0.13      | 0.0       | 0.0       | 0.0       | 0.0       | 1.0

Per-generation breakdown (standing):
Generation 1     | 23.1      | 5.98      | 13.0      | 18.75     | 23.0      | 27.0      | 37.0
Generation 2     | 4.55      | 2.24      | 0.0       | 3.0       | 4.0       | 6.0       | 10.0
Generation 3     | 0.85      | 1.35      | 0.0       | 0.0       | 0.0       | 1.0       | 7.0
Generation 4     | 0.15      | 0.44      | 0.0       | 0.0       | 0.0       | 0.0       | 2.0
Generation 5     | 0.03      | 0.26      | 0.0       | 0.0       | 0.0       | 0.0       | 2.0


##############################
### Concert Day 59
##############################

--- Global Epidemic Metrics ---
Metric           | Mean      | Std       | Min       | P25       | Median    | P75       | Max
-----------------------------------------------------------------------------------------------
Total infected   | 405088.78 | 184.86    | 404747.0  | 404930.5  | 405097.0  | 405230.0  | 405467.0
Attack rate      | 93.22     | 0.04      | 93.14     | 93.18     | 93.22     | 93.25     | 93.31
R0               | 3.05      | 0.02      | 3.02      | 3.04      | 3.05      | 3.07      | 3.1
Infectious pop   | 100580.23 | 4490.55   | 86967.0   | 98462.75  | 100652.0  | 103472.5  | 110322.0

--- Sitting (occupation 1) ---
Metric           | Mean      | Std       | Min       | P25       | Median    | P75       | Max
-----------------------------------------------------------------------------------------------
Susceptible      | 104.4     | 9.03      | 88.0      | 98.25     | 104.0     | 111.0     | 126.0
Infectious       | 147.53    | 9.82      | 129.0     | 140.0     | 148.0     | 153.0     | 169.0
Exposed          | 42.88     | 7.53      | 23.0      | 36.75     | 42.0      | 48.25     | 60.0
Recovered        | 280.22    | 18.72     | 227.0     | 270.0     | 279.5     | 294.0     | 323.0
Dead             | 0.0       | 0.0       | 0.0       | 0.0       | 0.0       | 0.0       | 0.0
Same day other   | 7.97      | 2.71      | 2.0       | 6.75      | 8.0       | 9.25      | 13.0
Infected         | 23.57     | 5.53      | 11.0      | 19.0      | 23.0      | 27.0      | 37.0

Infection rate (sitting): 22.57%

Expected vs Observed (sitting):
Metric           | Mean      | Std       | Min       | P25       | Median    | P75       | Max
-----------------------------------------------------------------------------------------------
Expected         | 28.89     | 2.92      | 22.87     | 27.01     | 28.62     | 30.63     | 36.62
Std              | 4.56      | 0.21      | 4.14      | 4.44      | 4.54      | 4.71      | 5.05
Z-score          | -1.17     | 0.97      | -3.59     | -1.78     | -1.2      | -0.53     | 0.86

--- Standing (occupation 2) ---
Metric           | Mean      | Std       | Min       | P25       | Median    | P75       | Max
-----------------------------------------------------------------------------------------------
Susceptible      | 104.27    | 9.75      | 82.0      | 98.0      | 102.5     | 110.25    | 126.0
Infectious       | 146.58    | 10.86     | 122.0     | 138.75    | 146.0     | 155.0     | 168.0
Exposed          | 43.0      | 7.14      | 27.0      | 38.0      | 43.0      | 47.0      | 58.0
Recovered        | 274.73    | 18.95     | 230.0     | 264.5     | 274.5     | 288.25    | 335.0
Dead             | 0.0       | 0.0       | 0.0       | 0.0       | 0.0       | 0.0       | 0.0
Same day other   | 7.42      | 2.97      | 2.0       | 5.0       | 7.0       | 10.0      | 15.0
Infected         | 51.68     | 7.85      | 37.0      | 45.75     | 53.0      | 58.0      | 70.0

Infection rate (standing): 49.57%

Expected vs Observed (standing):
Metric           | Mean      | Std       | Min       | P25       | Median    | P75       | Max
-----------------------------------------------------------------------------------------------
Expected         | 61.65     | 6.71      | 43.11     | 56.98     | 60.57     | 65.63     | 78.96
Std              | 5.01      | 0.24      | 4.52      | 4.84      | 5.02      | 5.18      | 5.56
Z-score          | -1.99     | 1.07      | -4.56     | -2.71     | -2.06     | -1.23     | 0.44

Per-generation breakdown (sitting):
Generation 1     | 10.02     | 3.28      | 2.0       | 7.75      | 10.0      | 12.0      | 18.0
Generation 2     | 1.97      | 1.59      | 0.0       | 1.0       | 2.0       | 3.0       | 7.0
Generation 3     | 0.5       | 0.77      | 0.0       | 0.0       | 0.0       | 1.0       | 3.0
Generation 4     | 0.1       | 0.35      | 0.0       | 0.0       | 0.0       | 0.0       | 2.0

Per-generation breakdown (standing):
Generation 1     | 20.03     | 5.83      | 7.0       | 16.0      | 20.0      | 23.0      | 36.0
Generation 2     | 3.42      | 2.06      | 0.0       | 2.0       | 3.0       | 5.0       | 8.0
Generation 3     | 0.83      | 1.08      | 0.0       | 0.0       | 0.0       | 1.25      | 5.0
Generation 4     | 0.23      | 0.59      | 0.0       | 0.0       | 0.0       | 0.0       | 3.0
Generation 5     | 0.05      | 0.29      | 0.0       | 0.0       | 0.0       | 0.0       | 2.0


##############################
### Concert Day 60
##############################

--- Global Epidemic Metrics ---
Metric           | Mean      | Std       | Min       | P25       | Median    | P75       | Max
-----------------------------------------------------------------------------------------------
Total infected   | 405119.87 | 216.81    | 404583.0  | 404985.0  | 405135.0  | 405274.0  | 405538.0
Attack rate      | 93.23     | 0.05      | 93.11     | 93.2      | 93.23     | 93.26     | 93.32
R0               | 3.05      | 0.02      | 3.01      | 3.04      | 3.05      | 3.06      | 3.1
Infectious pop   | 94771.12  | 4721.7    | 84462.0   | 91220.0   | 94678.0   | 98150.5   | 105799.0

--- Sitting (occupation 1) ---
Metric           | Mean      | Std       | Min       | P25       | Median    | P75       | Max
-----------------------------------------------------------------------------------------------
Susceptible      | 96.28     | 10.35     | 76.0      | 88.0      | 96.0      | 103.25    | 122.0
Infectious       | 141.45    | 9.03      | 117.0     | 136.75    | 141.0     | 148.25    | 164.0
Exposed          | 38.13     | 7.12      | 24.0      | 33.0      | 38.0      | 42.0      | 60.0
Recovered        | 301.23    | 17.54     | 263.0     | 290.75    | 303.0     | 314.25    | 338.0
Dead             | 0.0       | 0.0       | 0.0       | 0.0       | 0.0       | 0.0       | 0.0
Same day other   | 5.9       | 2.52      | 2.0       | 4.0       | 6.0       | 7.0       | 13.0
Infected         | 19.82     | 5.14      | 8.0       | 16.75     | 20.0      | 24.0      | 30.0

Infection rate (sitting): 20.58%

Expected vs Observed (sitting):
Metric           | Mean      | Std       | Min       | P25       | Median    | P75       | Max
-----------------------------------------------------------------------------------------------
Expected         | 25.7      | 2.98      | 20.13     | 23.52     | 25.57     | 27.3      | 32.31
Std              | 4.33      | 0.24      | 3.85      | 4.17      | 4.32      | 4.46      | 4.87
Z-score          | -1.36     | 1.02      | -3.51     | -2.08     | -1.28     | -0.69     | 1.36

--- Standing (occupation 2) ---
Metric           | Mean      | Std       | Min       | P25       | Median    | P75       | Max
-----------------------------------------------------------------------------------------------
Susceptible      | 96.4      | 8.07      | 73.0      | 91.0      | 97.0      | 102.0     | 115.0
Infectious       | 141.9     | 9.9       | 124.0     | 135.0     | 141.0     | 150.25    | 161.0
Exposed          | 37.73     | 6.94      | 21.0      | 33.0      | 36.0      | 43.0      | 55.0
Recovered        | 293.33    | 17.84     | 249.0     | 281.0     | 292.0     | 303.0     | 337.0
Dead             | 0.0       | 0.0       | 0.0       | 0.0       | 0.0       | 0.0       | 0.0
Same day other   | 6.63      | 2.48      | 2.0       | 5.0       | 6.0       | 8.0       | 15.0
Infected         | 45.63     | 7.44      | 30.0      | 40.0      | 45.5      | 50.0      | 61.0

Infection rate (standing): 47.34%

Expected vs Observed (standing):
Metric           | Mean      | Std       | Min       | P25       | Median    | P75       | Max
-----------------------------------------------------------------------------------------------
Expected         | 55.86     | 5.45      | 41.6      | 51.65     | 56.24     | 59.48     | 71.14
Std              | 4.84      | 0.2       | 4.23      | 4.71      | 4.82      | 4.98      | 5.35
Z-score          | -2.12     | 1.0       | -4.89     | -2.72     | -2.06     | -1.51     | 0.94

Per-generation breakdown (sitting):
Generation 1     | 8.35      | 3.66      | 1.0       | 6.0       | 8.0       | 10.25     | 16.0
Generation 2     | 1.63      | 1.46      | 0.0       | 1.0       | 1.0       | 3.0       | 6.0
Generation 3     | 0.55      | 0.79      | 0.0       | 0.0       | 0.0       | 1.0       | 3.0
Generation 4     | 0.2       | 0.48      | 0.0       | 0.0       | 0.0       | 0.0       | 2.0
Generation 5     | 0.02      | 0.13      | 0.0       | 0.0       | 0.0       | 0.0       | 1.0

Per-generation breakdown (standing):
Generation 1     | 18.5      | 4.97      | 10.0      | 14.75     | 18.5      | 21.0      | 32.0
Generation 2     | 3.58      | 2.26      | 0.0       | 2.0       | 3.0       | 5.0       | 9.0
Generation 3     | 1.03      | 1.04      | 0.0       | 0.0       | 1.0       | 2.0       | 5.0
Generation 4     | 0.3       | 0.65      | 0.0       | 0.0       | 0.0       | 0.0       | 2.0
Generation 5     | 0.02      | 0.13      | 0.0       | 0.0       | 0.0       | 0.0       | 1.0


##############################
### Concert Day 61
##############################

--- Global Epidemic Metrics ---
Metric           | Mean      | Std       | Min       | P25       | Median    | P75       | Max
-----------------------------------------------------------------------------------------------
Total infected   | 405177.5  | 187.25    | 404790.0  | 405054.0  | 405207.5  | 405325.5  | 405545.0
Attack rate      | 93.24     | 0.04      | 93.15     | 93.21     | 93.25     | 93.28     | 93.33
R0               | 3.05      | 0.02      | 3.01      | 3.04      | 3.06      | 3.07      | 3.1
Infectious pop   | 88242.25  | 5004.46   | 76683.0   | 84545.25  | 88707.0   | 91949.5   | 103693.0

--- Sitting (occupation 1) ---
Metric           | Mean      | Std       | Min       | P25       | Median    | P75       | Max
-----------------------------------------------------------------------------------------------
Susceptible      | 91.93     | 9.17      | 67.0      | 86.0      | 92.0      | 98.0      | 113.0
Infectious       | 139.62    | 11.75     | 120.0     | 131.0     | 139.0     | 146.25    | 171.0
Exposed          | 31.62     | 6.66      | 20.0      | 26.75     | 31.5      | 35.25     | 49.0
Recovered        | 314.52    | 17.94     | 269.0     | 304.0     | 313.5     | 326.75    | 348.0
Dead             | 0.0       | 0.0       | 0.0       | 0.0       | 0.0       | 0.0       | 0.0
Same day other   | 5.32      | 2.54      | 1.0       | 3.0       | 6.0       | 7.0       | 12.0
Infected         | 17.45     | 4.09      | 9.0       | 15.0      | 18.0      | 20.0      | 28.0

Infection rate (sitting): 18.98%

Expected vs Observed (sitting):
Metric           | Mean      | Std       | Min       | P25       | Median    | P75       | Max
-----------------------------------------------------------------------------------------------
Expected         | 24.24     | 2.74      | 18.07     | 22.26     | 24.19     | 25.99     | 30.48
Std              | 4.22      | 0.22      | 3.63      | 4.07      | 4.21      | 4.36      | 4.69
Z-score          | -1.6      | 0.85      | -3.55     | -2.25     | -1.56     | -1.11     | 0.67

--- Standing (occupation 2) ---
Metric           | Mean      | Std       | Min       | P25       | Median    | P75       | Max
-----------------------------------------------------------------------------------------------
Susceptible      | 93.9      | 9.35      | 65.0      | 88.75     | 93.0      | 99.0      | 117.0
Infectious       | 133.4     | 8.66      | 115.0     | 128.75    | 133.5     | 138.5     | 155.0
Exposed          | 31.98     | 6.59      | 20.0      | 27.0      | 32.0      | 37.0      | 53.0
Recovered        | 311.63    | 15.59     | 269.0     | 305.0     | 312.5     | 322.0     | 354.0
Dead             | 0.0       | 0.0       | 0.0       | 0.0       | 0.0       | 0.0       | 0.0
Same day other   | 5.08      | 2.63      | 0.0       | 4.0       | 5.0       | 6.0       | 16.0
Infected         | 40.98     | 7.08      | 23.0      | 36.0      | 41.5      | 45.25     | 58.0

Infection rate (standing): 43.65%

Expected vs Observed (standing):
Metric           | Mean      | Std       | Min       | P25       | Median    | P75       | Max
-----------------------------------------------------------------------------------------------
Expected         | 52.28     | 5.5       | 35.46     | 48.75     | 51.58     | 54.8      | 68.79
Std              | 4.8       | 0.24      | 4.01      | 4.66      | 4.79      | 4.95      | 5.32
Z-score          | -2.35     | 1.01      | -4.47     | -3.0      | -2.27     | -1.82     | 0.11

Per-generation breakdown (sitting):
Generation 1     | 6.97      | 3.0       | 1.0       | 5.0       | 6.0       | 10.0      | 16.0
Generation 2     | 1.4       | 1.15      | 0.0       | 0.75      | 1.0       | 2.0       | 4.0
Generation 3     | 0.42      | 0.74      | 0.0       | 0.0       | 0.0       | 1.0       | 3.0
Generation 4     | 0.18      | 0.54      | 0.0       | 0.0       | 0.0       | 0.0       | 3.0
Generation 5     | 0.05      | 0.22      | 0.0       | 0.0       | 0.0       | 0.0       | 1.0
Generation 6     | 0.03      | 0.18      | 0.0       | 0.0       | 0.0       | 0.0       | 1.0

Per-generation breakdown (standing):
Generation 1     | 16.27     | 4.4       | 7.0       | 13.0      | 16.0      | 19.25     | 28.0
Generation 2     | 2.77      | 1.59      | 0.0       | 1.0       | 3.0       | 4.0       | 7.0
Generation 3     | 0.63      | 0.78      | 0.0       | 0.0       | 0.0       | 1.0       | 3.0
Generation 4     | 0.12      | 0.32      | 0.0       | 0.0       | 0.0       | 0.0       | 1.0
Generation 5     | 0.02      | 0.13      | 0.0       | 0.0       | 0.0       | 0.0       | 1.0


##############################
### Concert Day 62
##############################

--- Global Epidemic Metrics ---
Metric           | Mean      | Std       | Min       | P25       | Median    | P75       | Max
-----------------------------------------------------------------------------------------------
Total infected   | 405127.18 | 203.8     | 404556.0  | 405015.75 | 405134.5  | 405277.75 | 405602.0
Attack rate      | 93.23     | 0.05      | 93.1      | 93.2      | 93.23     | 93.26     | 93.34
R0               | 3.05      | 0.02      | 3.02      | 3.04      | 3.06      | 3.07      | 3.1
Infectious pop   | 81644.12  | 4407.94   | 70481.0   | 78652.0   | 81257.0   | 84600.5   | 92309.0

--- Sitting (occupation 1) ---
Metric           | Mean      | Std       | Min       | P25       | Median    | P75       | Max
-----------------------------------------------------------------------------------------------
Susceptible      | 89.02     | 8.3       | 69.0      | 85.0      | 89.0      | 92.25     | 111.0
Infectious       | 130.67    | 9.66      | 114.0     | 123.75    | 130.0     | 137.25    | 156.0
Exposed          | 27.77     | 6.27      | 13.0      | 24.0      | 27.0      | 32.25     | 48.0
Recovered        | 331.0     | 14.22     | 297.0     | 320.75    | 331.5     | 340.0     | 363.0
Dead             | 0.0       | 0.0       | 0.0       | 0.0       | 0.0       | 0.0       | 0.0
Same day other   | 4.55      | 2.08      | 0.0       | 3.0       | 4.0       | 6.0       | 9.0
Infected         | 14.8      | 4.71      | 4.0       | 12.0      | 15.5      | 18.0      | 25.0

Infection rate (sitting): 16.63%

Expected vs Observed (sitting):
Metric           | Mean      | Std       | Min       | P25       | Median    | P75       | Max
-----------------------------------------------------------------------------------------------
Expected         | 22.18     | 2.25      | 17.78     | 20.76     | 22.11     | 23.49     | 27.22
Std              | 4.07      | 0.19      | 3.65      | 3.97      | 4.07      | 4.19      | 4.53
Z-score          | -1.81     | 1.07      | -4.51     | -2.5      | -1.81     | -1.06     | 0.51

--- Standing (occupation 2) ---
Metric           | Mean      | Std       | Min       | P25       | Median    | P75       | Max
-----------------------------------------------------------------------------------------------
Susceptible      | 88.67     | 7.8       | 73.0      | 82.75     | 88.0      | 95.25     | 103.0
Infectious       | 127.42    | 10.85     | 106.0     | 120.0     | 125.0     | 136.25    | 148.0
Exposed          | 25.72     | 5.64      | 14.0      | 21.0      | 26.0      | 29.0      | 41.0
Recovered        | 329.27    | 14.24     | 287.0     | 320.75    | 329.0     | 339.25    | 357.0
Dead             | 0.0       | 0.0       | 0.0       | 0.0       | 0.0       | 0.0       | 0.0
Same day other   | 4.93      | 2.16      | 1.0       | 3.0       | 5.0       | 7.0       | 10.0
Infected         | 35.43     | 6.89      | 20.0      | 30.0      | 35.5      | 40.25     | 51.0

Infection rate (standing): 39.96%

Expected vs Observed (standing):
Metric           | Mean      | Std       | Min       | P25       | Median    | P75       | Max
-----------------------------------------------------------------------------------------------
Expected         | 47.84     | 4.46      | 39.65     | 44.61     | 47.74     | 50.43     | 60.56
Std              | 4.68      | 0.21      | 4.22      | 4.51      | 4.68      | 4.85      | 5.02
Z-score          | -2.65     | 1.09      | -5.39     | -3.26     | -2.7      | -1.9      | -0.27

Per-generation breakdown (sitting):
Generation 1     | 6.35      | 2.87      | 2.0       | 4.0       | 6.0       | 8.0       | 14.0
Generation 2     | 1.13      | 1.24      | 0.0       | 0.0       | 1.0       | 2.0       | 4.0
Generation 3     | 0.28      | 0.58      | 0.0       | 0.0       | 0.0       | 0.0       | 2.0
Generation 4     | 0.03      | 0.18      | 0.0       | 0.0       | 0.0       | 0.0       | 1.0

Per-generation breakdown (standing):
Generation 1     | 14.57     | 5.06      | 5.0       | 10.75     | 15.0      | 18.0      | 27.0
Generation 2     | 2.73      | 2.15      | 0.0       | 1.0       | 2.0       | 4.0       | 10.0
Generation 3     | 0.77      | 1.21      | 0.0       | 0.0       | 0.0       | 1.0       | 5.0
Generation 4     | 0.1       | 0.3       | 0.0       | 0.0       | 0.0       | 0.0       | 1.0


##############################
### Concert Day 63
##############################

--- Global Epidemic Metrics ---
Metric           | Mean      | Std       | Min       | P25       | Median    | P75       | Max
-----------------------------------------------------------------------------------------------
Total infected   | 405109.93 | 214.43    | 404687.0  | 404942.25 | 405108.5  | 405286.75 | 405489.0
Attack rate      | 93.23     | 0.05      | 93.13     | 93.19     | 93.23     | 93.27     | 93.31
R0               | 3.06      | 0.02      | 3.01      | 3.04      | 3.06      | 3.07      | 3.08
Infectious pop   | 76507.67  | 4129.0    | 67996.0   | 73337.25  | 76110.5   | 79058.25  | 86590.0

--- Sitting (occupation 1) ---
Metric           | Mean      | Std       | Min       | P25       | Median    | P75       | Max
-----------------------------------------------------------------------------------------------
Susceptible      | 85.47     | 9.3       | 66.0      | 79.75     | 86.0      | 91.25     | 117.0
Infectious       | 124.72    | 10.19     | 102.0     | 119.0     | 124.5     | 132.0     | 144.0
Exposed          | 24.12     | 5.06      | 14.0      | 20.75     | 24.0      | 28.0      | 38.0
Recovered        | 345.22    | 15.04     | 308.0     | 335.0     | 344.0     | 356.0     | 381.0
Dead             | 0.0       | 0.0       | 0.0       | 0.0       | 0.0       | 0.0       | 0.0
Same day other   | 3.48      | 2.0       | 0.0       | 2.0       | 3.0       | 5.0       | 9.0
Infected         | 14.6      | 4.29      | 5.0       | 12.0      | 14.0      | 16.0      | 29.0

Infection rate (sitting): 17.08%

Expected vs Observed (sitting):
Metric           | Mean      | Std       | Min       | P25       | Median    | P75       | Max
-----------------------------------------------------------------------------------------------
Expected         | 20.46     | 2.57      | 16.05     | 18.51     | 20.17     | 22.02     | 28.5
Std              | 3.94      | 0.23      | 3.5       | 3.75      | 3.94      | 4.07      | 4.64
Z-score          | -1.49     | 0.91      | -3.23     | -2.12     | -1.51     | -0.95     | 0.67

--- Standing (occupation 2) ---
Metric           | Mean      | Std       | Min       | P25       | Median    | P75       | Max
-----------------------------------------------------------------------------------------------
Susceptible      | 84.33     | 9.47      | 62.0      | 78.75     | 85.0      | 89.25     | 104.0
Infectious       | 123.72    | 10.11     | 98.0      | 117.75    | 124.0     | 131.0     | 143.0
Exposed          | 22.28     | 4.46      | 13.0      | 19.75     | 22.5      | 26.0      | 32.0
Recovered        | 341.78    | 14.98     | 307.0     | 330.75    | 342.5     | 353.0     | 374.0
Dead             | 0.0       | 0.0       | 0.0       | 0.0       | 0.0       | 0.0       | 0.0
Same day other   | 3.88      | 1.9       | 0.0       | 3.0       | 4.0       | 5.0       | 9.0
Infected         | 32.5      | 6.33      | 17.0      | 28.0      | 32.0      | 37.0      | 46.0

Infection rate (standing): 38.54%

Expected vs Observed (standing):
Metric           | Mean      | Std       | Min       | P25       | Median    | P75       | Max
-----------------------------------------------------------------------------------------------
Expected         | 44.67     | 5.54      | 34.17     | 40.8      | 45.5      | 48.24     | 59.0
Std              | 4.57      | 0.26      | 3.92      | 4.43      | 4.59      | 4.72      | 5.07
Z-score          | -2.65     | 1.04      | -5.05     | -3.29     | -2.64     | -1.96     | -0.03

Per-generation breakdown (sitting):
Generation 1     | 6.45      | 2.89      | 1.0       | 4.0       | 6.0       | 8.25      | 14.0
Generation 2     | 1.33      | 1.02      | 0.0       | 1.0       | 1.0       | 2.0       | 4.0
Generation 3     | 0.4       | 0.72      | 0.0       | 0.0       | 0.0       | 1.0       | 3.0
Generation 4     | 0.07      | 0.31      | 0.0       | 0.0       | 0.0       | 0.0       | 2.0
Generation 5     | 0.03      | 0.26      | 0.0       | 0.0       | 0.0       | 0.0       | 2.0

Per-generation breakdown (standing):
Generation 1     | 12.45     | 4.72      | 3.0       | 10.0      | 12.0      | 15.0      | 24.0
Generation 2     | 2.38      | 1.55      | 0.0       | 1.0       | 2.0       | 3.0       | 6.0
Generation 3     | 0.72      | 1.04      | 0.0       | 0.0       | 0.0       | 1.0       | 5.0
Generation 4     | 0.08      | 0.28      | 0.0       | 0.0       | 0.0       | 0.0       | 1.0
Generation 5     | 0.02      | 0.13      | 0.0       | 0.0       | 0.0       | 0.0       | 1.0


##############################
### Concert Day 64
##############################

--- Global Epidemic Metrics ---
Metric           | Mean      | Std       | Min       | P25       | Median    | P75       | Max
-----------------------------------------------------------------------------------------------
Total infected   | 405159.42 | 174.47    | 404643.0  | 405046.25 | 405155.5  | 405280.25 | 405479.0
Attack rate      | 93.24     | 0.04      | 93.12     | 93.21     | 93.24     | 93.27     | 93.31
R0               | 3.05      | 0.02      | 3.01      | 3.04      | 3.05      | 3.07      | 3.1
Infectious pop   | 71377.2   | 4229.74   | 63490.0   | 68015.75  | 70671.0   | 74279.5   | 81661.0

--- Sitting (occupation 1) ---
Metric           | Mean      | Std       | Min       | P25       | Median    | P75       | Max
-----------------------------------------------------------------------------------------------
Susceptible      | 81.63     | 7.31      | 67.0      | 76.75     | 82.0      | 87.25     | 97.0
Infectious       | 119.9     | 9.0       | 103.0     | 114.0     | 121.0     | 125.0     | 141.0
Exposed          | 19.85     | 5.55      | 10.0      | 15.0      | 19.0      | 23.0      | 37.0
Recovered        | 358.73    | 14.14     | 328.0     | 346.0     | 360.0     | 368.25    | 389.0
Dead             | 0.0       | 0.0       | 0.0       | 0.0       | 0.0       | 0.0       | 0.0
Same day other   | 2.88      | 1.62      | 0.0       | 2.0       | 3.0       | 4.0       | 7.0
Infected         | 11.25     | 3.52      | 6.0       | 8.0       | 11.0      | 14.0      | 18.0

Infection rate (sitting): 13.78%

Expected vs Observed (sitting):
Metric           | Mean      | Std       | Min       | P25       | Median    | P75       | Max
-----------------------------------------------------------------------------------------------
Expected         | 18.9      | 2.12      | 14.22     | 17.16     | 18.96     | 20.67     | 23.46
Std              | 3.8       | 0.19      | 3.36      | 3.67      | 3.81      | 3.97      | 4.22
Z-score          | -2.01     | 0.85      | -3.83     | -2.64     | -1.97     | -1.26     | -0.37

--- Standing (occupation 2) ---
Metric           | Mean      | Std       | Min       | P25       | Median    | P75       | Max
-----------------------------------------------------------------------------------------------
Susceptible      | 81.88     | 7.41      | 68.0      | 77.0      | 81.0      | 86.0      | 100.0
Infectious       | 119.32    | 8.99      | 98.0      | 115.0     | 118.5     | 125.0     | 139.0
Exposed          | 20.02     | 5.0       | 11.0      | 16.0      | 19.5      | 23.0      | 34.0
Recovered        | 351.38    | 12.08     | 324.0     | 343.5     | 350.5     | 360.5     | 380.0
Dead             | 0.0       | 0.0       | 0.0       | 0.0       | 0.0       | 0.0       | 0.0
Same day other   | 3.4       | 1.97      | 0.0       | 2.0       | 3.0       | 4.0       | 9.0
Infected         | 29.72     | 4.83      | 18.0      | 26.0      | 30.0      | 33.0      | 40.0

Infection rate (standing): 36.29%

Expected vs Observed (standing):
Metric           | Mean      | Std       | Min       | P25       | Median    | P75       | Max
-----------------------------------------------------------------------------------------------
Expected         | 42.3      | 3.91      | 33.35     | 39.54     | 42.37     | 43.99     | 53.43
Std              | 4.51      | 0.21      | 4.1       | 4.37      | 4.5       | 4.63      | 4.99
Z-score          | -2.78     | 0.95      | -5.08     | -3.4      | -2.64     | -2.27     | -0.8

Per-generation breakdown (sitting):
Generation 1     | 4.75      | 2.56      | 0.0       | 3.0       | 4.0       | 6.0       | 12.0
Generation 2     | 1.13      | 1.13      | 0.0       | 0.0       | 1.0       | 2.0       | 6.0
Generation 3     | 0.37      | 0.71      | 0.0       | 0.0       | 0.0       | 1.0       | 3.0
Generation 4     | 0.07      | 0.25      | 0.0       | 0.0       | 0.0       | 0.0       | 1.0

Per-generation breakdown (standing):
Generation 1     | 11.98     | 3.7       | 6.0       | 9.0       | 11.5      | 14.25     | 21.0
Generation 2     | 2.13      | 1.51      | 0.0       | 1.0       | 2.0       | 3.0       | 6.0
Generation 3     | 0.53      | 0.68      | 0.0       | 0.0       | 0.0       | 1.0       | 2.0
Generation 4     | 0.08      | 0.33      | 0.0       | 0.0       | 0.0       | 0.0       | 2.0
Generation 5     | 0.02      | 0.13      | 0.0       | 0.0       | 0.0       | 0.0       | 1.0


##############################
### Concert Day 65
##############################

--- Global Epidemic Metrics ---
Metric           | Mean      | Std       | Min       | P25       | Median    | P75       | Max
-----------------------------------------------------------------------------------------------
Total infected   | 405163.42 | 192.95    | 404697.0  | 405021.75 | 405142.0  | 405283.0  | 405650.0
Attack rate      | 93.24     | 0.04      | 93.13     | 93.21     | 93.23     | 93.27     | 93.35
R0               | 3.06      | 0.02      | 3.03      | 3.05      | 3.06      | 3.07      | 3.09
Infectious pop   | 66545.37  | 4130.07   | 58809.0   | 63637.0   | 66602.0   | 70004.0   | 74875.0

--- Sitting (occupation 1) ---
Metric           | Mean      | Std       | Min       | P25       | Median    | P75       | Max
-----------------------------------------------------------------------------------------------
Susceptible      | 76.2      | 6.63      | 64.0      | 71.0      | 76.5      | 81.0      | 94.0
Infectious       | 117.25    | 10.45     | 94.0      | 109.0     | 117.0     | 124.0     | 141.0
Exposed          | 16.55     | 4.54      | 9.0       | 14.0      | 16.0      | 19.25     | 27.0
Recovered        | 370.35    | 13.1      | 343.0     | 364.0     | 372.0     | 378.25    | 397.0
Dead             | 0.0       | 0.0       | 0.0       | 0.0       | 0.0       | 0.0       | 0.0
Same day other   | 2.65      | 1.74      | 0.0       | 1.0       | 2.0       | 4.0       | 8.0
Infected         | 10.55     | 3.15      | 5.0       | 8.75      | 10.0      | 12.0      | 19.0

Infection rate (sitting): 13.85%

Expected vs Observed (sitting):
Metric           | Mean      | Std       | Min       | P25       | Median    | P75       | Max
-----------------------------------------------------------------------------------------------
Expected         | 17.26     | 1.68      | 13.3      | 16.23     | 16.95     | 18.24     | 21.7
Std              | 3.65      | 0.16      | 3.25      | 3.55      | 3.62      | 3.75      | 4.01
Z-score          | -1.84     | 0.81      | -3.54     | -2.35     | -1.82     | -1.27     | 0.6

--- Standing (occupation 2) ---
Metric           | Mean      | Std       | Min       | P25       | Median    | P75       | Max
-----------------------------------------------------------------------------------------------
Susceptible      | 78.63     | 9.2       | 60.0      | 73.0      | 78.0      | 84.25     | 104.0
Infectious       | 115.08    | 10.69     | 91.0      | 109.0     | 114.0     | 122.0     | 139.0
Exposed          | 16.83     | 4.1       | 9.0       | 14.0      | 16.0      | 19.25     | 26.0
Recovered        | 362.72    | 15.39     | 336.0     | 349.75    | 364.0     | 373.0     | 393.0
Dead             | 0.0       | 0.0       | 0.0       | 0.0       | 0.0       | 0.0       | 0.0
Same day other   | 2.73      | 1.85      | 0.0       | 1.75      | 2.0       | 3.0       | 9.0
Infected         | 26.3      | 6.16      | 11.0      | 23.0      | 26.5      | 30.25     | 40.0

Infection rate (standing): 33.45%

Expected vs Observed (standing):
Metric           | Mean      | Std       | Min       | P25       | Median    | P75       | Max
-----------------------------------------------------------------------------------------------
Expected         | 39.67     | 5.44      | 30.36     | 36.33     | 39.91     | 43.31     | 50.49
Std              | 4.42      | 0.26      | 3.87      | 4.26      | 4.4       | 4.59      | 5.09
Z-score          | -3.01     | 1.14      | -5.97     | -3.69     | -2.93     | -2.11     | -0.37

Per-generation breakdown (sitting):
Generation 1     | 4.03      | 2.14      | 0.0       | 3.0       | 4.0       | 5.0       | 10.0
Generation 2     | 0.63      | 0.76      | 0.0       | 0.0       | 0.0       | 1.0       | 3.0
Generation 3     | 0.13      | 0.47      | 0.0       | 0.0       | 0.0       | 0.0       | 2.0
Generation 4     | 0.02      | 0.13      | 0.0       | 0.0       | 0.0       | 0.0       | 1.0

Per-generation breakdown (standing):
Generation 1     | 10.1      | 3.68      | 3.0       | 8.0       | 9.5       | 12.25     | 20.0
Generation 2     | 1.93      | 1.58      | 0.0       | 1.0       | 2.0       | 3.0       | 6.0
Generation 3     | 0.43      | 0.72      | 0.0       | 0.0       | 0.0       | 1.0       | 3.0
Generation 4     | 0.03      | 0.18      | 0.0       | 0.0       | 0.0       | 0.0       | 1.0
Generation 5     | 0.03      | 0.18      | 0.0       | 0.0       | 0.0       | 0.0       | 1.0
Generation 6     | 0.03      | 0.26      | 0.0       | 0.0       | 0.0       | 0.0       | 2.0


##############################
### Concert Day 66
##############################

--- Global Epidemic Metrics ---
Metric           | Mean      | Std       | Min       | P25       | Median    | P75       | Max
-----------------------------------------------------------------------------------------------
Total infected   | 405144.37 | 200.04    | 404729.0  | 404981.75 | 405155.5  | 405275.25 | 405538.0
Attack rate      | 93.23     | 0.05      | 93.14     | 93.2      | 93.24     | 93.26     | 93.32
R0               | 3.05      | 0.02      | 3.02      | 3.04      | 3.06      | 3.07      | 3.08
Infectious pop   | 61102.22  | 3787.6    | 54091.0   | 58417.25  | 60062.5   | 63474.0   | 70636.0

--- Sitting (occupation 1) ---
Metric           | Mean      | Std       | Min       | P25       | Median    | P75       | Max
-----------------------------------------------------------------------------------------------
Susceptible      | 75.88     | 7.89      | 56.0      | 71.75     | 76.0      | 81.25     | 97.0
Infectious       | 111.48    | 10.14     | 94.0      | 103.0     | 110.0     | 117.25    | 142.0
Exposed          | 14.4      | 4.46      | 6.0       | 11.75     | 14.0      | 17.0      | 28.0
Recovered        | 379.1     | 14.6      | 342.0     | 370.0     | 378.5     | 391.25    | 419.0
Dead             | 0.0       | 0.0       | 0.0       | 0.0       | 0.0       | 0.0       | 0.0
Same day other   | 2.13      | 1.36      | 0.0       | 1.0       | 2.0       | 3.0       | 6.0
Infected         | 8.97      | 3.32      | 2.0       | 6.75      | 9.0       | 11.0      | 18.0

Infection rate (sitting): 11.82%

Expected vs Observed (sitting):
Metric           | Mean      | Std       | Min       | P25       | Median    | P75       | Max
-----------------------------------------------------------------------------------------------
Expected         | 16.47     | 2.05      | 10.85     | 15.44     | 16.41     | 17.46     | 21.14
Std              | 3.58      | 0.21      | 2.96      | 3.49      | 3.58      | 3.71      | 4.01
Z-score          | -2.1      | 0.81      | -3.64     | -2.65     | -2.27     | -1.67     | -0.14

--- Standing (occupation 2) ---
Metric           | Mean      | Std       | Min       | P25       | Median    | P75       | Max
-----------------------------------------------------------------------------------------------
Susceptible      | 75.32     | 7.31      | 58.0      | 71.0      | 75.0      | 80.0      | 94.0
Infectious       | 108.62    | 11.74     | 83.0      | 100.5     | 108.0     | 115.5     | 138.0
Exposed          | 14.32     | 3.8       | 7.0       | 11.75     | 14.0      | 16.0      | 26.0
Recovered        | 375.73    | 14.57     | 350.0     | 362.75    | 377.5     | 386.0     | 409.0
Dead             | 0.0       | 0.0       | 0.0       | 0.0       | 0.0       | 0.0       | 0.0
Same day other   | 2.02      | 1.43      | 0.0       | 1.0       | 2.0       | 3.0       | 6.0
Infected         | 21.87     | 5.42      | 10.0      | 19.0      | 21.0      | 26.0      | 37.0

Infection rate (standing): 29.03%

Expected vs Observed (standing):
Metric           | Mean      | Std       | Min       | P25       | Median    | P75       | Max
-----------------------------------------------------------------------------------------------
Expected         | 36.42     | 4.19      | 25.75     | 34.03     | 36.24     | 39.44     | 46.61
Std              | 4.32      | 0.21      | 3.78      | 4.2       | 4.32      | 4.45      | 4.85
Z-score          | -3.36     | 0.87      | -5.09     | -4.08     | -3.34     | -2.76     | -1.06

Per-generation breakdown (sitting):
Generation 1     | 3.9       | 2.24      | 0.0       | 2.0       | 4.0       | 5.0       | 8.0
Generation 2     | 0.78      | 1.12      | 0.0       | 0.0       | 0.0       | 1.0       | 5.0
Generation 3     | 0.23      | 0.59      | 0.0       | 0.0       | 0.0       | 0.0       | 3.0
Generation 4     | 0.02      | 0.13      | 0.0       | 0.0       | 0.0       | 0.0       | 1.0

Per-generation breakdown (standing):
Generation 1     | 9.23      | 3.62      | 3.0       | 7.0       | 9.0       | 11.25     | 21.0
Generation 2     | 1.73      | 1.42      | 0.0       | 1.0       | 2.0       | 2.0       | 7.0
Generation 3     | 0.48      | 0.77      | 0.0       | 0.0       | 0.0       | 1.0       | 3.0
Generation 4     | 0.17      | 0.42      | 0.0       | 0.0       | 0.0       | 0.0       | 2.0
Generation 5     | 0.02      | 0.13      | 0.0       | 0.0       | 0.0       | 0.0       | 1.0


##############################
### Concert Day 67
##############################

--- Global Epidemic Metrics ---
Metric           | Mean      | Std       | Min       | P25       | Median    | P75       | Max
-----------------------------------------------------------------------------------------------
Total infected   | 405096.3  | 192.23    | 404634.0  | 405000.5  | 405084.0  | 405214.25 | 405567.0
Attack rate      | 93.22     | 0.04      | 93.12     | 93.2      | 93.22     | 93.25     | 93.33
R0               | 3.06      | 0.02      | 3.01      | 3.05      | 3.06      | 3.07      | 3.08
Infectious pop   | 56440.35  | 3209.85   | 49343.0   | 53970.75  | 56502.0   | 58373.75  | 64403.0

--- Sitting (occupation 1) ---
Metric           | Mean      | Std       | Min       | P25       | Median    | P75       | Max
-----------------------------------------------------------------------------------------------
Susceptible      | 73.42     | 7.17      | 61.0      | 69.0      | 72.5      | 79.0      | 91.0
Infectious       | 103.45    | 9.59      | 86.0      | 96.75     | 103.0     | 108.25    | 132.0
Exposed          | 11.4      | 3.43      | 3.0       | 9.0       | 12.0      | 13.25     | 19.0
Recovered        | 393.0     | 12.65     | 357.0     | 383.75    | 392.0     | 401.0     | 421.0
Dead             | 0.0       | 0.0       | 0.0       | 0.0       | 0.0       | 0.0       | 0.0
Same day other   | 1.73      | 1.47      | 0.0       | 1.0       | 1.0       | 3.0       | 6.0
Infected         | 8.15      | 3.03      | 1.0       | 6.0       | 8.0       | 10.25     | 15.0

Infection rate (sitting): 11.1%

Expected vs Observed (sitting):
Metric           | Mean      | Std       | Min       | P25       | Median    | P75       | Max
-----------------------------------------------------------------------------------------------
Expected         | 14.92     | 1.94      | 10.95     | 13.5      | 14.74     | 16.41     | 19.64
Std              | 3.44      | 0.2       | 3.0       | 3.3       | 3.43      | 3.61      | 3.83
Z-score          | -1.97     | 0.76      | -3.79     | -2.51     | -1.99     | -1.54     | -0.39

--- Standing (occupation 2) ---
Metric           | Mean      | Std       | Min       | P25       | Median    | P75       | Max
-----------------------------------------------------------------------------------------------
Susceptible      | 75.57     | 7.72      | 51.0      | 70.0      | 75.5      | 80.25     | 100.0
Infectious       | 102.92    | 7.74      | 86.0      | 96.75     | 104.0     | 108.0     | 118.0
Exposed          | 11.5      | 3.6       | 5.0       | 9.0       | 11.0      | 14.0      | 22.0
Recovered        | 383.92    | 12.03     | 345.0     | 379.75    | 384.0     | 388.5     | 419.0
Dead             | 0.0       | 0.0       | 0.0       | 0.0       | 0.0       | 0.0       | 0.0
Same day other   | 2.1       | 1.35      | 0.0       | 1.0       | 2.0       | 3.0       | 6.0
Infected         | 19.6      | 4.78      | 12.0      | 16.0      | 19.0      | 22.0      | 34.0

Infection rate (standing): 25.94%

Expected vs Observed (standing):
Metric           | Mean      | Std       | Min       | P25       | Median    | P75       | Max
-----------------------------------------------------------------------------------------------
Expected         | 35.23     | 3.99      | 22.12     | 32.93     | 35.4      | 36.77     | 48.96
Std              | 4.33      | 0.22      | 3.54      | 4.18      | 4.33      | 4.47      | 5.0
Z-score          | -3.6      | 1.0       | -5.65     | -4.24     | -3.68     | -3.06     | -0.94

Per-generation breakdown (sitting):
Generation 1     | 3.22      | 1.73      | 1.0       | 2.0       | 3.0       | 4.0       | 8.0
Generation 2     | 0.55      | 0.81      | 0.0       | 0.0       | 0.0       | 1.0       | 3.0
Generation 3     | 0.17      | 0.49      | 0.0       | 0.0       | 0.0       | 0.0       | 2.0
Generation 4     | 0.02      | 0.13      | 0.0       | 0.0       | 0.0       | 0.0       | 1.0

Per-generation breakdown (standing):
Generation 1     | 7.97      | 2.72      | 2.0       | 6.0       | 8.0       | 10.0      | 14.0
Generation 2     | 1.33      | 1.26      | 0.0       | 0.0       | 1.0       | 2.0       | 6.0
Generation 3     | 0.3       | 0.59      | 0.0       | 0.0       | 0.0       | 0.0       | 2.0
Generation 4     | 0.05      | 0.22      | 0.0       | 0.0       | 0.0       | 0.0       | 1.0


##############################
### Concert Day 68
##############################

--- Global Epidemic Metrics ---
Metric           | Mean      | Std       | Min       | P25       | Median    | P75       | Max
-----------------------------------------------------------------------------------------------
Total infected   | 405117.32 | 200.63    | 404591.0  | 404960.5  | 405141.0  | 405252.0  | 405617.0
Attack rate      | 93.23     | 0.05      | 93.11     | 93.19     | 93.23     | 93.26     | 93.34
R0               | 3.05      | 0.02      | 3.0       | 3.04      | 3.05      | 3.07      | 3.09
Infectious pop   | 52745.47  | 3094.93   | 46571.0   | 50798.5   | 52338.0   | 54902.25  | 60271.0

--- Sitting (occupation 1) ---
Metric           | Mean      | Std       | Min       | P25       | Median    | P75       | Max
-----------------------------------------------------------------------------------------------
Susceptible      | 69.98     | 6.84      | 50.0      | 64.75     | 71.0      | 74.0      | 83.0
Infectious       | 99.25     | 8.81      | 79.0      | 95.5      | 100.0     | 104.0     | 121.0
Exposed          | 10.8      | 4.03      | 2.0       | 8.0       | 10.0      | 14.0      | 23.0
Recovered        | 401.3     | 10.86     | 372.0     | 394.0     | 402.0     | 407.0     | 428.0
Dead             | 0.0       | 0.0       | 0.0       | 0.0       | 0.0       | 0.0       | 0.0
Same day other   | 1.67      | 1.3       | 0.0       | 1.0       | 2.0       | 2.0       | 5.0
Infected         | 6.22      | 2.56      | 1.0       | 5.0       | 6.0       | 8.0       | 12.0

Infection rate (sitting): 8.88%

Expected vs Observed (sitting):
Metric           | Mean      | Std       | Min       | P25       | Median    | P75       | Max
-----------------------------------------------------------------------------------------------
Expected         | 13.7      | 1.64      | 9.99      | 12.55     | 13.71     | 14.8      | 17.28
Std              | 3.31      | 0.18      | 2.87      | 3.2       | 3.32      | 3.45      | 3.65
Z-score          | -2.25     | 0.78      | -4.21     | -2.87     | -2.2      | -1.76     | 0.41

--- Standing (occupation 2) ---
Metric           | Mean      | Std       | Min       | P25       | Median    | P75       | Max
-----------------------------------------------------------------------------------------------
Susceptible      | 74.0      | 8.85      | 50.0      | 68.0      | 73.5      | 80.0      | 92.0
Infectious       | 96.98     | 9.54      | 81.0      | 89.75     | 95.5      | 102.25    | 123.0
Exposed          | 9.05      | 3.5       | 4.0       | 6.0       | 9.0       | 12.0      | 16.0
Recovered        | 394.32    | 13.25     | 351.0     | 387.0     | 394.5     | 401.0     | 421.0
Dead             | 0.0       | 0.0       | 0.0       | 0.0       | 0.0       | 0.0       | 0.0
Same day other   | 1.65      | 1.26      | 0.0       | 1.0       | 1.0       | 3.0       | 4.0
Infected         | 18.0      | 5.73      | 7.0       | 13.0      | 18.0      | 21.0      | 32.0

Infection rate (standing): 24.32%

Expected vs Observed (standing):
Metric           | Mean      | Std       | Min       | P25       | Median    | P75       | Max
-----------------------------------------------------------------------------------------------
Expected         | 33.02     | 4.56      | 22.7      | 29.82     | 32.75     | 35.53     | 47.57
Std              | 4.26      | 0.26      | 3.52      | 4.09      | 4.24      | 4.44      | 4.77
Z-score          | -3.52     | 1.05      | -5.75     | -4.24     | -3.59     | -2.65     | -1.35

Per-generation breakdown (sitting):
Generation 1     | 2.42      | 1.65      | 0.0       | 1.0       | 2.0       | 4.0       | 6.0
Generation 2     | 0.43      | 0.85      | 0.0       | 0.0       | 0.0       | 1.0       | 3.0
Generation 3     | 0.1       | 0.3       | 0.0       | 0.0       | 0.0       | 0.0       | 1.0
Generation 4     | 0.02      | 0.13      | 0.0       | 0.0       | 0.0       | 0.0       | 1.0
Generation 5     | 0.02      | 0.13      | 0.0       | 0.0       | 0.0       | 0.0       | 1.0

Per-generation breakdown (standing):
Generation 1     | 6.73      | 3.87      | 0.0       | 4.0       | 6.0       | 8.25      | 16.0
Generation 2     | 1.03      | 1.07      | 0.0       | 0.0       | 1.0       | 2.0       | 4.0
Generation 3     | 0.22      | 0.42      | 0.0       | 0.0       | 0.0       | 0.0       | 1.0
Generation 4     | 0.03      | 0.18      | 0.0       | 0.0       | 0.0       | 0.0       | 1.0


##############################
### Concert Day 69
##############################

--- Global Epidemic Metrics ---
Metric           | Mean      | Std       | Min       | P25       | Median    | P75       | Max
-----------------------------------------------------------------------------------------------
Total infected   | 405095.67 | 222.57    | 404621.0  | 404929.25 | 405080.0  | 405279.75 | 405581.0
Attack rate      | 93.22     | 0.05      | 93.11     | 93.18     | 93.22     | 93.27     | 93.33
R0               | 3.05      | 0.02      | 3.03      | 3.04      | 3.05      | 3.06      | 3.1
Infectious pop   | 49317.88  | 2324.18   | 44221.0   | 47768.0   | 49211.5   | 50713.0   | 57639.0

--- Sitting (occupation 1) ---
Metric           | Mean      | Std       | Min       | P25       | Median    | P75       | Max
-----------------------------------------------------------------------------------------------
Susceptible      | 70.98     | 7.66      | 46.0      | 66.0      | 70.0      | 76.0      | 92.0
Infectious       | 94.48     | 9.92      | 70.0      | 87.75     | 94.0      | 101.0     | 117.0
Exposed          | 8.53      | 2.93      | 3.0       | 6.0       | 8.5       | 10.0      | 16.0
Recovered        | 407.58    | 11.28     | 370.0     | 403.0     | 408.0     | 415.0     | 432.0
Dead             | 0.0       | 0.0       | 0.0       | 0.0       | 0.0       | 0.0       | 0.0
Same day other   | 1.42      | 1.14      | 0.0       | 1.0       | 1.0       | 2.0       | 5.0
Infected         | 6.28      | 2.35      | 0.0       | 5.0       | 6.0       | 8.0       | 13.0

Infection rate (sitting): 8.85%

Expected vs Observed (sitting):
Metric           | Mean      | Std       | Min       | P25       | Median    | P75       | Max
-----------------------------------------------------------------------------------------------
Expected         | 13.28     | 1.86      | 9.08      | 12.34     | 13.3      | 13.9      | 20.08
Std              | 3.28      | 0.21      | 2.7       | 3.14      | 3.29      | 3.35      | 3.96
Z-score          | -2.13     | 0.69      | -3.96     | -2.56     | -2.1      | -1.65     | -0.58

--- Standing (occupation 2) ---
Metric           | Mean      | Std       | Min       | P25       | Median    | P75       | Max
-----------------------------------------------------------------------------------------------
Susceptible      | 71.4      | 7.54      | 53.0      | 66.75     | 71.0      | 76.0      | 91.0
Infectious       | 92.53     | 8.23      | 75.0      | 87.0      | 92.0      | 98.0      | 115.0
Exposed          | 8.85      | 3.49      | 3.0       | 7.0       | 9.0       | 11.0      | 17.0
Recovered        | 401.78    | 9.62      | 381.0     | 395.75    | 402.0     | 408.0     | 419.0
Dead             | 0.0       | 0.0       | 0.0       | 0.0       | 0.0       | 0.0       | 0.0
Same day other   | 1.43      | 1.45      | 0.0       | 0.0       | 1.0       | 2.0       | 7.0
Infected         | 16.05     | 5.02      | 4.0       | 13.0      | 16.5      | 19.0      | 28.0

Infection rate (standing): 22.48%

Expected vs Observed (standing):
Metric           | Mean      | Std       | Min       | P25       | Median    | P75       | Max
-----------------------------------------------------------------------------------------------
Expected         | 30.74     | 3.32      | 23.71     | 28.21     | 30.49     | 32.95     | 38.51
Std              | 4.17      | 0.21      | 3.62      | 4.03      | 4.17      | 4.3       | 4.71
Z-score          | -3.51     | 1.11      | -6.37     | -4.27     | -3.43     | -2.88     | -1.36

Per-generation breakdown (sitting):
Generation 1     | 2.6       | 1.96      | 0.0       | 1.0       | 2.0       | 4.0       | 8.0
Generation 2     | 0.38      | 0.74      | 0.0       | 0.0       | 0.0       | 0.25      | 3.0
Generation 3     | 0.1       | 0.3       | 0.0       | 0.0       | 0.0       | 0.0       | 1.0

Per-generation breakdown (standing):
Generation 1     | 6.17      | 2.87      | 1.0       | 4.0       | 6.0       | 8.0       | 15.0
Generation 2     | 1.32      | 1.32      | 0.0       | 0.0       | 1.0       | 2.0       | 5.0
Generation 3     | 0.23      | 0.46      | 0.0       | 0.0       | 0.0       | 0.0       | 2.0
Generation 4     | 0.03      | 0.18      | 0.0       | 0.0       | 0.0       | 0.0       | 1.0


##############################
### Concert Day 70
##############################

--- Global Epidemic Metrics ---
Metric           | Mean      | Std       | Min       | P25       | Median    | P75       | Max
-----------------------------------------------------------------------------------------------
Total infected   | 405108.3  | 238.76    | 404539.0  | 404966.75 | 405091.5  | 405270.5  | 405703.0
Attack rate      | 93.23     | 0.05      | 93.09     | 93.19     | 93.22     | 93.26     | 93.36
R0               | 3.06      | 0.02      | 3.01      | 3.05      | 3.06      | 3.07      | 3.1
Infectious pop   | 46444.98  | 2026.76   | 43421.0   | 44552.25  | 46304.0   | 48131.0   | 51309.0

--- Sitting (occupation 1) ---
Metric           | Mean      | Std       | Min       | P25       | Median    | P75       | Max
-----------------------------------------------------------------------------------------------
Susceptible      | 69.08     | 7.14      | 54.0      | 63.75     | 68.0      | 74.0      | 85.0
Infectious       | 91.12     | 7.65      | 75.0      | 85.75     | 92.0      | 97.0      | 111.0
Exposed          | 6.97      | 2.52      | 2.0       | 5.0       | 7.0       | 9.0       | 13.0
Recovered        | 414.45    | 8.9       | 389.0     | 410.0     | 413.5     | 419.25    | 440.0
Dead             | 0.0       | 0.0       | 0.0       | 0.0       | 0.0       | 0.0       | 0.0
Same day other   | 1.38      | 1.55      | 0.0       | 0.0       | 1.0       | 2.0       | 8.0
Infected         | 5.73      | 2.25      | 1.0       | 4.0       | 6.0       | 7.0       | 11.0

Infection rate (sitting): 8.3%

Expected vs Observed (sitting):
Metric           | Mean      | Std       | Min       | P25       | Median    | P75       | Max
-----------------------------------------------------------------------------------------------
Expected         | 12.49     | 1.27      | 9.35      | 11.57     | 12.6      | 13.24     | 16.04
Std              | 3.19      | 0.16      | 2.8       | 3.11      | 3.21      | 3.3       | 3.59
Z-score          | -2.12     | 0.63      | -3.37     | -2.66     | -2.09     | -1.69     | -0.74

--- Standing (occupation 2) ---
Metric           | Mean      | Std       | Min       | P25       | Median    | P75       | Max
-----------------------------------------------------------------------------------------------
Susceptible      | 68.87     | 6.4       | 57.0      | 64.0      | 68.5      | 73.0      | 87.0
Infectious       | 90.73     | 9.59      | 74.0      | 83.75     | 89.0      | 96.0      | 126.0
Exposed          | 6.63      | 2.35      | 2.0       | 5.0       | 7.0       | 8.0       | 14.0
Recovered        | 408.7     | 11.27     | 377.0     | 402.0     | 410.0     | 416.0     | 431.0
Dead             | 0.0       | 0.0       | 0.0       | 0.0       | 0.0       | 0.0       | 0.0
Same day other   | 1.07      | 1.1       | 0.0       | 0.0       | 1.0       | 2.0       | 4.0
Infected         | 14.65     | 3.24      | 6.0       | 12.75     | 15.0      | 17.0      | 22.0

Infection rate (standing): 21.27%

Expected vs Observed (standing):
Metric           | Mean      | Std       | Min       | P25       | Median    | P75       | Max
-----------------------------------------------------------------------------------------------
Expected         | 29.23     | 3.25      | 22.44     | 26.67     | 29.45     | 30.64     | 36.59
Std              | 4.09      | 0.19      | 3.71      | 3.95      | 4.09      | 4.22      | 4.52
Z-score          | -3.56     | 0.74      | -5.68     | -4.02     | -3.65     | -3.02     | -1.9

Per-generation breakdown (sitting):
Generation 1     | 2.25      | 1.53      | 0.0       | 1.0       | 2.0       | 3.0       | 6.0
Generation 2     | 0.47      | 0.91      | 0.0       | 0.0       | 0.0       | 1.0       | 4.0
Generation 3     | 0.08      | 0.33      | 0.0       | 0.0       | 0.0       | 0.0       | 2.0
Generation 4     | 0.02      | 0.13      | 0.0       | 0.0       | 0.0       | 0.0       | 1.0

Per-generation breakdown (standing):
Generation 1     | 6.07      | 2.92      | 1.0       | 4.0       | 6.0       | 8.0       | 15.0
Generation 2     | 1.22      | 1.39      | 0.0       | 0.0       | 1.0       | 2.0       | 5.0
Generation 3     | 0.28      | 0.56      | 0.0       | 0.0       | 0.0       | 0.0       | 2.0
Generation 4     | 0.07      | 0.31      | 0.0       | 0.0       | 0.0       | 0.0       | 2.0


##############################
### Concert Day 71
##############################

--- Global Epidemic Metrics ---
Metric           | Mean      | Std       | Min       | P25       | Median    | P75       | Max
-----------------------------------------------------------------------------------------------
Total infected   | 405095.08 | 202.59    | 404532.0  | 404983.5  | 405120.5  | 405228.0  | 405465.0
Attack rate      | 93.22     | 0.05      | 93.09     | 93.2      | 93.23     | 93.25     | 93.31
R0               | 3.06      | 0.02      | 3.02      | 3.05      | 3.06      | 3.07      | 3.09
Infectious pop   | 43550.37  | 1970.02   | 39291.0   | 41959.75  | 43566.5   | 44719.5   | 49328.0

--- Sitting (occupation 1) ---
Metric           | Mean      | Std       | Min       | P25       | Median    | P75       | Max
-----------------------------------------------------------------------------------------------
Susceptible      | 66.42     | 6.89      | 49.0      | 62.0      | 66.0      | 70.0      | 85.0
Infectious       | 87.42     | 8.6       | 67.0      | 81.0      | 88.0      | 93.0      | 109.0
Exposed          | 5.63      | 2.46      | 1.0       | 4.0       | 5.0       | 8.0       | 11.0
Recovered        | 422.62    | 10.29     | 389.0     | 416.75    | 421.5     | 429.25    | 448.0
Dead             | 0.0       | 0.0       | 0.0       | 0.0       | 0.0       | 0.0       | 0.0
Same day other   | 0.92      | 0.91      | 0.0       | 0.0       | 1.0       | 2.0       | 3.0
Infected         | 5.35      | 2.65      | 1.0       | 3.0       | 5.0       | 7.0       | 13.0

Infection rate (sitting): 8.06%

Expected vs Observed (sitting):
Metric           | Mean      | Std       | Min       | P25       | Median    | P75       | Max
-----------------------------------------------------------------------------------------------
Expected         | 11.58     | 1.41      | 8.63      | 10.39     | 11.81     | 12.54     | 15.76
Std              | 3.08      | 0.17      | 2.72      | 2.95      | 3.11      | 3.19      | 3.52
Z-score          | -2.01     | 0.87      | -3.62     | -2.61     | -2.21     | -1.44     | 0.23

--- Standing (occupation 2) ---
Metric           | Mean      | Std       | Min       | P25       | Median    | P75       | Max
-----------------------------------------------------------------------------------------------
Susceptible      | 68.75     | 6.66      | 51.0      | 63.0      | 69.0      | 74.25     | 82.0
Infectious       | 83.95     | 6.77      | 68.0      | 78.0      | 84.0      | 89.0      | 98.0
Exposed          | 5.95      | 2.31      | 1.0       | 4.0       | 6.0       | 7.25      | 13.0
Recovered        | 416.37    | 9.45      | 397.0     | 408.0     | 416.0     | 421.25    | 438.0
Dead             | 0.0       | 0.0       | 0.0       | 0.0       | 0.0       | 0.0       | 0.0
Same day other   | 0.98      | 0.89      | 0.0       | 0.0       | 1.0       | 1.0       | 4.0
Infected         | 12.68     | 4.09      | 5.0       | 9.0       | 13.0      | 16.0      | 21.0

Infection rate (standing): 18.45%

Expected vs Observed (standing):
Metric           | Mean      | Std       | Min       | P25       | Median    | P75       | Max
-----------------------------------------------------------------------------------------------
Expected         | 27.55     | 2.98      | 21.22     | 25.95     | 27.74     | 29.46     | 33.92
Std              | 4.05      | 0.2       | 3.52      | 3.91      | 4.07      | 4.19      | 4.44
Z-score          | -3.66     | 0.98      | -6.14     | -4.29     | -3.66     | -3.16     | -0.63

Per-generation breakdown (sitting):
Generation 1     | 2.17      | 1.63      | 0.0       | 1.0       | 2.0       | 3.0       | 7.0
Generation 2     | 0.33      | 0.68      | 0.0       | 0.0       | 0.0       | 0.0       | 3.0
Generation 3     | 0.07      | 0.31      | 0.0       | 0.0       | 0.0       | 0.0       | 2.0
Generation 4     | 0.02      | 0.13      | 0.0       | 0.0       | 0.0       | 0.0       | 1.0

Per-generation breakdown (standing):
Generation 1     | 4.8       | 2.58      | 0.0       | 2.75      | 5.0       | 6.0       | 12.0
Generation 2     | 1.05      | 1.21      | 0.0       | 0.0       | 1.0       | 1.0       | 6.0
Generation 3     | 0.25      | 0.6       | 0.0       | 0.0       | 0.0       | 0.0       | 3.0


##############################
### Concert Day 72
##############################

--- Global Epidemic Metrics ---
Metric           | Mean      | Std       | Min       | P25       | Median    | P75       | Max
-----------------------------------------------------------------------------------------------
Total infected   | 405092.8  | 188.71    | 404552.0  | 404997.25 | 405086.5  | 405231.0  | 405478.0
Attack rate      | 93.22     | 0.04      | 93.1      | 93.2      | 93.22     | 93.25     | 93.31
R0               | 3.06      | 0.02      | 3.01      | 3.05      | 3.06      | 3.07      | 3.09
Infectious pop   | 41586.68  | 1766.31   | 37005.0   | 40387.75  | 41432.0   | 42736.75  | 45495.0

--- Sitting (occupation 1) ---
Metric           | Mean      | Std       | Min       | P25       | Median    | P75       | Max
-----------------------------------------------------------------------------------------------
Susceptible      | 67.0      | 6.31      | 50.0      | 64.0      | 67.0      | 70.0      | 81.0
Infectious       | 82.82     | 8.82      | 61.0      | 76.75     | 81.5      | 89.25     | 105.0
Exposed          | 5.6       | 2.87      | 0.0       | 3.0       | 6.0       | 7.25      | 14.0
Recovered        | 426.7     | 11.45     | 404.0     | 417.75    | 426.5     | 434.25    | 460.0
Dead             | 0.0       | 0.0       | 0.0       | 0.0       | 0.0       | 0.0       | 0.0
Same day other   | 0.88      | 1.04      | 0.0       | 0.0       | 1.0       | 1.0       | 5.0
Infected         | 4.88      | 2.83      | 0.0       | 3.0       | 4.5       | 6.0       | 15.0

Infection rate (sitting): 7.29%

Expected vs Observed (sitting):
Metric           | Mean      | Std       | Min       | P25       | Median    | P75       | Max
-----------------------------------------------------------------------------------------------
Expected         | 11.15     | 1.53      | 7.03      | 10.11     | 11.11     | 12.2      | 14.4
Std              | 3.04      | 0.19      | 2.48      | 2.91      | 3.07      | 3.18      | 3.41
Z-score          | -2.05     | 0.89      | -3.45     | -2.65     | -2.17     | -1.52     | 0.95

--- Standing (occupation 2) ---
Metric           | Mean      | Std       | Min       | P25       | Median    | P75       | Max
-----------------------------------------------------------------------------------------------
Susceptible      | 68.17     | 6.39      | 54.0      | 64.0      | 68.0      | 73.0      | 83.0
Infectious       | 83.9      | 8.71      | 62.0      | 79.75     | 83.5      | 88.25     | 106.0
Exposed          | 4.97      | 2.69      | 1.0       | 2.75      | 5.0       | 6.25      | 12.0
Recovered        | 418.02    | 10.08     | 391.0     | 410.75    | 419.0     | 425.0     | 437.0
Dead             | 0.0       | 0.0       | 0.0       | 0.0       | 0.0       | 0.0       | 0.0
Same day other   | 0.95      | 1.0       | 0.0       | 0.0       | 1.0       | 1.25      | 4.0
Infected         | 12.92     | 3.91      | 5.0       | 10.0      | 13.0      | 15.25     | 24.0

Infection rate (standing): 18.95%

Expected vs Observed (standing):
Metric           | Mean      | Std       | Min       | P25       | Median    | P75       | Max
-----------------------------------------------------------------------------------------------
Expected         | 27.29     | 3.3       | 21.09     | 24.53     | 27.22     | 29.57     | 34.34
Std              | 4.03      | 0.2       | 3.59      | 3.92      | 4.05      | 4.14      | 4.46
Z-score          | -3.55     | 0.88      | -5.52     | -4.14     | -3.54     | -2.97     | -1.49

Per-generation breakdown (sitting):
Generation 1     | 2.35      | 1.95      | 0.0       | 1.0       | 2.0       | 3.0       | 9.0
Generation 2     | 0.42      | 0.72      | 0.0       | 0.0       | 0.0       | 1.0       | 3.0
Generation 3     | 0.08      | 0.28      | 0.0       | 0.0       | 0.0       | 0.0       | 1.0
Generation 4     | 0.02      | 0.13      | 0.0       | 0.0       | 0.0       | 0.0       | 1.0

Per-generation breakdown (standing):
Generation 1     | 4.9       | 2.79      | 0.0       | 3.0       | 5.0       | 7.0       | 11.0
Generation 2     | 0.85      | 1.09      | 0.0       | 0.0       | 0.5       | 1.0       | 5.0
Generation 3     | 0.18      | 0.47      | 0.0       | 0.0       | 0.0       | 0.0       | 2.0
Generation 4     | 0.02      | 0.13      | 0.0       | 0.0       | 0.0       | 0.0       | 1.0
Generation 5     | 0.02      | 0.13      | 0.0       | 0.0       | 0.0       | 0.0       | 1.0


##############################
### Concert Day 73
##############################

--- Global Epidemic Metrics ---
Metric           | Mean      | Std       | Min       | P25       | Median    | P75       | Max
-----------------------------------------------------------------------------------------------
Total infected   | 405066.93 | 160.02    | 404684.0  | 404978.25 | 405081.5  | 405190.25 | 405403.0
Attack rate      | 93.22     | 0.04      | 93.13     | 93.2      | 93.22     | 93.24     | 93.29
R0               | 3.05      | 0.02      | 3.02      | 3.04      | 3.05      | 3.07      | 3.09
Infectious pop   | 39241.83  | 1788.28   | 35509.0   | 37962.75  | 38943.0   | 40640.25  | 43132.0

--- Sitting (occupation 1) ---
Metric           | Mean      | Std       | Min       | P25       | Median    | P75       | Max
-----------------------------------------------------------------------------------------------
Susceptible      | 66.03     | 7.61      | 52.0      | 59.0      | 66.0      | 72.0      | 83.0
Infectious       | 78.07     | 9.12      | 56.0      | 73.0      | 78.0      | 83.0      | 113.0
Exposed          | 4.83      | 2.15      | 1.0       | 3.0       | 5.0       | 6.0       | 10.0
Recovered        | 433.2     | 10.42     | 410.0     | 426.75    | 433.0     | 439.25    | 455.0
Dead             | 0.0       | 0.0       | 0.0       | 0.0       | 0.0       | 0.0       | 0.0
Same day other   | 0.87      | 0.91      | 0.0       | 0.0       | 1.0       | 1.0       | 3.0
Infected         | 4.67      | 1.96      | 1.0       | 3.0       | 4.0       | 6.0       | 10.0

Infection rate (sitting): 7.07%

Expected vs Observed (sitting):
Metric           | Mean      | Std       | Min       | P25       | Median    | P75       | Max
-----------------------------------------------------------------------------------------------
Expected         | 10.36     | 1.35      | 7.42      | 9.42      | 10.54     | 11.16     | 13.78
Std              | 2.95      | 0.18      | 2.52      | 2.82      | 2.97      | 3.04      | 3.36
Z-score          | -1.93     | 0.61      | -3.11     | -2.33     | -2.02     | -1.45     | -0.55

--- Standing (occupation 2) ---
Metric           | Mean      | Std       | Min       | P25       | Median    | P75       | Max
-----------------------------------------------------------------------------------------------
Susceptible      | 68.45     | 8.16      | 52.0      | 63.75     | 68.0      | 73.25     | 94.0
Infectious       | 78.25     | 8.21      | 63.0      | 73.0      | 77.0      | 83.0      | 99.0
Exposed          | 4.27      | 2.43      | 0.0       | 2.0       | 4.0       | 6.0       | 10.0
Recovered        | 424.2     | 10.01     | 403.0     | 418.75    | 426.0     | 431.25    | 444.0
Dead             | 0.0       | 0.0       | 0.0       | 0.0       | 0.0       | 0.0       | 0.0
Same day other   | 0.83      | 0.98      | 0.0       | 0.0       | 1.0       | 1.0       | 3.0
Infected         | 11.9      | 3.63      | 4.0       | 10.0      | 11.0      | 14.0      | 26.0

Infection rate (standing): 17.38%

Expected vs Observed (standing):
Metric           | Mean      | Std       | Min       | P25       | Median    | P75       | Max
-----------------------------------------------------------------------------------------------
Expected         | 25.91     | 3.2       | 19.33     | 23.79     | 25.77     | 28.3      | 34.57
Std              | 4.0       | 0.23      | 3.48      | 3.88      | 3.98      | 4.16      | 4.68
Z-score          | -3.5      | 0.75      | -4.81     | -4.13     | -3.55     | -3.01     | -1.76

Per-generation breakdown (sitting):
Generation 1     | 2.12      | 1.47      | 0.0       | 1.0       | 2.0       | 3.0       | 6.0
Generation 2     | 0.4       | 0.76      | 0.0       | 0.0       | 0.0       | 1.0       | 3.0
Generation 3     | 0.12      | 0.37      | 0.0       | 0.0       | 0.0       | 0.0       | 2.0
Generation 4     | 0.02      | 0.13      | 0.0       | 0.0       | 0.0       | 0.0       | 1.0
Generation 5     | 0.02      | 0.13      | 0.0       | 0.0       | 0.0       | 0.0       | 1.0

Per-generation breakdown (standing):
Generation 1     | 4.42      | 2.12      | 0.0       | 3.0       | 5.0       | 5.0       | 11.0
Generation 2     | 0.75      | 0.84      | 0.0       | 0.0       | 1.0       | 1.0       | 3.0
Generation 3     | 0.23      | 0.5       | 0.0       | 0.0       | 0.0       | 0.0       | 2.0
Generation 4     | 0.05      | 0.22      | 0.0       | 0.0       | 0.0       | 0.0       | 1.0


##############################
### Concert Day 74
##############################

--- Global Epidemic Metrics ---
Metric           | Mean      | Std       | Min       | P25       | Median    | P75       | Max
-----------------------------------------------------------------------------------------------
Total infected   | 405152.72 | 154.29    | 404821.0  | 405037.5  | 405151.5  | 405277.0  | 405548.0
Attack rate      | 93.24     | 0.04      | 93.16     | 93.21     | 93.24     | 93.26     | 93.33
R0               | 3.06      | 0.02      | 3.03      | 3.04      | 3.06      | 3.07      | 3.09
Infectious pop   | 37403.72  | 1744.15   | 33679.0   | 36419.75  | 37357.5   | 38376.0   | 42214.0

--- Sitting (occupation 1) ---
Metric           | Mean      | Std       | Min       | P25       | Median    | P75       | Max
-----------------------------------------------------------------------------------------------
Susceptible      | 65.15     | 7.19      | 47.0      | 60.75     | 66.0      | 70.25     | 78.0
Infectious       | 78.1      | 8.18      | 60.0      | 71.75     | 79.0      | 84.25     | 93.0
Exposed          | 4.18      | 2.37      | 1.0       | 2.0       | 4.0       | 5.0       | 11.0
Recovered        | 434.93    | 10.32     | 410.0     | 428.0     | 435.0     | 442.5     | 460.0
Dead             | 0.0       | 0.0       | 0.0       | 0.0       | 0.0       | 0.0       | 0.0
Same day other   | 0.63      | 0.84      | 0.0       | 0.0       | 0.0       | 1.0       | 4.0
Infected         | 4.37      | 2.12      | 1.0       | 3.0       | 4.0       | 5.25      | 9.0

Infection rate (sitting): 6.7%

Expected vs Observed (sitting):
Metric           | Mean      | Std       | Min       | P25       | Median    | P75       | Max
-----------------------------------------------------------------------------------------------
Expected         | 10.26     | 1.41      | 7.09      | 9.14      | 10.53     | 11.25     | 13.87
Std              | 2.93      | 0.19      | 2.48      | 2.79      | 2.97      | 3.06      | 3.36
Z-score          | -2.0      | 0.67      | -3.37     | -2.51     | -2.13     | -1.42     | -0.57

--- Standing (occupation 2) ---
Metric           | Mean      | Std       | Min       | P25       | Median    | P75       | Max
-----------------------------------------------------------------------------------------------
Susceptible      | 67.68     | 7.62      | 52.0      | 63.75     | 67.5      | 74.0      | 86.0
Infectious       | 74.57     | 9.26      | 58.0      | 68.0      | 73.5      | 81.0      | 103.0
Exposed          | 4.03      | 2.15      | 0.0       | 3.0       | 3.5       | 5.25      | 9.0
Recovered        | 429.03    | 11.16     | 409.0     | 420.0     | 427.0     | 438.25    | 454.0
Dead             | 0.0       | 0.0       | 0.0       | 0.0       | 0.0       | 0.0       | 0.0
Same day other   | 0.68      | 0.83      | 0.0       | 0.0       | 0.5       | 1.0       | 4.0
Infected         | 10.67     | 3.7       | 2.0       | 8.0       | 10.5      | 13.0      | 21.0

Infection rate (standing): 15.76%

Expected vs Observed (standing):
Metric           | Mean      | Std       | Min       | P25       | Median    | P75       | Max
-----------------------------------------------------------------------------------------------
Expected         | 24.65     | 3.18      | 17.58     | 22.31     | 24.93     | 27.01     | 30.08
Std              | 3.94      | 0.22      | 3.46      | 3.79      | 3.97      | 4.13      | 4.37
Z-score          | -3.53     | 0.93      | -5.41     | -4.11     | -3.6      | -3.03     | -0.56

Per-generation breakdown (sitting):
Generation 1     | 1.6       | 1.36      | 0.0       | 1.0       | 1.0       | 3.0       | 5.0
Generation 2     | 0.23      | 0.5       | 0.0       | 0.0       | 0.0       | 0.0       | 2.0
Generation 3     | 0.07      | 0.25      | 0.0       | 0.0       | 0.0       | 0.0       | 1.0

Per-generation breakdown (standing):
Generation 1     | 4.37      | 2.41      | 0.0       | 3.0       | 4.0       | 6.0       | 12.0
Generation 2     | 0.75      | 0.89      | 0.0       | 0.0       | 1.0       | 1.0       | 4.0
Generation 3     | 0.23      | 0.5       | 0.0       | 0.0       | 0.0       | 0.0       | 2.0
Generation 4     | 0.03      | 0.18      | 0.0       | 0.0       | 0.0       | 0.0       | 1.0


##############################
### Concert Day 75
##############################

--- Global Epidemic Metrics ---
Metric           | Mean      | Std       | Min       | P25       | Median    | P75       | Max
-----------------------------------------------------------------------------------------------
Total infected   | 405099.75 | 185.15    | 404613.0  | 404993.5  | 405097.0  | 405257.25 | 405416.0
Attack rate      | 93.22     | 0.04      | 93.11     | 93.2      | 93.22     | 93.26     | 93.3
R0               | 3.06      | 0.02      | 3.01      | 3.04      | 3.06      | 3.07      | 3.1
Infectious pop   | 34943.58  | 1680.72   | 31163.0   | 33806.5   | 34844.5   | 35925.5   | 40224.0

--- Sitting (occupation 1) ---
Metric           | Mean      | Std       | Min       | P25       | Median    | P75       | Max
-----------------------------------------------------------------------------------------------
Susceptible      | 64.98     | 6.16      | 53.0      | 60.0      | 65.0      | 70.0      | 79.0
Infectious       | 72.3      | 7.48      | 55.0      | 67.75     | 72.5      | 76.0      | 98.0
Exposed          | 3.5       | 2.08      | 0.0       | 2.0       | 3.0       | 5.0       | 9.0
Recovered        | 441.63    | 9.65      | 415.0     | 436.75    | 441.0     | 448.25    | 459.0
Dead             | 0.0       | 0.0       | 0.0       | 0.0       | 0.0       | 0.0       | 0.0
Same day other   | 0.58      | 0.91      | 0.0       | 0.0       | 0.0       | 1.0       | 4.0
Infected         | 3.85      | 2.43      | 0.0       | 3.0       | 4.0       | 5.0       | 11.0

Infection rate (sitting): 5.92%

Expected vs Observed (sitting):
Metric           | Mean      | Std       | Min       | P25       | Median    | P75       | Max
-----------------------------------------------------------------------------------------------
Expected         | 9.53      | 1.25      | 7.46      | 8.54      | 9.55      | 10.41     | 12.98
Std              | 2.85      | 0.17      | 2.53      | 2.69      | 2.85      | 2.95      | 3.24
Z-score          | -2.0      | 0.79      | -3.76     | -2.46     | -2.01     | -1.73     | 0.19

--- Standing (occupation 2) ---
Metric           | Mean      | Std       | Min       | P25       | Median    | P75       | Max
-----------------------------------------------------------------------------------------------
Susceptible      | 64.53     | 6.46      | 52.0      | 60.0      | 64.0      | 68.0      | 83.0
Infectious       | 71.95     | 8.01      | 57.0      | 64.75     | 72.5      | 78.0      | 88.0
Exposed          | 3.52      | 2.18      | 0.0       | 2.0       | 3.0       | 5.0       | 10.0
Recovered        | 435.45    | 9.42      | 413.0     | 429.0     | 436.0     | 442.0     | 457.0
Dead             | 0.0       | 0.0       | 0.0       | 0.0       | 0.0       | 0.0       | 0.0
Same day other   | 0.55      | 0.7       | 0.0       | 0.0       | 0.0       | 1.0       | 2.0
Infected         | 10.13     | 2.87      | 3.0       | 8.0       | 10.0      | 12.0      | 16.0

Infection rate (standing): 15.7%

Expected vs Observed (standing):
Metric           | Mean      | Std       | Min       | P25       | Median    | P75       | Max
-----------------------------------------------------------------------------------------------
Expected         | 22.87     | 2.65      | 17.36     | 20.97     | 22.8      | 24.61     | 29.18
Std              | 3.83      | 0.19      | 3.45      | 3.71      | 3.82      | 3.94      | 4.19
Z-score          | -3.32     | 0.71      | -4.75     | -3.81     | -3.21     | -2.84     | -1.72

Per-generation breakdown (sitting):
Generation 1     | 1.73      | 1.57      | 0.0       | 0.75      | 1.0       | 3.0       | 5.0
Generation 2     | 0.18      | 0.43      | 0.0       | 0.0       | 0.0       | 0.0       | 2.0
Generation 3     | 0.05      | 0.29      | 0.0       | 0.0       | 0.0       | 0.0       | 2.0

Per-generation breakdown (standing):
Generation 1     | 4.05      | 1.95      | 0.0       | 3.0       | 3.5       | 5.0       | 9.0
Generation 2     | 0.6       | 0.81      | 0.0       | 0.0       | 0.0       | 1.0       | 3.0
Generation 3     | 0.13      | 0.39      | 0.0       | 0.0       | 0.0       | 0.0       | 2.0
Generation 4     | 0.05      | 0.29      | 0.0       | 0.0       | 0.0       | 0.0       | 2.0
Generation 5     | 0.03      | 0.18      | 0.0       | 0.0       | 0.0       | 0.0       | 1.0


##############################
### Concert Day 76
##############################

--- Global Epidemic Metrics ---
Metric           | Mean      | Std       | Min       | P25       | Median    | P75       | Max
-----------------------------------------------------------------------------------------------
Total infected   | 405173.33 | 213.96    | 404502.0  | 405083.0  | 405187.0  | 405335.0  | 405531.0
Attack rate      | 93.24     | 0.05      | 93.09     | 93.22     | 93.24     | 93.28     | 93.32
R0               | 3.06      | 0.02      | 3.01      | 3.04      | 3.06      | 3.07      | 3.08
Infectious pop   | 32945.78  | 1751.62   | 29116.0   | 31934.75  | 32935.5   | 34018.0   | 38894.0

--- Sitting (occupation 1) ---
Metric           | Mean      | Std       | Min       | P25       | Median    | P75       | Max
-----------------------------------------------------------------------------------------------
Susceptible      | 64.82     | 7.22      | 40.0      | 61.0      | 65.0      | 68.25     | 85.0
Infectious       | 69.9      | 8.6       | 45.0      | 63.0      | 71.0      | 75.0      | 89.0
Exposed          | 2.75      | 1.85      | 0.0       | 1.0       | 3.0       | 4.0       | 10.0
Recovered        | 444.95    | 10.73     | 418.0     | 438.0     | 445.0     | 453.0     | 467.0
Dead             | 0.0       | 0.0       | 0.0       | 0.0       | 0.0       | 0.0       | 0.0
Same day other   | 0.58      | 0.85      | 0.0       | 0.0       | 0.0       | 1.0       | 4.0
Infected         | 4.22      | 2.44      | 0.0       | 2.75      | 4.0       | 6.0       | 11.0

Infection rate (sitting): 6.51%

Expected vs Observed (sitting):
Metric           | Mean      | Std       | Min       | P25       | Median    | P75       | Max
-----------------------------------------------------------------------------------------------
Expected         | 9.21      | 1.42      | 5.78      | 8.32      | 9.07      | 10.12     | 12.97
Std              | 2.8       | 0.2       | 2.22      | 2.67      | 2.78      | 2.94      | 3.27
Z-score          | -1.77     | 0.89      | -3.09     | -2.42     | -2.02     | -1.19     | 1.1

--- Standing (occupation 2) ---
Metric           | Mean      | Std       | Min       | P25       | Median    | P75       | Max
-----------------------------------------------------------------------------------------------
Susceptible      | 64.27     | 6.95      | 50.0      | 59.75     | 65.0      | 69.0      | 80.0
Infectious       | 68.2      | 9.34      | 45.0      | 63.0      | 67.0      | 74.0      | 95.0
Exposed          | 3.38      | 1.61      | 0.0       | 2.0       | 3.0       | 4.0       | 8.0
Recovered        | 439.67    | 11.18     | 416.0     | 432.0     | 438.5     | 447.0     | 475.0
Dead             | 0.0       | 0.0       | 0.0       | 0.0       | 0.0       | 0.0       | 0.0
Same day other   | 0.48      | 0.62      | 0.0       | 0.0       | 0.0       | 1.0       | 2.0
Infected         | 10.03     | 3.43      | 4.0       | 8.0       | 9.5       | 12.0      | 17.0

Infection rate (standing): 15.61%

Expected vs Observed (standing):
Metric           | Mean      | Std       | Min       | P25       | Median    | P75       | Max
-----------------------------------------------------------------------------------------------
Expected         | 21.81     | 3.05      | 13.2      | 20.01     | 22.03     | 23.87     | 27.87
Std              | 3.78      | 0.22      | 3.13      | 3.69      | 3.79      | 3.92      | 4.19
Z-score          | -3.1      | 0.84      | -4.8      | -3.64     | -3.08     | -2.5      | -1.44

Per-generation breakdown (sitting):
Generation 1     | 1.52      | 1.46      | 0.0       | 0.0       | 1.0       | 2.0       | 7.0
Generation 2     | 0.23      | 0.46      | 0.0       | 0.0       | 0.0       | 0.0       | 2.0
Generation 3     | 0.07      | 0.31      | 0.0       | 0.0       | 0.0       | 0.0       | 2.0

Per-generation breakdown (standing):
Generation 1     | 4.12      | 2.12      | 1.0       | 2.0       | 4.0       | 6.0       | 9.0
Generation 2     | 0.82      | 1.02      | 0.0       | 0.0       | 0.0       | 1.0       | 3.0
Generation 3     | 0.15      | 0.44      | 0.0       | 0.0       | 0.0       | 0.0       | 2.0
Generation 4     | 0.05      | 0.29      | 0.0       | 0.0       | 0.0       | 0.0       | 2.0


##############################
### Concert Day 77
##############################

--- Global Epidemic Metrics ---
Metric           | Mean      | Std       | Min       | P25       | Median    | P75       | Max
-----------------------------------------------------------------------------------------------
Total infected   | 405068.37 | 184.89    | 404502.0  | 404948.0  | 405080.5  | 405162.25 | 405493.0
Attack rate      | 93.22     | 0.04      | 93.09     | 93.19     | 93.22     | 93.24     | 93.31
R0               | 3.05      | 0.02      | 3.0       | 3.04      | 3.06      | 3.07      | 3.09
Infectious pop   | 30621.88  | 1492.27   | 27310.0   | 29599.0   | 30690.0   | 31670.0   | 34455.0

--- Sitting (occupation 1) ---
Metric           | Mean      | Std       | Min       | P25       | Median    | P75       | Max
-----------------------------------------------------------------------------------------------
Susceptible      | 63.25     | 7.31      | 44.0      | 58.75     | 63.0      | 67.25     | 80.0
Infectious       | 63.4      | 6.85      | 46.0      | 59.0      | 64.0      | 68.0      | 77.0
Exposed          | 2.98      | 1.59      | 0.0       | 2.0       | 3.0       | 4.0       | 6.0
Recovered        | 452.82    | 7.81      | 435.0     | 447.0     | 453.5     | 458.25    | 469.0
Dead             | 0.0       | 0.0       | 0.0       | 0.0       | 0.0       | 0.0       | 0.0
Same day other   | 0.55      | 0.89      | 0.0       | 0.0       | 0.0       | 1.0       | 5.0
Infected         | 3.65      | 1.97      | 0.0       | 3.0       | 3.0       | 5.0       | 8.0

Infection rate (sitting): 5.77%

Expected vs Observed (sitting):
Metric           | Mean      | Std       | Min       | P25       | Median    | P75       | Max
-----------------------------------------------------------------------------------------------
Expected         | 8.18      | 1.0       | 6.32      | 7.49      | 8.02      | 8.89      | 10.68
Std              | 2.66      | 0.15      | 2.36      | 2.55      | 2.64      | 2.77      | 3.02
Z-score          | -1.68     | 0.83      | -3.26     | -2.29     | -1.77     | -1.25     | 0.19

--- Standing (occupation 2) ---
Metric           | Mean      | Std       | Min       | P25       | Median    | P75       | Max
-----------------------------------------------------------------------------------------------
Susceptible      | 64.07     | 7.43      | 46.0      | 60.0      | 63.5      | 69.25     | 79.0
Infectious       | 64.43     | 7.68      | 50.0      | 59.0      | 64.0      | 71.0      | 83.0
Exposed          | 2.8       | 1.49      | 0.0       | 2.0       | 3.0       | 4.0       | 7.0
Recovered        | 444.2     | 10.97     | 417.0     | 435.75    | 443.5     | 453.25    | 467.0
Dead             | 0.0       | 0.0       | 0.0       | 0.0       | 0.0       | 0.0       | 0.0
Same day other   | 0.5       | 0.62      | 0.0       | 0.0       | 0.0       | 1.0       | 2.0
Infected         | 9.2       | 3.34      | 2.0       | 7.0       | 9.0       | 11.0      | 18.0

Infection rate (standing): 14.36%

Expected vs Observed (standing):
Metric           | Mean      | Std       | Min       | P25       | Median    | P75       | Max
-----------------------------------------------------------------------------------------------
Expected         | 20.82     | 3.19      | 15.28     | 18.12     | 21.02     | 23.09     | 28.39
Std              | 3.73      | 0.24      | 3.29      | 3.55      | 3.76      | 3.88      | 4.25
Z-score          | -3.1      | 0.8       | -4.49     | -3.68     | -3.25     | -2.71     | -0.44

Per-generation breakdown (sitting):
Generation 1     | 1.5       | 1.49      | 0.0       | 0.0       | 1.0       | 3.0       | 6.0
Generation 2     | 0.2       | 0.48      | 0.0       | 0.0       | 0.0       | 0.0       | 2.0
Generation 3     | 0.02      | 0.13      | 0.0       | 0.0       | 0.0       | 0.0       | 1.0

Per-generation breakdown (standing):
Generation 1     | 3.8       | 2.33      | 0.0       | 2.0       | 3.0       | 5.0       | 11.0
Generation 2     | 0.82      | 1.13      | 0.0       | 0.0       | 0.0       | 1.0       | 5.0
Generation 3     | 0.25      | 0.6       | 0.0       | 0.0       | 0.0       | 0.0       | 2.0
Generation 4     | 0.07      | 0.25      | 0.0       | 0.0       | 0.0       | 0.0       | 1.0
Generation 5     | 0.03      | 0.18      | 0.0       | 0.0       | 0.0       | 0.0       | 1.0


##############################
### Concert Day 78
##############################

--- Global Epidemic Metrics ---
Metric           | Mean      | Std       | Min       | P25       | Median    | P75       | Max
-----------------------------------------------------------------------------------------------
Total infected   | 405132.93 | 194.15    | 404719.0  | 404985.25 | 405129.0  | 405279.5  | 405562.0
Attack rate      | 93.23     | 0.04      | 93.14     | 93.2      | 93.23     | 93.27     | 93.33
R0               | 3.06      | 0.02      | 3.02      | 3.05      | 3.06      | 3.07      | 3.1
Infectious pop   | 28889.1   | 1406.57   | 25879.0   | 27973.0   | 28719.0   | 29671.5   | 33215.0

--- Sitting (occupation 1) ---
Metric           | Mean      | Std       | Min       | P25       | Median    | P75       | Max
-----------------------------------------------------------------------------------------------
Susceptible      | 61.95     | 6.85      | 43.0      | 58.0      | 63.0      | 66.0      | 74.0
Infectious       | 61.55     | 6.93      | 42.0      | 57.75     | 61.0      | 65.25     | 76.0
Exposed          | 2.25      | 1.54      | 0.0       | 1.0       | 2.0       | 3.0       | 7.0
Recovered        | 456.8     | 7.72      | 440.0     | 452.0     | 457.0     | 463.0     | 473.0
Dead             | 0.0       | 0.0       | 0.0       | 0.0       | 0.0       | 0.0       | 0.0
Same day other   | 0.45      | 0.81      | 0.0       | 0.0       | 0.0       | 1.0       | 4.0
Infected         | 3.6       | 2.06      | 0.0       | 2.0       | 3.0       | 5.0       | 9.0

Infection rate (sitting): 5.81%

Expected vs Observed (sitting):
Metric           | Mean      | Std       | Min       | P25       | Median    | P75       | Max
-----------------------------------------------------------------------------------------------
Expected         | 7.8       | 0.96      | 6.15      | 7.03      | 7.67      | 8.5       | 10.15
Std              | 2.6       | 0.15      | 2.32      | 2.48      | 2.59      | 2.72      | 2.93
Z-score          | -1.61     | 0.78      | -2.92     | -2.21     | -1.73     | -1.13     | 0.53

--- Standing (occupation 2) ---
Metric           | Mean      | Std       | Min       | P25       | Median    | P75       | Max
-----------------------------------------------------------------------------------------------
Susceptible      | 64.8      | 6.18      | 52.0      | 61.0      | 64.0      | 69.0      | 79.0
Infectious       | 59.8      | 8.35      | 44.0      | 53.75     | 60.0      | 66.0      | 78.0
Exposed          | 2.67      | 1.6       | 0.0       | 1.75      | 3.0       | 4.0       | 7.0
Recovered        | 448.13    | 10.2      | 425.0     | 442.5     | 448.0     | 454.25    | 470.0
Dead             | 0.0       | 0.0       | 0.0       | 0.0       | 0.0       | 0.0       | 0.0
Same day other   | 0.6       | 0.74      | 0.0       | 0.0       | 0.0       | 1.0       | 3.0
Infected         | 8.8       | 3.46      | 2.0       | 6.0       | 8.0       | 11.0      | 16.0

Infection rate (standing): 13.58%

Expected vs Observed (standing):
Metric           | Mean      | Std       | Min       | P25       | Median    | P75       | Max
-----------------------------------------------------------------------------------------------
Expected         | 19.77     | 2.88      | 13.73     | 17.95     | 19.65     | 21.22     | 26.85
Std              | 3.69      | 0.21      | 3.22      | 3.55      | 3.69      | 3.83      | 4.12
Z-score          | -2.96     | 0.87      | -4.67     | -3.52     | -2.98     | -2.39     | -0.78

Per-generation breakdown (sitting):
Generation 1     | 1.27      | 1.19      | 0.0       | 0.0       | 1.0       | 2.0       | 4.0
Generation 2     | 0.25      | 0.47      | 0.0       | 0.0       | 0.0       | 0.0       | 2.0
Generation 3     | 0.08      | 0.28      | 0.0       | 0.0       | 0.0       | 0.0       | 1.0
Generation 4     | 0.02      | 0.13      | 0.0       | 0.0       | 0.0       | 0.0       | 1.0

Per-generation breakdown (standing):
Generation 1     | 3.37      | 1.98      | 0.0       | 2.0       | 3.0       | 4.25      | 8.0
Generation 2     | 0.63      | 0.88      | 0.0       | 0.0       | 0.0       | 1.0       | 3.0
Generation 3     | 0.1       | 0.35      | 0.0       | 0.0       | 0.0       | 0.0       | 2.0


##############################
### Concert Day 79
##############################

--- Global Epidemic Metrics ---
Metric           | Mean      | Std       | Min       | P25       | Median    | P75       | Max
-----------------------------------------------------------------------------------------------
Total infected   | 405107.27 | 198.8     | 404565.0  | 404948.0  | 405124.0  | 405212.75 | 405569.0
Attack rate      | 93.23     | 0.05      | 93.1      | 93.19     | 93.23     | 93.25     | 93.33
R0               | 3.06      | 0.02      | 3.02      | 3.04      | 3.06      | 3.07      | 3.11
Infectious pop   | 26865.68  | 1532.2    | 24121.0   | 25844.25  | 26776.5   | 27551.25  | 31270.0

--- Sitting (occupation 1) ---
Metric           | Mean      | Std       | Min       | P25       | Median    | P75       | Max
-----------------------------------------------------------------------------------------------
Susceptible      | 64.1      | 7.61      | 44.0      | 58.0      | 66.0      | 69.0      | 81.0
Infectious       | 57.1      | 6.63      | 45.0      | 53.0      | 56.5      | 62.25     | 71.0
Exposed          | 2.2       | 1.58      | 0.0       | 1.0       | 2.0       | 3.0       | 7.0
Recovered        | 459.13    | 8.8       | 430.0     | 454.5     | 459.0     | 465.0     | 478.0
Dead             | 0.0       | 0.0       | 0.0       | 0.0       | 0.0       | 0.0       | 0.0
Same day other   | 0.47      | 0.65      | 0.0       | 0.0       | 0.0       | 1.0       | 2.0
Infected         | 3.12      | 1.9       | 0.0       | 2.0       | 3.0       | 4.0       | 8.0

Infection rate (sitting): 4.86%

Expected vs Observed (sitting):
Metric           | Mean      | Std       | Min       | P25       | Median    | P75       | Max
-----------------------------------------------------------------------------------------------
Expected         | 7.53      | 1.12      | 5.4       | 6.74      | 7.42      | 8.17      | 11.55
Std              | 2.57      | 0.18      | 2.21      | 2.44      | 2.56      | 2.68      | 3.15
Z-score          | -1.71     | 0.74      | -3.34     | -2.17     | -1.81     | -1.25     | 0.63

--- Standing (occupation 2) ---
Metric           | Mean      | Std       | Min       | P25       | Median    | P75       | Max
-----------------------------------------------------------------------------------------------
Susceptible      | 63.82     | 7.09      | 48.0      | 60.0      | 65.0      | 68.25     | 79.0
Infectious       | 56.6      | 7.99      | 37.0      | 51.5      | 57.0      | 63.0      | 71.0
Exposed          | 2.02      | 1.37      | 0.0       | 1.0       | 2.0       | 3.0       | 5.0
Recovered        | 452.95    | 9.54      | 434.0     | 446.75    | 451.0     | 460.0     | 475.0
Dead             | 0.0       | 0.0       | 0.0       | 0.0       | 0.0       | 0.0       | 0.0
Same day other   | 0.62      | 0.9       | 0.0       | 0.0       | 0.0       | 1.0       | 4.0
Infected         | 8.73      | 3.25      | 2.0       | 7.0       | 8.0       | 11.0      | 19.0

Infection rate (standing): 13.69%

Expected vs Observed (standing):
Metric           | Mean      | Std       | Min       | P25       | Median    | P75       | Max
-----------------------------------------------------------------------------------------------
Expected         | 18.56     | 2.73      | 12.24     | 16.14     | 18.84     | 20.52     | 24.61
Std              | 3.61      | 0.22      | 3.03      | 3.41      | 3.64      | 3.76      | 4.08
Z-score          | -2.71     | 0.84      | -4.06     | -3.35     | -2.8      | -2.15     | -0.58

Per-generation breakdown (sitting):
Generation 1     | 1.15      | 1.15      | 0.0       | 0.0       | 1.0       | 2.0       | 5.0
Generation 2     | 0.28      | 0.72      | 0.0       | 0.0       | 0.0       | 0.0       | 4.0
Generation 3     | 0.05      | 0.22      | 0.0       | 0.0       | 0.0       | 0.0       | 1.0

Per-generation breakdown (standing):
Generation 1     | 3.2       | 2.07      | 0.0       | 1.75      | 3.0       | 4.0       | 9.0
Generation 2     | 0.53      | 0.81      | 0.0       | 0.0       | 0.0       | 1.0       | 4.0
Generation 3     | 0.03      | 0.18      | 0.0       | 0.0       | 0.0       | 0.0       | 1.0


##############################
### Concert Day 80
##############################

--- Global Epidemic Metrics ---
Metric           | Mean      | Std       | Min       | P25       | Median    | P75       | Max
-----------------------------------------------------------------------------------------------
Total infected   | 405128.58 | 183.29    | 404649.0  | 405034.75 | 405119.0  | 405268.0  | 405583.0
Attack rate      | 93.23     | 0.04      | 93.12     | 93.21     | 93.23     | 93.26     | 93.34
R0               | 3.05      | 0.02      | 3.02      | 3.04      | 3.06      | 3.07      | 3.1
Infectious pop   | 25048.22  | 1465.52   | 21121.0   | 24342.25  | 24963.0   | 25934.75  | 29154.0

--- Sitting (occupation 1) ---
Metric           | Mean      | Std       | Min       | P25       | Median    | P75       | Max
-----------------------------------------------------------------------------------------------
Susceptible      | 62.52     | 7.31      | 46.0      | 57.75     | 62.5      | 67.25     | 80.0
Infectious       | 52.72     | 6.66      | 32.0      | 48.0      | 53.0      | 57.0      | 65.0
Exposed          | 2.37      | 1.8       | 0.0       | 1.0       | 2.0       | 3.25      | 8.0
Recovered        | 464.9     | 8.92      | 440.0     | 460.75    | 464.5     | 470.0     | 484.0
Dead             | 0.0       | 0.0       | 0.0       | 0.0       | 0.0       | 0.0       | 0.0
Same day other   | 0.5       | 0.81      | 0.0       | 0.0       | 0.0       | 1.0       | 4.0
Infected         | 3.05      | 1.95      | 0.0       | 2.0       | 3.0       | 4.0       | 8.0

Infection rate (sitting): 4.88%

Expected vs Observed (sitting):
Metric           | Mean      | Std       | Min       | P25       | Median    | P75       | Max
-----------------------------------------------------------------------------------------------
Expected         | 6.82      | 1.08      | 4.41      | 6.22      | 6.82      | 7.29      | 10.24
Std              | 2.46      | 0.18      | 2.03      | 2.36      | 2.46      | 2.55      | 2.98
Z-score          | -1.53     | 0.73      | -3.23     | -2.03     | -1.68     | -1.14     | 0.18

--- Standing (occupation 2) ---
Metric           | Mean      | Std       | Min       | P25       | Median    | P75       | Max
-----------------------------------------------------------------------------------------------
Susceptible      | 62.77     | 6.78      | 48.0      | 57.75     | 63.0      | 68.0      | 78.0
Infectious       | 51.57     | 5.99      | 41.0      | 46.75     | 52.0      | 55.25     | 65.0
Exposed          | 2.1       | 1.51      | 0.0       | 1.0       | 2.0       | 3.0       | 6.0
Recovered        | 459.05    | 7.48      | 441.0     | 453.75    | 459.0     | 463.25    | 480.0
Dead             | 0.0       | 0.0       | 0.0       | 0.0       | 0.0       | 0.0       | 0.0
Same day other   | 0.52      | 0.57      | 0.0       | 0.0       | 0.0       | 1.0       | 2.0
Infected         | 8.12      | 3.22      | 1.0       | 5.75      | 8.5       | 10.0      | 16.0

Infection rate (standing): 12.93%

Expected vs Observed (standing):
Metric           | Mean      | Std       | Min       | P25       | Median    | P75       | Max
-----------------------------------------------------------------------------------------------
Expected         | 16.88     | 2.01      | 11.32     | 15.78     | 16.83     | 17.99     | 22.3
Std              | 3.5       | 0.18      | 2.94      | 3.4       | 3.52      | 3.63      | 3.93
Z-score          | -2.49     | 0.94      | -4.65     | -3.22     | -2.34     | -1.87     | -0.29

Per-generation breakdown (sitting):
Generation 1     | 1.3       | 1.43      | 0.0       | 0.0       | 1.0       | 2.0       | 7.0
Generation 2     | 0.2       | 0.55      | 0.0       | 0.0       | 0.0       | 0.0       | 3.0
Generation 3     | 0.12      | 0.45      | 0.0       | 0.0       | 0.0       | 0.0       | 3.0

Per-generation breakdown (standing):
Generation 1     | 3.25      | 2.03      | 0.0       | 1.75      | 3.0       | 5.0       | 8.0
Generation 2     | 0.48      | 0.7       | 0.0       | 0.0       | 0.0       | 1.0       | 2.0
Generation 3     | 0.1       | 0.3       | 0.0       | 0.0       | 0.0       | 0.0       | 1.0
