=== Concert Analysis ===


##############################
### Concert Day 60
##############################

--- Global Epidemic Metrics ---
Metric           | Mean      | Std       | Min       | P25       | Median    | P75       | Max
-----------------------------------------------------------------------------------------------
Total infected   | 199483.4  | 3508.18   | 193144.0  | 197362.25 | 199741.5  | 201011.75 | 204399.0
Attack rate      | 45.91     | 0.81      | 44.45     | 45.42     | 45.97     | 46.26     | 47.04
R0               | 1.39      | 0.05      | 1.32      | 1.36      | 1.39      | 1.42      | 1.48
Infectious pop   | 698.0     | 634.44    | 13.0      | 173.0     | 554.5     | 1100.5    | 1889.0

--- Sitting (occupation 1) ---
Metric           | Mean      | Std       | Min       | P25       | Median    | P75       | Max
-----------------------------------------------------------------------------------------------
Susceptible      | 579.4     | 3.69      | 571.0     | 578.0     | 580.0     | 582.0     | 583.0
Infectious       | 1.0       | 1.05      | 0.0       | 0.0       | 1.0       | 1.75      | 3.0
Exposed          | 0.5       | 0.71      | 0.0       | 0.0       | 0.0       | 1.0       | 2.0
Recovered        | 2.1       | 2.85      | 0.0       | 0.0       | 1.0       | 3.0       | 9.0
Dead             | 0.0       | 0.0       | 0.0       | 0.0       | 0.0       | 0.0       | 0.0
Same day other   | 0.0       | 0.0       | 0.0       | 0.0       | 0.0       | 0.0       | 0.0
Infected         | 0.9       | 1.45      | 0.0       | 0.0       | 0.0       | 1.0       | 4.0

Infection rate (sitting): 0.16%

Expected vs Observed (sitting):
Metric           | Mean      | Std       | Min       | P25       | Median    | P75       | Max
-----------------------------------------------------------------------------------------------
Expected         | 1.19      | 1.25      | 0.0       | 0.0       | 1.19      | 2.06      | 3.56
Std              | 0.82      | 0.75      | 0.0       | 0.0       | 1.09      | 1.42      | 1.88
Z-score          | -0.23     | 0.6       | -1.54     | -0.18     | 0.0       | 0.0       | 0.41

--- Standing (occupation 2) ---
Metric           | Mean      | Std       | Min       | P25       | Median    | P75       | Max
-----------------------------------------------------------------------------------------------
Susceptible      | 571.6     | 3.81      | 564.0     | 569.5     | 573.0     | 574.75    | 575.0
Infectious       | 1.1       | 1.2       | 0.0       | 0.0       | 1.0       | 1.75      | 3.0
Exposed          | 1.1       | 1.97      | 0.0       | 0.0       | 0.0       | 1.0       | 6.0
Recovered        | 2.1       | 1.45      | 1.0       | 1.0       | 1.5       | 2.75      | 5.0
Dead             | 0.0       | 0.0       | 0.0       | 0.0       | 0.0       | 0.0       | 0.0
Same day other   | 0.1       | 0.32      | 0.0       | 0.0       | 0.0       | 0.0       | 1.0
Infected         | 2.3       | 2.75      | 0.0       | 0.0       | 2.5       | 3.0       | 9.0

Infection rate (standing): 0.4%

Expected vs Observed (standing):
Metric           | Mean      | Std       | Min       | P25       | Median    | P75       | Max
-----------------------------------------------------------------------------------------------
Expected         | 3.88      | 4.2       | 0.0       | 0.0       | 3.57      | 6.2       | 10.55
Std              | 1.47      | 1.36      | 0.0       | 0.0       | 1.88      | 2.45      | 3.22
Z-score          | -0.56     | 0.87      | -2.65     | -0.44     | -0.3      | 0.0       | 0.0

Per-generation breakdown (sitting):
Generation 1     | 1.3       | 2.67      | 0.0       | 0.0       | 0.0       | 0.75      | 8.0
Generation 2     | 1.6       | 3.66      | 0.0       | 0.0       | 0.0       | 0.0       | 11.0
Generation 3     | 2.9       | 6.23      | 0.0       | 0.0       | 0.0       | 0.0       | 17.0
Generation 4     | 3.5       | 8.89      | 0.0       | 0.0       | 0.0       | 0.0       | 28.0
Generation 5     | 4.1       | 9.34      | 0.0       | 0.0       | 0.0       | 0.0       | 28.0
Generation 6     | 6.1       | 13.12     | 0.0       | 0.0       | 0.0       | 0.0       | 36.0
Generation 7     | 6.9       | 14.78     | 0.0       | 0.0       | 0.0       | 0.0       | 40.0
Generation 8     | 7.2       | 15.64     | 0.0       | 0.0       | 0.0       | 0.0       | 44.0
Generation 9     | 6.6       | 15.02     | 0.0       | 0.0       | 0.0       | 0.0       | 45.0
Generation 10    | 7.1       | 16.26     | 0.0       | 0.0       | 0.0       | 0.0       | 49.0
Generation 11    | 7.3       | 16.84     | 0.0       | 0.0       | 0.0       | 0.0       | 51.0
Generation 12    | 8.1       | 18.76     | 0.0       | 0.0       | 0.0       | 0.0       | 57.0
Generation 13    | 6.8       | 16.2      | 0.0       | 0.0       | 0.0       | 0.0       | 50.0
Generation 14    | 4.6       | 11.0      | 0.0       | 0.0       | 0.0       | 0.0       | 34.0
Generation 15    | 3.2       | 6.81      | 0.0       | 0.0       | 0.0       | 0.0       | 18.0
Generation 16    | 2.8       | 6.2       | 0.0       | 0.0       | 0.0       | 0.0       | 18.0
Generation 17    | 1.3       | 3.2       | 0.0       | 0.0       | 0.0       | 0.0       | 10.0
Generation 18    | 1.9       | 5.04      | 0.0       | 0.0       | 0.0       | 0.0       | 16.0
Generation 19    | 2.1       | 6.3       | 0.0       | 0.0       | 0.0       | 0.0       | 20.0
Generation 20    | 1.7       | 5.38      | 0.0       | 0.0       | 0.0       | 0.0       | 17.0
Generation 21    | 1.5       | 4.74      | 0.0       | 0.0       | 0.0       | 0.0       | 15.0
Generation 22    | 0.5       | 1.58      | 0.0       | 0.0       | 0.0       | 0.0       | 5.0
Generation 23    | 0.4       | 1.26      | 0.0       | 0.0       | 0.0       | 0.0       | 4.0
Generation 24    | 0.2       | 0.63      | 0.0       | 0.0       | 0.0       | 0.0       | 2.0
Generation 25    | 0.5       | 1.58      | 0.0       | 0.0       | 0.0       | 0.0       | 5.0
Generation 26    | 0.4       | 1.26      | 0.0       | 0.0       | 0.0       | 0.0       | 4.0
Generation 27    | 0.2       | 0.63      | 0.0       | 0.0       | 0.0       | 0.0       | 2.0

Per-generation breakdown (standing):
Generation 1     | 1.9       | 2.28      | 0.0       | 0.0       | 1.5       | 2.75      | 7.0
Generation 2     | 2.2       | 3.08      | 0.0       | 0.0       | 0.5       | 3.5       | 8.0
Generation 3     | 2.3       | 3.09      | 0.0       | 0.0       | 0.0       | 5.0       | 8.0
Generation 4     | 3.1       | 4.33      | 0.0       | 0.0       | 0.0       | 6.25      | 10.0
Generation 5     | 5.2       | 7.61      | 0.0       | 0.0       | 0.0       | 9.5       | 22.0
Generation 6     | 7.7       | 10.29     | 0.0       | 0.0       | 0.0       | 16.75     | 26.0
Generation 7     | 8.0       | 10.72     | 0.0       | 0.0       | 0.0       | 16.5      | 26.0
Generation 8     | 7.5       | 10.12     | 0.0       | 0.0       | 0.0       | 16.5      | 24.0
Generation 9     | 8.9       | 12.19     | 0.0       | 0.0       | 0.0       | 19.75     | 30.0
Generation 10    | 8.9       | 12.34     | 0.0       | 0.0       | 0.0       | 20.75     | 29.0
Generation 11    | 10.0      | 15.39     | 0.0       | 0.0       | 0.0       | 16.5      | 43.0
Generation 12    | 10.3      | 18.9      | 0.0       | 0.0       | 0.0       | 14.75     | 60.0
Generation 13    | 8.5       | 14.69     | 0.0       | 0.0       | 0.0       | 12.5      | 46.0
Generation 14    | 6.4       | 12.33     | 0.0       | 0.0       | 0.0       | 5.75      | 39.0
Generation 15    | 5.4       | 10.91     | 0.0       | 0.0       | 0.0       | 6.75      | 35.0
Generation 16    | 4.9       | 10.83     | 0.0       | 0.0       | 0.0       | 4.5       | 35.0
Generation 17    | 4.9       | 12.8      | 0.0       | 0.0       | 0.0       | 2.25      | 41.0
Generation 18    | 4.3       | 10.02     | 0.0       | 0.0       | 0.0       | 3.0       | 32.0
Generation 19    | 3.2       | 7.39      | 0.0       | 0.0       | 0.0       | 0.75      | 23.0
Generation 20    | 2.7       | 5.7       | 0.0       | 0.0       | 0.0       | 0.0       | 14.0
Generation 21    | 1.6       | 3.5       | 0.0       | 0.0       | 0.0       | 0.0       | 10.0
Generation 22    | 1.3       | 3.2       | 0.0       | 0.0       | 0.0       | 0.0       | 10.0
Generation 23    | 0.7       | 2.21      | 0.0       | 0.0       | 0.0       | 0.0       | 7.0
Generation 24    | 1.2       | 3.79      | 0.0       | 0.0       | 0.0       | 0.0       | 12.0
Generation 25    | 1.1       | 3.48      | 0.0       | 0.0       | 0.0       | 0.0       | 11.0
Generation 26    | 0.5       | 1.58      | 0.0       | 0.0       | 0.0       | 0.0       | 5.0
Generation 27    | 0.5       | 1.58      | 0.0       | 0.0       | 0.0       | 0.0       | 5.0
Generation 28    | 0.6       | 1.9       | 0.0       | 0.0       | 0.0       | 0.0       | 6.0
Generation 29    | 0.5       | 1.58      | 0.0       | 0.0       | 0.0       | 0.0       | 5.0
Generation 30    | 0.4       | 1.26      | 0.0       | 0.0       | 0.0       | 0.0       | 4.0
Generation 31    | 0.2       | 0.63      | 0.0       | 0.0       | 0.0       | 0.0       | 2.0


##############################
### Concert Day 70
##############################

--- Global Epidemic Metrics ---
Metric           | Mean      | Std       | Min       | P25       | Median    | P75       | Max
-----------------------------------------------------------------------------------------------
Total infected   | 197556.7  | 11316.89  | 166391.0  | 197643.75 | 201615.0  | 202270.0  | 205174.0
Attack rate      | 45.47     | 2.6       | 38.3      | 45.49     | 46.4      | 46.55     | 47.22
R0               | 1.38      | 0.06      | 1.26      | 1.35      | 1.37      | 1.41      | 1.49
Infectious pop   | 1265.7    | 1072.4    | 27.0      | 310.25    | 1210.0    | 1757.75   | 3240.0

--- Sitting (occupation 1) ---
Metric           | Mean      | Std       | Min       | P25       | Median    | P75       | Max
-----------------------------------------------------------------------------------------------
Susceptible      | 575.2     | 7.04      | 563.0     | 570.25    | 577.0     | 581.5     | 583.0
Infectious       | 1.8       | 2.04      | 0.0       | 0.0       | 1.0       | 3.75      | 5.0
Exposed          | 0.7       | 1.34      | 0.0       | 0.0       | 0.0       | 0.75      | 4.0
Recovered        | 5.0       | 4.76      | 0.0       | 1.5       | 4.0       | 8.5       | 14.0
Dead             | 0.0       | 0.0       | 0.0       | 0.0       | 0.0       | 0.0       | 0.0
Same day other   | 0.3       | 0.48      | 0.0       | 0.0       | 0.0       | 0.75      | 1.0
Infected         | 1.9       | 2.18      | 0.0       | 0.0       | 1.0       | 3.75      | 5.0

Infection rate (sitting): 0.33%

Expected vs Observed (sitting):
Metric           | Mean      | Std       | Min       | P25       | Median    | P75       | Max
-----------------------------------------------------------------------------------------------
Expected         | 2.1       | 2.38      | 0.0       | 0.0       | 1.19      | 4.35      | 5.82
Std              | 1.01      | 1.09      | 0.0       | 0.0       | 0.77      | 2.07      | 2.4
Z-score          | -0.04     | 0.72      | -1.23     | -0.31     | 0.0       | 0.0       | 1.71

--- Standing (occupation 2) ---
Metric           | Mean      | Std       | Min       | P25       | Median    | P75       | Max
-----------------------------------------------------------------------------------------------
Susceptible      | 570.5     | 4.65      | 563.0     | 567.75    | 570.5     | 574.75    | 576.0
Infectious       | 1.6       | 1.65      | 0.0       | 0.0       | 1.5       | 2.75      | 4.0
Exposed          | 0.7       | 1.06      | 0.0       | 0.0       | 0.0       | 1.0       | 3.0
Recovered        | 3.2       | 2.86      | 0.0       | 1.0       | 2.0       | 5.5       | 8.0
Dead             | 0.0       | 0.0       | 0.0       | 0.0       | 0.0       | 0.0       | 0.0
Same day other   | 0.0       | 0.0       | 0.0       | 0.0       | 0.0       | 0.0       | 0.0
Infected         | 3.6       | 4.3       | 0.0       | 0.0       | 2.5       | 5.0       | 11.0

Infection rate (standing): 0.63%

Expected vs Observed (standing):
Metric           | Mean      | Std       | Min       | P25       | Median    | P75       | Max
-----------------------------------------------------------------------------------------------
Expected         | 5.62      | 5.75      | 0.0       | 0.0       | 5.31      | 9.73      | 13.95
Std              | 1.78      | 1.62      | 0.0       | 0.0       | 2.26      | 3.08      | 3.69
Z-score          | -0.71     | 0.72      | -1.89     | -1.0      | -0.79     | 0.0       | 0.0

Per-generation breakdown (sitting):
Generation 1     | 2.6       | 3.31      | 0.0       | 0.0       | 1.0       | 4.5       | 8.0
Generation 2     | 3.8       | 6.37      | 0.0       | 0.0       | 0.5       | 5.25      | 20.0
Generation 3     | 4.3       | 7.9       | 0.0       | 0.0       | 0.0       | 6.0       | 25.0
Generation 4     | 5.2       | 8.08      | 0.0       | 0.0       | 0.0       | 7.75      | 24.0
Generation 5     | 6.8       | 9.59      | 0.0       | 0.0       | 0.0       | 14.75     | 24.0
Generation 6     | 7.7       | 11.88     | 0.0       | 0.0       | 0.0       | 17.25     | 29.0
Generation 7     | 9.9       | 15.07     | 0.0       | 0.0       | 0.0       | 20.25     | 39.0
Generation 8     | 10.9      | 17.82     | 0.0       | 0.0       | 0.0       | 15.0      | 54.0
Generation 9     | 12.3      | 26.48     | 0.0       | 0.0       | 0.0       | 9.75      | 85.0
Generation 10    | 13.9      | 30.21     | 0.0       | 0.0       | 0.0       | 11.0      | 96.0
Generation 11    | 14.0      | 29.54     | 0.0       | 0.0       | 0.0       | 15.5      | 94.0
Generation 12    | 14.9      | 34.33     | 0.0       | 0.0       | 0.0       | 13.75     | 110.0
Generation 13    | 14.6      | 34.04     | 0.0       | 0.0       | 0.0       | 10.75     | 109.0
Generation 14    | 13.8      | 35.94     | 0.0       | 0.0       | 0.0       | 5.25      | 115.0
Generation 15    | 10.2      | 27.82     | 0.0       | 0.0       | 0.0       | 4.5       | 89.0
Generation 16    | 8.4       | 22.87     | 0.0       | 0.0       | 0.0       | 1.5       | 73.0
Generation 17    | 7.5       | 19.8      | 0.0       | 0.0       | 0.0       | 0.75      | 63.0
Generation 18    | 5.7       | 15.13     | 0.0       | 0.0       | 0.0       | 0.0       | 48.0
Generation 19    | 5.5       | 14.23     | 0.0       | 0.0       | 0.0       | 0.0       | 45.0
Generation 20    | 3.9       | 9.36      | 0.0       | 0.0       | 0.0       | 0.0       | 29.0
Generation 21    | 2.9       | 7.87      | 0.0       | 0.0       | 0.0       | 0.0       | 25.0
Generation 22    | 2.6       | 7.23      | 0.0       | 0.0       | 0.0       | 0.0       | 23.0
Generation 23    | 1.2       | 3.16      | 0.0       | 0.0       | 0.0       | 0.0       | 10.0
Generation 24    | 1.2       | 3.16      | 0.0       | 0.0       | 0.0       | 0.0       | 10.0
Generation 25    | 0.8       | 2.2       | 0.0       | 0.0       | 0.0       | 0.0       | 7.0
Generation 26    | 0.5       | 1.27      | 0.0       | 0.0       | 0.0       | 0.0       | 4.0
Generation 27    | 0.3       | 0.95      | 0.0       | 0.0       | 0.0       | 0.0       | 3.0
Generation 28    | 0.2       | 0.63      | 0.0       | 0.0       | 0.0       | 0.0       | 2.0
Generation 29    | 0.1       | 0.32      | 0.0       | 0.0       | 0.0       | 0.0       | 1.0

Per-generation breakdown (standing):
Generation 1     | 5.4       | 7.47      | 0.0       | 0.0       | 2.0       | 7.0       | 22.0
Generation 2     | 5.7       | 9.1       | 0.0       | 0.0       | 1.0       | 8.75      | 29.0
Generation 3     | 6.5       | 11.32     | 0.0       | 0.0       | 2.5       | 7.5       | 37.0
Generation 4     | 6.9       | 10.7      | 0.0       | 0.0       | 1.5       | 10.75     | 32.0
Generation 5     | 8.2       | 12.59     | 0.0       | 0.0       | 2.5       | 10.75     | 39.0
Generation 6     | 11.0      | 17.3      | 0.0       | 0.0       | 1.5       | 16.75     | 53.0
Generation 7     | 10.2      | 15.2      | 0.0       | 0.0       | 1.5       | 20.75     | 41.0
Generation 8     | 10.5      | 15.43     | 0.0       | 0.0       | 0.0       | 22.25     | 36.0
Generation 9     | 12.1      | 17.87     | 0.0       | 0.0       | 0.0       | 21.0      | 44.0
Generation 10    | 13.9      | 22.77     | 0.0       | 0.0       | 0.0       | 18.5      | 66.0
Generation 11    | 12.8      | 22.83     | 0.0       | 0.0       | 0.0       | 12.5      | 68.0
Generation 12    | 11.9      | 23.4      | 0.0       | 0.0       | 0.0       | 11.0      | 72.0
Generation 13    | 10.1      | 21.17     | 0.0       | 0.0       | 0.0       | 8.75      | 67.0
Generation 14    | 9.8       | 21.52     | 0.0       | 0.0       | 0.0       | 7.0       | 69.0
Generation 15    | 7.0       | 16.82     | 0.0       | 0.0       | 0.0       | 3.5       | 54.0
Generation 16    | 6.0       | 15.25     | 0.0       | 0.0       | 0.0       | 3.25      | 49.0
Generation 17    | 3.8       | 9.74      | 0.0       | 0.0       | 0.0       | 0.75      | 31.0
Generation 18    | 3.2       | 7.51      | 0.0       | 0.0       | 0.0       | 0.0       | 23.0
Generation 19    | 2.2       | 5.01      | 0.0       | 0.0       | 0.0       | 0.0       | 15.0
Generation 20    | 2.3       | 4.9       | 0.0       | 0.0       | 0.0       | 0.0       | 13.0
Generation 21    | 2.1       | 4.48      | 0.0       | 0.0       | 0.0       | 0.0       | 12.0
Generation 22    | 1.5       | 3.17      | 0.0       | 0.0       | 0.0       | 0.0       | 8.0
Generation 23    | 1.2       | 2.57      | 0.0       | 0.0       | 0.0       | 0.0       | 7.0
Generation 24    | 0.9       | 1.91      | 0.0       | 0.0       | 0.0       | 0.0       | 5.0
Generation 25    | 0.3       | 0.67      | 0.0       | 0.0       | 0.0       | 0.0       | 2.0
Generation 26    | 0.2       | 0.63      | 0.0       | 0.0       | 0.0       | 0.0       | 2.0
Generation 27    | 0.1       | 0.32      | 0.0       | 0.0       | 0.0       | 0.0       | 1.0
Generation 28    | 0.2       | 0.63      | 0.0       | 0.0       | 0.0       | 0.0       | 2.0
Generation 29    | 0.1       | 0.32      | 0.0       | 0.0       | 0.0       | 0.0       | 1.0
Generation 30    | 0.1       | 0.32      | 0.0       | 0.0       | 0.0       | 0.0       | 1.0
Generation 31    | 0.2       | 0.63      | 0.0       | 0.0       | 0.0       | 0.0       | 2.0
Generation 32    | 0.1       | 0.32      | 0.0       | 0.0       | 0.0       | 0.0       | 1.0


##############################
### Concert Day 80
##############################

--- Global Epidemic Metrics ---
Metric           | Mean      | Std       | Min       | P25       | Median    | P75       | Max
-----------------------------------------------------------------------------------------------
Total infected   | 180477.2  | 63519.5   | 36.0      | 196675.0  | 199541.0  | 202952.75 | 207138.0
Attack rate      | 41.54     | 14.62     | 0.02      | 45.27     | 45.92     | 46.71     | 47.67
R0               | 1.2       | 0.42      | 0.0       | 1.28      | 1.33      | 1.35      | 1.41
Infectious pop   | 879.4     | 890.02    | 0.0       | 212.75    | 680.0     | 1073.25   | 2811.0

--- Sitting (occupation 1) ---
Metric           | Mean      | Std       | Min       | P25       | Median    | P75       | Max
-----------------------------------------------------------------------------------------------
Susceptible      | 577.2     | 4.64      | 569.0     | 574.25    | 577.0     | 581.0     | 583.0
Infectious       | 1.2       | 1.14      | 0.0       | 0.0       | 1.5       | 2.0       | 3.0
Exposed          | 0.5       | 0.71      | 0.0       | 0.0       | 0.0       | 1.0       | 2.0
Recovered        | 3.9       | 3.07      | 0.0       | 1.25      | 3.5       | 6.0       | 9.0
Dead             | 0.0       | 0.0       | 0.0       | 0.0       | 0.0       | 0.0       | 0.0
Same day other   | 0.2       | 0.42      | 0.0       | 0.0       | 0.0       | 0.0       | 1.0
Infected         | 1.6       | 2.01      | 0.0       | 0.0       | 1.0       | 2.0       | 6.0

Infection rate (sitting): 0.28%

Expected vs Observed (sitting):
Metric           | Mean      | Std       | Min       | P25       | Median    | P75       | Max
-----------------------------------------------------------------------------------------------
Expected         | 1.42      | 1.34      | 0.0       | 0.0       | 1.77      | 2.37      | 3.53
Std              | 0.91      | 0.8       | 0.0       | 0.0       | 1.31      | 1.53      | 1.87
Z-score          | 0.09      | 0.64      | -0.88     | -0.22     | 0.0       | 0.0       | 1.32

--- Standing (occupation 2) ---
Metric           | Mean      | Std       | Min       | P25       | Median    | P75       | Max
-----------------------------------------------------------------------------------------------
Susceptible      | 570.8     | 6.97      | 553.0     | 569.5     | 573.0     | 575.5     | 576.0
Infectious       | 1.2       | 2.1       | 0.0       | 0.0       | 0.0       | 1.0       | 6.0
Exposed          | 0.7       | 0.95      | 0.0       | 0.0       | 0.5       | 1.0       | 3.0
Recovered        | 2.8       | 3.99      | 0.0       | 0.0       | 1.5       | 4.0       | 13.0
Dead             | 0.0       | 0.0       | 0.0       | 0.0       | 0.0       | 0.0       | 0.0
Same day other   | 0.5       | 0.71      | 0.0       | 0.0       | 0.0       | 1.0       | 2.0
Infected         | 3.7       | 7.38      | 0.0       | 0.0       | 0.0       | 3.25      | 23.0

Infection rate (standing): 0.65%

Expected vs Observed (standing):
Metric           | Mean      | Std       | Min       | P25       | Median    | P75       | Max
-----------------------------------------------------------------------------------------------
Expected         | 4.16      | 7.19      | 0.0       | 0.0       | 0.0       | 3.58      | 20.39
Std              | 1.19      | 1.71      | 0.0       | 0.0       | 0.0       | 1.89      | 4.43
Z-score          | -0.19     | 0.64      | -1.36     | 0.0       | 0.0       | 0.0       | 0.59

Per-generation breakdown (sitting):
Generation 1     | 1.3       | 1.49      | 0.0       | 0.0       | 0.5       | 3.0       | 3.0
Generation 2     | 1.4       | 1.96      | 0.0       | 0.0       | 0.0       | 2.75      | 5.0
Generation 3     | 1.1       | 1.73      | 0.0       | 0.0       | 0.0       | 1.75      | 5.0
Generation 4     | 1.9       | 2.81      | 0.0       | 0.0       | 0.0       | 3.0       | 8.0
Generation 5     | 2.6       | 3.86      | 0.0       | 0.0       | 0.0       | 5.25      | 11.0
Generation 6     | 2.9       | 3.9       | 0.0       | 0.0       | 0.0       | 6.0       | 10.0
Generation 7     | 4.2       | 5.61      | 0.0       | 0.0       | 0.0       | 9.5       | 14.0
Generation 8     | 4.2       | 5.77      | 0.0       | 0.0       | 0.0       | 9.0       | 14.0
Generation 9     | 5.0       | 8.3       | 0.0       | 0.0       | 0.0       | 7.75      | 26.0
Generation 10    | 7.1       | 11.36     | 0.0       | 0.0       | 0.0       | 11.5      | 35.0
Generation 11    | 5.7       | 9.55      | 0.0       | 0.0       | 0.0       | 10.0      | 29.0
Generation 12    | 4.8       | 8.32      | 0.0       | 0.0       | 0.0       | 7.25      | 25.0
Generation 13    | 4.8       | 9.45      | 0.0       | 0.0       | 0.0       | 5.25      | 29.0
Generation 14    | 3.9       | 6.71      | 0.0       | 0.0       | 0.0       | 6.0       | 18.0
Generation 15    | 3.6       | 6.26      | 0.0       | 0.0       | 0.0       | 5.25      | 17.0
Generation 16    | 3.0       | 5.1       | 0.0       | 0.0       | 0.0       | 4.5       | 12.0
Generation 17    | 2.2       | 3.61      | 0.0       | 0.0       | 0.0       | 4.5       | 9.0
Generation 18    | 2.1       | 3.78      | 0.0       | 0.0       | 0.0       | 3.0       | 11.0
Generation 19    | 2.2       | 3.55      | 0.0       | 0.0       | 0.0       | 5.25      | 8.0
Generation 20    | 1.3       | 2.21      | 0.0       | 0.0       | 0.0       | 2.25      | 6.0
Generation 21    | 1.1       | 2.08      | 0.0       | 0.0       | 0.0       | 0.75      | 5.0
Generation 22    | 0.7       | 1.34      | 0.0       | 0.0       | 0.0       | 0.75      | 4.0
Generation 23    | 0.2       | 0.63      | 0.0       | 0.0       | 0.0       | 0.0       | 2.0
Generation 24    | 0.3       | 0.95      | 0.0       | 0.0       | 0.0       | 0.0       | 3.0
Generation 25    | 0.5       | 1.58      | 0.0       | 0.0       | 0.0       | 0.0       | 5.0
Generation 26    | 0.4       | 1.26      | 0.0       | 0.0       | 0.0       | 0.0       | 4.0
Generation 27    | 0.1       | 0.32      | 0.0       | 0.0       | 0.0       | 0.0       | 1.0

Per-generation breakdown (standing):
Generation 1     | 5.0       | 9.8       | 0.0       | 0.0       | 0.0       | 3.25      | 29.0
Generation 2     | 5.4       | 11.85     | 0.0       | 0.0       | 0.0       | 1.5       | 36.0
Generation 3     | 7.1       | 15.37     | 0.0       | 0.0       | 0.0       | 4.5       | 48.0
Generation 4     | 7.9       | 17.83     | 0.0       | 0.0       | 0.0       | 3.75      | 56.0
Generation 5     | 8.3       | 19.21     | 0.0       | 0.0       | 0.0       | 2.25      | 60.0
Generation 6     | 9.9       | 22.29     | 0.0       | 0.0       | 0.0       | 3.0       | 69.0
Generation 7     | 8.8       | 18.3      | 0.0       | 0.0       | 0.0       | 4.5       | 55.0
Generation 8     | 9.6       | 20.04     | 0.0       | 0.0       | 0.0       | 4.5       | 60.0
Generation 9     | 10.5      | 22.18     | 0.0       | 0.0       | 0.0       | 6.0       | 68.0
Generation 10    | 10.8      | 21.69     | 0.0       | 0.0       | 0.0       | 4.5       | 60.0
Generation 11    | 9.3       | 18.63     | 0.0       | 0.0       | 0.0       | 3.0       | 47.0
Generation 12    | 8.3       | 17.99     | 0.0       | 0.0       | 0.0       | 2.25      | 54.0
Generation 13    | 6.3       | 14.06     | 0.0       | 0.0       | 0.0       | 3.0       | 44.0
Generation 14    | 4.0       | 8.79      | 0.0       | 0.0       | 0.0       | 4.5       | 28.0
Generation 15    | 3.1       | 7.81      | 0.0       | 0.0       | 0.0       | 1.5       | 25.0
Generation 16    | 2.9       | 7.49      | 0.0       | 0.0       | 0.0       | 1.5       | 24.0
Generation 17    | 2.4       | 5.97      | 0.0       | 0.0       | 0.0       | 0.75      | 19.0
Generation 18    | 2.3       | 5.95      | 0.0       | 0.0       | 0.0       | 0.75      | 19.0
Generation 19    | 2.8       | 6.92      | 0.0       | 0.0       | 0.0       | 0.75      | 22.0
Generation 20    | 1.9       | 4.53      | 0.0       | 0.0       | 0.0       | 0.0       | 14.0
Generation 21    | 1.5       | 3.57      | 0.0       | 0.0       | 0.0       | 0.0       | 11.0
Generation 22    | 0.9       | 2.23      | 0.0       | 0.0       | 0.0       | 0.0       | 7.0
Generation 23    | 0.4       | 1.26      | 0.0       | 0.0       | 0.0       | 0.0       | 4.0
Generation 24    | 0.2       | 0.63      | 0.0       | 0.0       | 0.0       | 0.0       | 2.0


##############################
### Concert Day 90
##############################

--- Global Epidemic Metrics ---
Metric           | Mean      | Std       | Min       | P25       | Median    | P75       | Max
-----------------------------------------------------------------------------------------------
Total infected   | 181554.7  | 63747.77  | 376.0     | 198494.0  | 200563.0  | 203797.75 | 208007.0
Attack rate      | 41.79     | 14.67     | 0.1       | 45.68     | 46.16     | 46.9      | 47.87
R0               | 1.37      | 0.09      | 1.3       | 1.33      | 1.34      | 1.36      | 1.62
Infectious pop   | 425.9     | 387.6     | 9.0       | 186.0     | 255.0     | 707.75    | 1129.0

--- Sitting (occupation 1) ---
Metric           | Mean      | Std       | Min       | P25       | Median    | P75       | Max
-----------------------------------------------------------------------------------------------
Susceptible      | 580.5     | 2.17      | 576.0     | 579.5     | 581.0     | 582.0     | 583.0
Infectious       | 0.3       | 0.48      | 0.0       | 0.0       | 0.0       | 0.75      | 1.0
Exposed          | 0.1       | 0.32      | 0.0       | 0.0       | 0.0       | 0.0       | 1.0
Recovered        | 2.0       | 1.83      | 0.0       | 1.0       | 2.0       | 2.0       | 6.0
Dead             | 0.0       | 0.0       | 0.0       | 0.0       | 0.0       | 0.0       | 0.0
Same day other   | 0.1       | 0.32      | 0.0       | 0.0       | 0.0       | 0.0       | 1.0
Infected         | 0.1       | 0.32      | 0.0       | 0.0       | 0.0       | 0.0       | 1.0

Infection rate (sitting): 0.02%

Expected vs Observed (sitting):
Metric           | Mean      | Std       | Min       | P25       | Median    | P75       | Max
-----------------------------------------------------------------------------------------------
Expected         | 0.36      | 0.57      | 0.0       | 0.0       | 0.0       | 0.89      | 1.19
Std              | 0.33      | 0.53      | 0.0       | 0.0       | 0.0       | 0.82      | 1.09
Z-score          | -0.24     | 0.45      | -1.09     | -0.13     | 0.0       | 0.0       | 0.0

--- Standing (occupation 2) ---
Metric           | Mean      | Std       | Min       | P25       | Median    | P75       | Max
-----------------------------------------------------------------------------------------------
Susceptible      | 574.1     | 1.52      | 571.0     | 573.25    | 574.0     | 575.0     | 576.0
Infectious       | 0.2       | 0.42      | 0.0       | 0.0       | 0.0       | 0.0       | 1.0
Exposed          | 0.3       | 0.48      | 0.0       | 0.0       | 0.0       | 0.75      | 1.0
Recovered        | 1.3       | 1.06      | 0.0       | 1.0       | 1.0       | 1.75      | 3.0
Dead             | 0.0       | 0.0       | 0.0       | 0.0       | 0.0       | 0.0       | 0.0
Same day other   | 0.1       | 0.32      | 0.0       | 0.0       | 0.0       | 0.0       | 1.0
Infected         | 1.3       | 2.75      | 0.0       | 0.0       | 0.0       | 0.0       | 7.0

Infection rate (standing): 0.23%

Expected vs Observed (standing):
Metric           | Mean      | Std       | Min       | P25       | Median    | P75       | Max
-----------------------------------------------------------------------------------------------
Expected         | 0.72      | 1.51      | 0.0       | 0.0       | 0.0       | 0.0       | 3.58
Std              | 0.38      | 0.8       | 0.0       | 0.0       | 0.0       | 0.0       | 1.89
Z-score          | 0.31      | 0.67      | 0.0       | 0.0       | 0.0       | 0.0       | 1.82

Per-generation breakdown (sitting):
Generation 1     | 0.1       | 0.32      | 0.0       | 0.0       | 0.0       | 0.0       | 1.0
Generation 2     | 0.2       | 0.63      | 0.0       | 0.0       | 0.0       | 0.0       | 2.0
Generation 3     | 0.2       | 0.63      | 0.0       | 0.0       | 0.0       | 0.0       | 2.0
Generation 4     | 0.1       | 0.32      | 0.0       | 0.0       | 0.0       | 0.0       | 1.0
Generation 5     | 0.3       | 0.95      | 0.0       | 0.0       | 0.0       | 0.0       | 3.0
Generation 6     | 0.3       | 0.95      | 0.0       | 0.0       | 0.0       | 0.0       | 3.0
Generation 7     | 0.6       | 1.9       | 0.0       | 0.0       | 0.0       | 0.0       | 6.0
Generation 8     | 0.3       | 0.95      | 0.0       | 0.0       | 0.0       | 0.0       | 3.0
Generation 9     | 0.1       | 0.32      | 0.0       | 0.0       | 0.0       | 0.0       | 1.0
Generation 10    | 0.1       | 0.32      | 0.0       | 0.0       | 0.0       | 0.0       | 1.0
Generation 11    | 0.1       | 0.32      | 0.0       | 0.0       | 0.0       | 0.0       | 1.0
Generation 12    | 0.1       | 0.32      | 0.0       | 0.0       | 0.0       | 0.0       | 1.0

Per-generation breakdown (standing):
Generation 1     | 2.8       | 6.07      | 0.0       | 0.0       | 0.0       | 0.0       | 17.0
Generation 2     | 3.8       | 8.85      | 0.0       | 0.0       | 0.0       | 0.0       | 27.0
Generation 3     | 6.2       | 15.58     | 0.0       | 0.0       | 0.0       | 0.0       | 49.0
Generation 4     | 10.3      | 27.41     | 0.0       | 0.0       | 0.0       | 0.0       | 87.0
Generation 5     | 14.2      | 37.53     | 0.0       | 0.0       | 0.0       | 0.0       | 119.0
Generation 6     | 21.5      | 59.11     | 0.0       | 0.0       | 0.0       | 0.0       | 188.0
Generation 7     | 35.3      | 100.25    | 0.0       | 0.0       | 0.0       | 0.0       | 319.0
Generation 8     | 46.5      | 129.19    | 0.0       | 0.0       | 0.0       | 0.0       | 411.0
Generation 9     | 66.7      | 185.45    | 0.0       | 0.0       | 0.0       | 0.0       | 590.0
Generation 10    | 78.1      | 222.83    | 0.0       | 0.0       | 0.0       | 0.0       | 709.0
Generation 11    | 100.3     | 288.87    | 0.0       | 0.0       | 0.0       | 0.0       | 919.0
Generation 12    | 119.6     | 343.23    | 0.0       | 0.0       | 0.0       | 0.0       | 1092.0
Generation 13    | 137.7     | 404.48    | 0.0       | 0.0       | 0.0       | 0.0       | 1286.0
Generation 14    | 152.0     | 451.59    | 0.0       | 0.0       | 0.0       | 0.0       | 1435.0
Generation 15    | 166.5     | 500.72    | 0.0       | 0.0       | 0.0       | 0.0       | 1590.0
Generation 16    | 177.9     | 538.42    | 0.0       | 0.0       | 0.0       | 0.0       | 1709.0
Generation 17    | 171.7     | 522.9     | 0.0       | 0.0       | 0.0       | 0.0       | 1659.0
Generation 18    | 166.1     | 505.88    | 0.0       | 0.0       | 0.0       | 0.0       | 1605.0
Generation 19    | 148.9     | 451.19    | 0.0       | 0.0       | 0.0       | 0.0       | 1432.0
Generation 20    | 126.8     | 385.42    | 0.0       | 0.0       | 0.0       | 0.0       | 1223.0
Generation 21    | 99.7      | 303.86    | 0.0       | 0.0       | 0.0       | 0.0       | 964.0
Generation 22    | 78.6      | 241.61    | 0.0       | 0.0       | 0.0       | 0.0       | 766.0
Generation 23    | 62.4      | 192.46    | 0.0       | 0.0       | 0.0       | 0.0       | 610.0
Generation 24    | 51.2      | 157.39    | 0.0       | 0.0       | 0.0       | 0.0       | 499.0
Generation 25    | 39.4      | 120.44    | 0.0       | 0.0       | 0.0       | 0.0       | 382.0
Generation 26    | 29.6      | 89.13     | 0.0       | 0.0       | 0.0       | 0.0       | 283.0
Generation 27    | 22.6      | 67.69     | 0.0       | 0.0       | 0.0       | 0.0       | 215.0
Generation 28    | 13.6      | 41.28     | 0.0       | 0.0       | 0.0       | 0.0       | 131.0
Generation 29    | 8.1       | 24.92     | 0.0       | 0.0       | 0.0       | 0.0       | 79.0
Generation 30    | 7.2       | 21.4      | 0.0       | 0.0       | 0.0       | 0.0       | 68.0
Generation 31    | 5.2       | 15.75     | 0.0       | 0.0       | 0.0       | 0.0       | 50.0
Generation 32    | 3.2       | 9.11      | 0.0       | 0.0       | 0.0       | 0.0       | 29.0
Generation 33    | 2.8       | 7.55      | 0.0       | 0.0       | 0.0       | 0.0       | 24.0
Generation 34    | 1.8       | 5.35      | 0.0       | 0.0       | 0.0       | 0.0       | 17.0
Generation 35    | 0.8       | 2.2       | 0.0       | 0.0       | 0.0       | 0.0       | 7.0
Generation 36    | 0.1       | 0.32      | 0.0       | 0.0       | 0.0       | 0.0       | 1.0


##############################
### Concert Day 100
##############################

--- Global Epidemic Metrics ---
Metric           | Mean      | Std       | Min       | P25       | Median    | P75       | Max
-----------------------------------------------------------------------------------------------
Total infected   | 203819.7  | 5237.65   | 196943.0  | 201147.0  | 201525.5  | 206314.5  | 213454.0
Attack rate      | 46.91     | 1.21      | 45.33     | 46.29     | 46.38     | 47.48     | 49.13
R0               | 1.38      | 0.05      | 1.31      | 1.35      | 1.37      | 1.41      | 1.49
Infectious pop   | 2123.0    | 1863.84   | 39.0      | 568.0     | 1891.0    | 3150.25   | 5761.0

--- Sitting (occupation 1) ---
Metric           | Mean      | Std       | Min       | P25       | Median    | P75       | Max
-----------------------------------------------------------------------------------------------
Susceptible      | 570.2     | 12.13     | 541.0     | 567.5     | 573.0     | 578.0     | 582.0
Infectious       | 3.0       | 3.37      | 0.0       | 1.25      | 2.0       | 3.0       | 12.0
Exposed          | 2.2       | 2.2       | 0.0       | 1.0       | 2.0       | 2.0       | 8.0
Recovered        | 7.0       | 6.99      | 0.0       | 1.25      | 5.0       | 11.0      | 21.0
Dead             | 0.0       | 0.0       | 0.0       | 0.0       | 0.0       | 0.0       | 0.0
Same day other   | 0.6       | 0.7       | 0.0       | 0.0       | 0.5       | 1.0       | 2.0
Infected         | 1.7       | 2.06      | 0.0       | 1.0       | 1.0       | 1.75      | 7.0

Infection rate (sitting): 0.3%

Expected vs Observed (sitting):
Metric           | Mean      | Std       | Min       | P25       | Median    | P75       | Max
-----------------------------------------------------------------------------------------------
Expected         | 3.44      | 3.69      | 0.0       | 1.48      | 2.36      | 3.54      | 13.22
Std              | 1.63      | 0.91      | 0.0       | 1.2       | 1.53      | 1.88      | 3.59
Z-score          | -0.77     | 0.85      | -1.89     | -1.5      | -0.88     | -0.2      | 0.73

--- Standing (occupation 2) ---
Metric           | Mean      | Std       | Min       | P25       | Median    | P75       | Max
-----------------------------------------------------------------------------------------------
Susceptible      | 562.1     | 14.08     | 533.0     | 558.75    | 564.5     | 573.25    | 576.0
Infectious       | 3.1       | 3.93      | 0.0       | 0.0       | 1.0       | 5.5       | 10.0
Exposed          | 2.7       | 2.95      | 0.0       | 0.0       | 2.5       | 3.75      | 8.0
Recovered        | 7.7       | 7.66      | 0.0       | 2.0       | 6.0       | 10.5      | 25.0
Dead             | 0.0       | 0.0       | 0.0       | 0.0       | 0.0       | 0.0       | 0.0
Same day other   | 0.4       | 0.52      | 0.0       | 0.0       | 0.0       | 1.0       | 1.0
Infected         | 6.6       | 9.11      | 0.0       | 0.0       | 1.0       | 14.25     | 23.0

Infection rate (standing): 1.17%

Expected vs Observed (standing):
Metric           | Mean      | Std       | Min       | P25       | Median    | P75       | Max
-----------------------------------------------------------------------------------------------
Expected         | 10.38     | 12.91     | 0.0       | 0.0       | 3.55      | 18.92     | 32.35
Std              | 2.27      | 2.3       | 0.0       | 0.0       | 1.88      | 4.26      | 5.51
Z-score          | -0.96     | 0.95      | -2.22     | -1.85     | -0.81     | 0.0       | 0.0

Per-generation breakdown (sitting):
Generation 1     | 1.9       | 2.73      | 0.0       | 0.25      | 1.0       | 2.5       | 9.0
Generation 2     | 2.5       | 4.43      | 0.0       | 0.0       | 0.5       | 3.25      | 14.0
Generation 3     | 2.3       | 5.33      | 0.0       | 0.0       | 0.0       | 1.5       | 17.0
Generation 4     | 1.5       | 3.44      | 0.0       | 0.0       | 0.0       | 1.5       | 11.0
Generation 5     | 1.7       | 3.53      | 0.0       | 0.0       | 0.0       | 1.5       | 11.0
Generation 6     | 1.2       | 2.82      | 0.0       | 0.0       | 0.0       | 0.75      | 9.0
Generation 7     | 1.0       | 2.31      | 0.0       | 0.0       | 0.0       | 0.0       | 7.0
Generation 8     | 1.7       | 3.77      | 0.0       | 0.0       | 0.0       | 0.0       | 11.0
Generation 9     | 2.0       | 4.83      | 0.0       | 0.0       | 0.0       | 0.0       | 15.0
Generation 10    | 1.2       | 3.16      | 0.0       | 0.0       | 0.0       | 0.0       | 10.0
Generation 11    | 1.3       | 3.47      | 0.0       | 0.0       | 0.0       | 0.0       | 11.0
Generation 12    | 1.4       | 3.78      | 0.0       | 0.0       | 0.0       | 0.0       | 12.0
Generation 13    | 1.4       | 4.43      | 0.0       | 0.0       | 0.0       | 0.0       | 14.0
Generation 14    | 0.3       | 0.95      | 0.0       | 0.0       | 0.0       | 0.0       | 3.0
Generation 15    | 0.4       | 1.26      | 0.0       | 0.0       | 0.0       | 0.0       | 4.0
Generation 16    | 0.4       | 1.26      | 0.0       | 0.0       | 0.0       | 0.0       | 4.0
Generation 17    | 0.1       | 0.32      | 0.0       | 0.0       | 0.0       | 0.0       | 1.0

Per-generation breakdown (standing):
Generation 1     | 10.6      | 15.49     | 0.0       | 0.0       | 0.5       | 23.5      | 37.0
Generation 2     | 12.7      | 18.57     | 0.0       | 0.0       | 1.0       | 24.25     | 49.0
Generation 3     | 13.0      | 18.8      | 0.0       | 0.0       | 2.5       | 21.0      | 46.0
Generation 4     | 15.4      | 23.79     | 0.0       | 0.0       | 1.5       | 24.25     | 59.0
Generation 5     | 16.4      | 24.77     | 0.0       | 0.0       | 1.5       | 24.25     | 65.0
Generation 6     | 16.1      | 25.32     | 0.0       | 0.0       | 1.0       | 19.75     | 65.0
Generation 7     | 13.8      | 22.06     | 0.0       | 0.0       | 0.0       | 15.5      | 55.0
Generation 8     | 11.4      | 17.77     | 0.0       | 0.0       | 0.0       | 16.0      | 46.0
Generation 9     | 10.6      | 15.81     | 0.0       | 0.0       | 0.0       | 16.5      | 41.0
Generation 10    | 8.7       | 13.27     | 0.0       | 0.0       | 0.0       | 17.75     | 34.0
Generation 11    | 7.3       | 12.27     | 0.0       | 0.0       | 0.0       | 13.0      | 34.0
Generation 12    | 6.2       | 10.94     | 0.0       | 0.0       | 0.0       | 9.5       | 33.0
Generation 13    | 6.7       | 11.57     | 0.0       | 0.0       | 0.0       | 7.75      | 34.0
Generation 14    | 4.9       | 8.84      | 0.0       | 0.0       | 0.0       | 5.25      | 27.0
Generation 15    | 4.0       | 6.88      | 0.0       | 0.0       | 0.0       | 5.25      | 21.0
Generation 16    | 2.9       | 5.86      | 0.0       | 0.0       | 0.0       | 1.75      | 18.0
Generation 17    | 2.3       | 5.4       | 0.0       | 0.0       | 0.0       | 0.75      | 17.0
Generation 18    | 1.0       | 2.83      | 0.0       | 0.0       | 0.0       | 0.0       | 9.0
Generation 19    | 0.5       | 1.58      | 0.0       | 0.0       | 0.0       | 0.0       | 5.0


##############################
### Concert Day 110
##############################

--- Global Epidemic Metrics ---
Metric           | Mean      | Std       | Min       | P25       | Median    | P75       | Max
-----------------------------------------------------------------------------------------------
Total infected   | 200209.3  | 2509.05   | 195885.0  | 199649.0  | 200650.5  | 202154.0  | 202869.0
Attack rate      | 46.08     | 0.58      | 45.08     | 45.95     | 46.18     | 46.53     | 46.69
R0               | 1.32      | 0.05      | 1.23      | 1.3       | 1.32      | 1.36      | 1.41
Infectious pop   | 1741.6    | 1337.28   | 347.0     | 867.75    | 1199.0    | 2244.0    | 4397.0

--- Sitting (occupation 1) ---
Metric           | Mean      | Std       | Min       | P25       | Median    | P75       | Max
-----------------------------------------------------------------------------------------------
Susceptible      | 571.6     | 6.54      | 558.0     | 569.25    | 572.5     | 576.5     | 580.0
Infectious       | 1.2       | 1.03      | 0.0       | 0.25      | 1.0       | 2.0       | 3.0
Exposed          | 1.9       | 2.02      | 0.0       | 1.0       | 1.5       | 2.0       | 7.0
Recovered        | 7.9       | 4.56      | 3.0       | 4.25      | 7.0       | 10.75     | 16.0
Dead             | 0.0       | 0.0       | 0.0       | 0.0       | 0.0       | 0.0       | 0.0
Same day other   | 0.4       | 0.52      | 0.0       | 0.0       | 0.0       | 1.0       | 1.0
Infected         | 0.9       | 0.74      | 0.0       | 0.25      | 1.0       | 1.0       | 2.0

Infection rate (sitting): 0.16%

Expected vs Observed (sitting):
Metric           | Mean      | Std       | Min       | P25       | Median    | P75       | Max
-----------------------------------------------------------------------------------------------
Expected         | 1.41      | 1.21      | 0.0       | 0.29      | 1.18      | 2.34      | 3.54
Std              | 0.97      | 0.72      | 0.0       | 0.27      | 1.09      | 1.53      | 1.88
Z-score          | -0.3      | 0.55      | -0.88     | -0.86     | -0.16     | 0.0       | 0.76

--- Standing (occupation 2) ---
Metric           | Mean      | Std       | Min       | P25       | Median    | P75       | Max
-----------------------------------------------------------------------------------------------
Susceptible      | 566.6     | 7.11      | 557.0     | 561.25    | 564.0     | 574.0     | 575.0
Infectious       | 2.3       | 2.0       | 0.0       | 0.25      | 3.0       | 3.0       | 6.0
Exposed          | 0.9       | 0.99      | 0.0       | 0.0       | 1.0       | 1.0       | 3.0
Recovered        | 5.8       | 5.01      | 0.0       | 1.25      | 7.0       | 7.75      | 15.0
Dead             | 0.0       | 0.0       | 0.0       | 0.0       | 0.0       | 0.0       | 0.0
Same day other   | 0.4       | 0.7       | 0.0       | 0.0       | 0.0       | 0.75      | 2.0
Infected         | 7.2       | 6.07      | 0.0       | 1.5       | 7.0       | 10.0      | 17.0

Infection rate (standing): 1.27%

Expected vs Observed (standing):
Metric           | Mean      | Std       | Min       | P25       | Median    | P75       | Max
-----------------------------------------------------------------------------------------------
Expected         | 7.99      | 6.91      | 0.0       | 0.9       | 10.4      | 10.5      | 20.65
Std              | 2.28      | 1.7       | 0.0       | 0.47      | 3.19      | 3.21      | 4.46
Z-score          | -0.13     | 1.1       | -1.39     | -0.98     | -0.08     | 0.0       | 2.03

Per-generation breakdown (sitting):
Generation 1     | 1.5       | 1.51      | 0.0       | 0.0       | 1.5       | 2.75      | 4.0
Generation 2     | 2.2       | 3.46      | 0.0       | 0.0       | 0.5       | 3.0       | 11.0
Generation 3     | 2.7       | 4.08      | 0.0       | 0.0       | 1.0       | 3.75      | 13.0
Generation 4     | 3.5       | 5.44      | 0.0       | 0.0       | 1.0       | 4.0       | 17.0
Generation 5     | 4.6       | 7.49      | 0.0       | 0.0       | 1.0       | 6.0       | 24.0
Generation 6     | 5.5       | 12.64     | 0.0       | 0.0       | 1.0       | 3.5       | 41.0
Generation 7     | 6.4       | 16.15     | 0.0       | 0.0       | 0.0       | 4.25      | 52.0
Generation 8     | 7.2       | 18.77     | 0.0       | 0.0       | 0.0       | 2.25      | 60.0
Generation 9     | 8.3       | 22.56     | 0.0       | 0.0       | 0.0       | 1.5       | 72.0
Generation 10    | 9.9       | 26.05     | 0.0       | 0.0       | 0.0       | 1.5       | 83.0
Generation 11    | 9.9       | 27.22     | 0.0       | 0.0       | 0.0       | 3.0       | 87.0
Generation 12    | 11.0      | 29.68     | 0.0       | 0.0       | 0.0       | 5.25      | 95.0
Generation 13    | 15.0      | 43.63     | 0.0       | 0.0       | 0.0       | 3.75      | 139.0
Generation 14    | 15.7      | 46.53     | 0.0       | 0.0       | 0.0       | 2.25      | 148.0
Generation 15    | 14.4      | 42.42     | 0.0       | 0.0       | 0.0       | 2.25      | 135.0
Generation 16    | 13.0      | 36.68     | 0.0       | 0.0       | 0.0       | 2.25      | 117.0
Generation 17    | 9.0       | 26.72     | 0.0       | 0.0       | 0.0       | 1.5       | 85.0
Generation 18    | 8.5       | 24.82     | 0.0       | 0.0       | 0.0       | 0.75      | 79.0
Generation 19    | 6.8       | 19.44     | 0.0       | 0.0       | 0.0       | 1.5       | 62.0
Generation 20    | 5.7       | 17.33     | 0.0       | 0.0       | 0.0       | 0.0       | 55.0
Generation 21    | 4.5       | 14.23     | 0.0       | 0.0       | 0.0       | 0.0       | 45.0
Generation 22    | 4.0       | 12.65     | 0.0       | 0.0       | 0.0       | 0.0       | 40.0
Generation 23    | 3.5       | 11.07     | 0.0       | 0.0       | 0.0       | 0.0       | 35.0
Generation 24    | 2.5       | 7.91      | 0.0       | 0.0       | 0.0       | 0.0       | 25.0
Generation 25    | 2.2       | 6.96      | 0.0       | 0.0       | 0.0       | 0.0       | 22.0
Generation 26    | 1.3       | 4.11      | 0.0       | 0.0       | 0.0       | 0.0       | 13.0
Generation 27    | 0.8       | 2.53      | 0.0       | 0.0       | 0.0       | 0.0       | 8.0
Generation 28    | 0.7       | 2.21      | 0.0       | 0.0       | 0.0       | 0.0       | 7.0
Generation 29    | 0.2       | 0.63      | 0.0       | 0.0       | 0.0       | 0.0       | 2.0
Generation 30    | 0.1       | 0.32      | 0.0       | 0.0       | 0.0       | 0.0       | 1.0
Generation 31    | 0.4       | 1.26      | 0.0       | 0.0       | 0.0       | 0.0       | 4.0
Generation 32    | 0.3       | 0.95      | 0.0       | 0.0       | 0.0       | 0.0       | 3.0
Generation 33    | 0.4       | 1.26      | 0.0       | 0.0       | 0.0       | 0.0       | 4.0

Per-generation breakdown (standing):
Generation 1     | 8.5       | 9.17      | 0.0       | 1.0       | 7.5       | 10.75     | 30.0
Generation 2     | 11.8      | 13.43     | 0.0       | 1.25      | 11.5      | 13.5      | 45.0
Generation 3     | 13.9      | 13.9      | 0.0       | 2.75      | 13.5      | 18.0      | 47.0
Generation 4     | 19.7      | 20.28     | 0.0       | 3.75      | 17.0      | 24.0      | 67.0
Generation 5     | 23.4      | 25.83     | 0.0       | 2.75      | 15.0      | 37.0      | 73.0
Generation 6     | 28.9      | 32.31     | 0.0       | 1.75      | 21.0      | 41.25     | 87.0
Generation 7     | 32.6      | 37.71     | 0.0       | 0.5       | 25.0      | 43.5      | 102.0
Generation 8     | 38.8      | 47.13     | 0.0       | 0.0       | 25.5      | 52.25     | 128.0
Generation 9     | 42.4      | 50.46     | 0.0       | 0.0       | 26.0      | 65.0      | 144.0
Generation 10    | 49.3      | 58.39     | 0.0       | 0.0       | 29.5      | 80.75     | 159.0
Generation 11    | 48.4      | 61.1      | 0.0       | 0.0       | 25.0      | 87.25     | 179.0
Generation 12    | 44.3      | 60.76     | 0.0       | 0.0       | 19.0      | 66.25     | 189.0
Generation 13    | 43.1      | 61.45     | 0.0       | 0.0       | 14.5      | 58.75     | 190.0
Generation 14    | 44.0      | 66.15     | 0.0       | 0.0       | 11.0      | 63.25     | 205.0
Generation 15    | 40.6      | 65.45     | 0.0       | 0.0       | 6.0       | 59.25     | 205.0
Generation 16    | 36.1      | 62.13     | 0.0       | 0.0       | 5.5       | 49.75     | 197.0
Generation 17    | 28.5      | 53.44     | 0.0       | 0.0       | 4.5       | 32.25     | 173.0
Generation 18    | 24.7      | 48.91     | 0.0       | 0.0       | 3.0       | 23.75     | 159.0
Generation 19    | 19.8      | 41.98     | 0.0       | 0.0       | 1.5       | 20.0      | 136.0
Generation 20    | 16.4      | 35.85     | 0.0       | 0.0       | 1.0       | 14.75     | 116.0
Generation 21    | 12.1      | 27.83     | 0.0       | 0.0       | 1.0       | 10.0      | 90.0
Generation 22    | 8.7       | 17.98     | 0.0       | 0.0       | 1.0       | 9.0       | 58.0
Generation 23    | 5.2       | 8.53      | 0.0       | 0.0       | 1.5       | 5.25      | 26.0
Generation 24    | 4.1       | 6.57      | 0.0       | 0.0       | 0.0       | 5.25      | 16.0
Generation 25    | 3.0       | 4.47      | 0.0       | 0.0       | 0.0       | 5.25      | 12.0
Generation 26    | 2.0       | 2.98      | 0.0       | 0.0       | 0.0       | 3.5       | 8.0
Generation 27    | 1.3       | 2.36      | 0.0       | 0.0       | 0.0       | 2.25      | 7.0
Generation 28    | 0.7       | 1.34      | 0.0       | 0.0       | 0.0       | 0.75      | 4.0
Generation 29    | 0.2       | 0.42      | 0.0       | 0.0       | 0.0       | 0.0       | 1.0
Generation 30    | 0.1       | 0.32      | 0.0       | 0.0       | 0.0       | 0.0       | 1.0


##############################
### Concert Day 120
##############################

--- Global Epidemic Metrics ---
Metric           | Mean      | Std       | Min       | P25       | Median    | P75       | Max
-----------------------------------------------------------------------------------------------
Total infected   | 201975.7  | 4494.37   | 194388.0  | 198905.5  | 202050.0  | 205719.75 | 208194.0
Attack rate      | 46.48     | 1.03      | 44.74     | 45.78     | 46.5      | 47.35     | 47.92
R0               | 1.35      | 0.04      | 1.29      | 1.31      | 1.36      | 1.38      | 1.41
Infectious pop   | 2585.1    | 2546.04   | 75.0      | 878.0     | 1396.0    | 3747.0    | 7877.0

--- Sitting (occupation 1) ---
Metric           | Mean      | Std       | Min       | P25       | Median    | P75       | Max
-----------------------------------------------------------------------------------------------
Susceptible      | 567.9     | 14.72     | 542.0     | 555.25    | 572.5     | 578.75    | 583.0
Infectious       | 2.5       | 3.24      | 0.0       | 0.0       | 1.0       | 3.75      | 8.0
Exposed          | 1.2       | 1.23      | 0.0       | 0.25      | 1.0       | 1.75      | 4.0
Recovered        | 10.6      | 10.2      | 0.0       | 3.25      | 7.5       | 18.25     | 30.0
Dead             | 0.0       | 0.0       | 0.0       | 0.0       | 0.0       | 0.0       | 0.0
Same day other   | 0.8       | 0.92      | 0.0       | 0.0       | 0.5       | 1.75      | 2.0
Infected         | 3.0       | 3.89      | 0.0       | 0.0       | 1.0       | 6.0       | 10.0

Infection rate (sitting): 0.53%

Expected vs Observed (sitting):
Metric           | Mean      | Std       | Min       | P25       | Median    | P75       | Max
-----------------------------------------------------------------------------------------------
Expected         | 2.83      | 3.63      | 0.0       | 0.0       | 1.16      | 4.28      | 9.03
Std              | 1.14      | 1.28      | 0.0       | 0.0       | 0.76      | 2.06      | 2.98
Z-score          | 0.1       | 0.69      | -0.72     | -0.16     | 0.0       | 0.0       | 1.87

--- Standing (occupation 2) ---
Metric           | Mean      | Std       | Min       | P25       | Median    | P75       | Max
-----------------------------------------------------------------------------------------------
Susceptible      | 559.3     | 14.41     | 535.0     | 546.0     | 568.0     | 569.0     | 576.0
Infectious       | 3.4       | 3.44      | 0.0       | 1.25      | 2.0       | 5.25      | 10.0
Exposed          | 2.2       | 1.99      | 0.0       | 0.25      | 2.0       | 3.75      | 5.0
Recovered        | 10.5      | 9.19      | 0.0       | 3.5       | 6.0       | 18.75     | 25.0
Dead             | 0.0       | 0.0       | 0.0       | 0.0       | 0.0       | 0.0       | 0.0
Same day other   | 0.6       | 0.7       | 0.0       | 0.0       | 0.5       | 1.0       | 2.0
Infected         | 9.5       | 8.67      | 0.0       | 4.5       | 7.5       | 12.25     | 28.0

Infection rate (standing): 1.7%

Expected vs Observed (standing):
Metric           | Mean      | Std       | Min       | P25       | Median    | P75       | Max
-----------------------------------------------------------------------------------------------
Expected         | 11.43     | 11.21     | 0.0       | 4.38      | 7.07      | 17.72     | 32.47
Std              | 2.79      | 1.88      | 0.0       | 2.06      | 2.64      | 4.11      | 5.52
Z-score          | -0.36     | 1.02      | -2.44     | -0.68     | -0.02     | 0.18      | 1.12

Per-generation breakdown (sitting):
Generation 1     | 3.4       | 4.03      | 0.0       | 0.0       | 2.0       | 6.25      | 10.0
Generation 2     | 2.3       | 2.95      | 0.0       | 0.0       | 0.5       | 5.25      | 7.0
Generation 3     | 3.3       | 4.74      | 0.0       | 0.0       | 0.5       | 7.25      | 12.0
Generation 4     | 3.6       | 5.82      | 0.0       | 0.0       | 0.0       | 8.25      | 13.0
Generation 5     | 3.6       | 6.02      | 0.0       | 0.0       | 0.0       | 7.5       | 16.0
Generation 6     | 2.8       | 4.61      | 0.0       | 0.0       | 0.0       | 5.25      | 11.0
Generation 7     | 3.1       | 5.17      | 0.0       | 0.0       | 0.0       | 5.25      | 12.0
Generation 8     | 2.5       | 4.4       | 0.0       | 0.0       | 0.0       | 3.0       | 11.0
Generation 9     | 2.0       | 3.43      | 0.0       | 0.0       | 0.0       | 3.0       | 9.0
Generation 10    | 1.2       | 2.82      | 0.0       | 0.0       | 0.0       | 0.75      | 9.0
Generation 11    | 0.6       | 1.9       | 0.0       | 0.0       | 0.0       | 0.0       | 6.0
Generation 12    | 1.1       | 3.48      | 0.0       | 0.0       | 0.0       | 0.0       | 11.0
Generation 13    | 0.5       | 1.58      | 0.0       | 0.0       | 0.0       | 0.0       | 5.0

Per-generation breakdown (standing):
Generation 1     | 9.1       | 8.29      | 0.0       | 3.25      | 7.5       | 12.0      | 24.0
Generation 2     | 9.9       | 8.58      | 0.0       | 3.25      | 8.5       | 16.0      | 24.0
Generation 3     | 15.8      | 11.91     | 0.0       | 6.25      | 17.0      | 26.0      | 30.0
Generation 4     | 20.0      | 15.3      | 0.0       | 9.25      | 21.0      | 31.0      | 46.0
Generation 5     | 25.6      | 19.37     | 0.0       | 13.75     | 25.0      | 35.75     | 56.0
Generation 6     | 30.5      | 26.27     | 0.0       | 14.0      | 24.0      | 52.25     | 76.0
Generation 7     | 31.9      | 30.52     | 0.0       | 11.0      | 22.5      | 58.75     | 77.0
Generation 8     | 34.0      | 37.49     | 0.0       | 7.0       | 19.0      | 64.25     | 93.0
Generation 9     | 40.8      | 46.07     | 0.0       | 5.75      | 25.0      | 71.75     | 123.0
Generation 10    | 41.9      | 49.29     | 0.0       | 2.75      | 22.5      | 77.0      | 131.0
Generation 11    | 36.9      | 48.07     | 0.0       | 2.0       | 11.5      | 59.5      | 131.0
Generation 12    | 33.5      | 43.86     | 0.0       | 0.75      | 9.5       | 57.75     | 108.0
Generation 13    | 34.3      | 44.86     | 0.0       | 0.0       | 14.5      | 60.5      | 119.0
Generation 14    | 29.4      | 39.48     | 0.0       | 0.0       | 11.0      | 56.25     | 109.0
Generation 15    | 22.3      | 30.28     | 0.0       | 0.0       | 8.0       | 40.75     | 84.0
Generation 16    | 17.4      | 24.62     | 0.0       | 0.0       | 5.5       | 34.75     | 65.0
Generation 17    | 13.6      | 19.2      | 0.0       | 0.0       | 3.0       | 28.0      | 44.0
Generation 18    | 9.4       | 12.4      | 0.0       | 0.0       | 3.5       | 17.75     | 33.0
Generation 19    | 7.2       | 11.16     | 0.0       | 0.0       | 2.0       | 11.5      | 34.0
Generation 20    | 4.6       | 7.24      | 0.0       | 0.0       | 1.0       | 5.5       | 22.0
Generation 21    | 3.0       | 5.83      | 0.0       | 0.0       | 0.5       | 3.0       | 19.0
Generation 22    | 2.2       | 3.82      | 0.0       | 0.0       | 0.5       | 2.5       | 12.0
Generation 23    | 1.7       | 3.74      | 0.0       | 0.0       | 0.0       | 1.0       | 12.0
Generation 24    | 1.9       | 4.38      | 0.0       | 0.0       | 0.0       | 1.5       | 14.0
Generation 25    | 0.9       | 1.91      | 0.0       | 0.0       | 0.0       | 0.0       | 5.0
Generation 26    | 0.5       | 1.08      | 0.0       | 0.0       | 0.0       | 0.0       | 3.0
Generation 27    | 0.3       | 0.67      | 0.0       | 0.0       | 0.0       | 0.0       | 2.0


##############################
### Concert Day 130
##############################

--- Global Epidemic Metrics ---
Metric           | Mean      | Std       | Min       | P25       | Median    | P75       | Max
-----------------------------------------------------------------------------------------------
Total infected   | 201215.8  | 4126.61   | 196052.0  | 198587.75 | 200694.0  | 203171.75 | 209228.0
Attack rate      | 46.31     | 0.95      | 45.12     | 45.71     | 46.19     | 46.76     | 48.15
R0               | 1.35      | 0.03      | 1.32      | 1.33      | 1.34      | 1.38      | 1.41
Infectious pop   | 4119.8    | 3453.86   | 262.0     | 1370.0    | 3874.0    | 5626.0    | 11726.0

--- Sitting (occupation 1) ---
Metric           | Mean      | Std       | Min       | P25       | Median    | P75       | Max
-----------------------------------------------------------------------------------------------
Susceptible      | 557.2     | 22.96     | 504.0     | 547.5     | 562.5     | 575.0     | 578.0
Infectious       | 4.0       | 3.13      | 0.0       | 1.25      | 3.5       | 6.0       | 9.0
Exposed          | 3.5       | 2.59      | 0.0       | 1.25      | 4.0       | 5.75      | 7.0
Recovered        | 17.4      | 18.26     | 4.0       | 4.5       | 9.5       | 24.5      | 62.0
Dead             | 0.0       | 0.0       | 0.0       | 0.0       | 0.0       | 0.0       | 0.0
Same day other   | 0.9       | 0.88      | 0.0       | 0.25      | 1.0       | 1.0       | 3.0
Infected         | 3.7       | 2.83      | 0.0       | 1.5       | 4.0       | 5.0       | 9.0

Infection rate (sitting): 0.66%

Expected vs Observed (sitting):
Metric           | Mean      | Std       | Min       | P25       | Median    | P75       | Max
-----------------------------------------------------------------------------------------------
Expected         | 4.46      | 3.37      | 0.0       | 1.48      | 4.02      | 6.75      | 9.27
Std              | 1.89      | 0.97      | 0.0       | 1.2       | 1.99      | 2.58      | 3.02
Z-score          | -0.25     | 1.03      | -1.75     | -0.88     | -0.2      | -0.01     | 1.75

--- Standing (occupation 2) ---
Metric           | Mean      | Std       | Min       | P25       | Median    | P75       | Max
-----------------------------------------------------------------------------------------------
Susceptible      | 550.1     | 25.87     | 492.0     | 537.0     | 555.0     | 570.75    | 575.0
Infectious       | 4.8       | 5.2       | 0.0       | 1.0       | 4.5       | 5.75      | 17.0
Exposed          | 2.4       | 2.63      | 0.0       | 0.0       | 2.5       | 3.0       | 8.0
Recovered        | 17.9      | 18.11     | 1.0       | 3.5       | 13.0      | 27.75     | 58.0
Dead             | 0.0       | 0.0       | 0.0       | 0.0       | 0.0       | 0.0       | 0.0
Same day other   | 0.8       | 1.03      | 0.0       | 0.0       | 0.5       | 1.0       | 3.0
Infected         | 12.1      | 12.34     | 0.0       | 4.25      | 11.0      | 12.75     | 42.0

Infection rate (standing): 2.2%

Expected vs Observed (standing):
Metric           | Mean      | Std       | Min       | P25       | Median    | P75       | Max
-----------------------------------------------------------------------------------------------
Expected         | 15.33     | 15.44     | 0.0       | 3.53      | 15.28     | 19.05     | 49.68
Std              | 3.18      | 2.19      | 0.0       | 1.87      | 3.85      | 4.28      | 6.68
Z-score          | -0.56     | 1.22      | -1.77     | -1.45     | -0.79     | -0.07     | 2.35

Per-generation breakdown (sitting):
Generation 1     | 4.3       | 4.11      | 0.0       | 1.0       | 4.5       | 5.75      | 13.0
Generation 2     | 4.6       | 4.93      | 0.0       | 0.25      | 4.0       | 7.25      | 15.0
Generation 3     | 5.8       | 6.21      | 0.0       | 0.0       | 4.0       | 12.0      | 15.0
Generation 4     | 5.9       | 8.08      | 0.0       | 0.0       | 3.0       | 8.5       | 24.0
Generation 5     | 6.2       | 9.61      | 0.0       | 0.0       | 3.0       | 6.75      | 30.0
Generation 6     | 7.4       | 13.54     | 0.0       | 0.0       | 2.0       | 5.5       | 43.0
Generation 7     | 7.9       | 14.44     | 0.0       | 0.0       | 2.0       | 7.75      | 47.0
Generation 8     | 9.2       | 19.24     | 0.0       | 0.0       | 0.5       | 9.25      | 62.0
Generation 9     | 9.1       | 20.47     | 0.0       | 0.0       | 0.0       | 6.5       | 66.0
Generation 10    | 8.8       | 21.17     | 0.0       | 0.0       | 0.0       | 5.0       | 68.0
Generation 11    | 7.0       | 18.12     | 0.0       | 0.0       | 0.0       | 3.0       | 58.0
Generation 12    | 6.6       | 18.23     | 0.0       | 0.0       | 0.0       | 0.0       | 58.0
Generation 13    | 4.8       | 12.35     | 0.0       | 0.0       | 0.0       | 0.0       | 39.0
Generation 14    | 4.9       | 12.65     | 0.0       | 0.0       | 0.0       | 0.0       | 40.0
Generation 15    | 4.6       | 13.53     | 0.0       | 0.0       | 0.0       | 0.0       | 43.0
Generation 16    | 4.2       | 13.28     | 0.0       | 0.0       | 0.0       | 0.0       | 42.0
Generation 17    | 2.9       | 9.17      | 0.0       | 0.0       | 0.0       | 0.0       | 29.0
Generation 18    | 2.7       | 8.54      | 0.0       | 0.0       | 0.0       | 0.0       | 27.0
Generation 19    | 1.8       | 5.69      | 0.0       | 0.0       | 0.0       | 0.0       | 18.0
Generation 20    | 1.6       | 5.06      | 0.0       | 0.0       | 0.0       | 0.0       | 16.0
Generation 21    | 0.9       | 2.85      | 0.0       | 0.0       | 0.0       | 0.0       | 9.0
Generation 22    | 0.6       | 1.9       | 0.0       | 0.0       | 0.0       | 0.0       | 6.0
Generation 23    | 0.2       | 0.63      | 0.0       | 0.0       | 0.0       | 0.0       | 2.0
Generation 24    | 0.2       | 0.63      | 0.0       | 0.0       | 0.0       | 0.0       | 2.0
Generation 25    | 0.1       | 0.32      | 0.0       | 0.0       | 0.0       | 0.0       | 1.0

Per-generation breakdown (standing):
Generation 1     | 17.6      | 18.27     | 0.0       | 6.0       | 15.5      | 23.0      | 62.0
Generation 2     | 20.6      | 16.7      | 0.0       | 8.75      | 17.5      | 30.5      | 49.0
Generation 3     | 25.9      | 21.52     | 0.0       | 7.0       | 22.5      | 44.5      | 58.0
Generation 4     | 28.8      | 22.72     | 0.0       | 5.5       | 38.0      | 42.0      | 62.0
Generation 5     | 31.5      | 25.01     | 0.0       | 4.25      | 40.0      | 52.5      | 59.0
Generation 6     | 31.6      | 24.74     | 0.0       | 5.0       | 40.5      | 49.75     | 65.0
Generation 7     | 31.1      | 24.17     | 0.0       | 6.75      | 35.0      | 51.25     | 62.0
Generation 8     | 32.8      | 27.25     | 0.0       | 6.75      | 34.5      | 49.0      | 77.0
Generation 9     | 32.2      | 30.77     | 0.0       | 5.75      | 28.5      | 43.75     | 91.0
Generation 10    | 29.5      | 33.3      | 0.0       | 4.0       | 21.0      | 37.75     | 106.0
Generation 11    | 26.9      | 32.47     | 0.0       | 3.5       | 17.5      | 34.25     | 107.0
Generation 12    | 24.2      | 32.19     | 0.0       | 2.25      | 16.0      | 31.5      | 108.0
Generation 13    | 16.8      | 24.47     | 0.0       | 1.0       | 9.5       | 21.5      | 81.0
Generation 14    | 13.9      | 23.99     | 0.0       | 0.25      | 6.5       | 16.25     | 79.0
Generation 15    | 11.5      | 23.4      | 0.0       | 0.25      | 4.5       | 9.75      | 77.0
Generation 16    | 8.7       | 17.98     | 0.0       | 0.0       | 3.5       | 5.75      | 59.0
Generation 17    | 6.9       | 15.13     | 0.0       | 0.0       | 1.0       | 5.75      | 49.0
Generation 18    | 5.6       | 12.37     | 0.0       | 0.0       | 0.5       | 3.75      | 40.0
Generation 19    | 4.9       | 9.99      | 0.0       | 0.0       | 0.0       | 4.5       | 32.0
Generation 20    | 3.7       | 7.76      | 0.0       | 0.0       | 0.0       | 3.0       | 25.0
Generation 21    | 2.8       | 5.45      | 0.0       | 0.0       | 0.0       | 2.0       | 17.0
Generation 22    | 1.9       | 3.38      | 0.0       | 0.0       | 0.0       | 2.25      | 9.0
Generation 23    | 1.3       | 2.54      | 0.0       | 0.0       | 0.0       | 0.75      | 7.0
Generation 24    | 1.0       | 2.21      | 0.0       | 0.0       | 0.0       | 0.75      | 7.0
Generation 25    | 0.6       | 1.07      | 0.0       | 0.0       | 0.0       | 0.75      | 3.0
Generation 26    | 0.8       | 1.62      | 0.0       | 0.0       | 0.0       | 0.75      | 5.0
Generation 27    | 0.4       | 0.84      | 0.0       | 0.0       | 0.0       | 0.0       | 2.0
Generation 28    | 0.1       | 0.32      | 0.0       | 0.0       | 0.0       | 0.0       | 1.0
Generation 29    | 0.2       | 0.63      | 0.0       | 0.0       | 0.0       | 0.0       | 2.0


##############################
### Concert Day 140
##############################

--- Global Epidemic Metrics ---
Metric           | Mean      | Std       | Min       | P25       | Median    | P75       | Max
-----------------------------------------------------------------------------------------------
Total infected   | 183417.6  | 64472.47  | 180.0     | 201780.0  | 203950.5  | 205217.5  | 209184.0
Attack rate      | 42.21     | 14.84     | 0.05      | 46.44     | 46.94     | 47.23     | 48.14
R0               | 1.27      | 0.39      | 0.17      | 1.34      | 1.38      | 1.44      | 1.46
Infectious pop   | 8136.1    | 6699.21   | 4.0       | 2335.0    | 6869.0    | 14414.5   | 17492.0

--- Sitting (occupation 1) ---
Metric           | Mean      | Std       | Min       | P25       | Median    | P75       | Max
-----------------------------------------------------------------------------------------------
Susceptible      | 523.9     | 53.2      | 451.0     | 473.0     | 542.0     | 569.5     | 582.0
Infectious       | 10.3      | 10.04     | 0.0       | 2.0       | 7.5       | 16.0      | 28.0
Exposed          | 6.4       | 5.06      | 0.0       | 2.25      | 5.0       | 10.5      | 15.0
Recovered        | 41.4      | 39.04     | 1.0       | 8.5       | 27.0      | 77.5      | 98.0
Dead             | 0.0       | 0.0       | 0.0       | 0.0       | 0.0       | 0.0       | 0.0
Same day other   | 1.0       | 0.94      | 0.0       | 0.0       | 1.0       | 2.0       | 2.0
Infected         | 8.4       | 6.42      | 0.0       | 2.0       | 10.0      | 13.0      | 16.0

Infection rate (sitting): 1.6%

Expected vs Observed (sitting):
Metric           | Mean      | Std       | Min       | P25       | Median    | P75       | Max
-----------------------------------------------------------------------------------------------
Expected         | 10.01     | 9.18      | 0.0       | 2.32      | 8.22      | 15.49     | 25.3
Std              | 2.61      | 1.78      | 0.0       | 1.41      | 2.81      | 3.86      | 4.89
Z-score          | -0.28     | 1.05      | -1.9      | -0.83     | -0.24     | 0.0       | 1.79

--- Standing (occupation 2) ---
Metric           | Mean      | Std       | Min       | P25       | Median    | P75       | Max
-----------------------------------------------------------------------------------------------
Susceptible      | 514.1     | 56.06     | 425.0     | 480.75    | 527.0     | 558.75    | 576.0
Infectious       | 11.3      | 10.24     | 0.0       | 2.75      | 9.5       | 17.5      | 30.0
Exposed          | 6.6       | 5.15      | 0.0       | 1.5       | 8.5       | 9.75      | 13.0
Recovered        | 42.8      | 40.62     | 0.0       | 10.75     | 29.0      | 69.5      | 104.0
Dead             | 0.0       | 0.0       | 0.0       | 0.0       | 0.0       | 0.0       | 0.0
Same day other   | 1.2       | 1.81      | 0.0       | 0.0       | 0.5       | 1.0       | 5.0
Infected         | 23.8      | 19.75     | 0.0       | 5.25      | 23.0      | 38.75     | 52.0

Infection rate (standing): 4.63%

Expected vs Observed (standing):
Metric           | Mean      | Std       | Min       | P25       | Median    | P75       | Max
-----------------------------------------------------------------------------------------------
Expected         | 31.37     | 25.22     | 0.0       | 9.64      | 29.26     | 50.42     | 72.78
Std              | 4.71      | 2.54      | 0.0       | 3.01      | 5.24      | 6.71      | 7.77
Z-score          | -1.28     | 0.93      | -2.8      | -1.81     | -1.45     | -0.8      | 0.27

Per-generation breakdown (sitting):
Generation 1     | 9.0       | 7.32      | 0.0       | 3.25      | 8.0       | 13.0      | 22.0
Generation 2     | 8.1       | 6.14      | 0.0       | 3.5       | 9.0       | 10.75     | 20.0
Generation 3     | 8.2       | 8.61      | 0.0       | 3.5       | 7.0       | 9.5       | 30.0
Generation 4     | 7.7       | 9.48      | 0.0       | 1.5       | 5.5       | 7.75      | 31.0
Generation 5     | 7.5       | 10.92     | 0.0       | 1.0       | 2.5       | 10.0      | 35.0
Generation 6     | 5.9       | 10.88     | 0.0       | 0.0       | 1.5       | 6.0       | 35.0
Generation 7     | 6.8       | 11.72     | 0.0       | 0.0       | 1.0       | 6.5       | 36.0
Generation 8     | 5.3       | 8.86      | 0.0       | 0.0       | 1.5       | 5.0       | 28.0
Generation 9     | 4.3       | 6.48      | 0.0       | 0.0       | 0.5       | 7.0       | 19.0
Generation 10    | 3.2       | 4.78      | 0.0       | 0.0       | 0.0       | 6.0       | 13.0
Generation 11    | 2.7       | 3.95      | 0.0       | 0.0       | 0.0       | 6.5       | 9.0
Generation 12    | 3.1       | 4.82      | 0.0       | 0.0       | 0.0       | 5.0       | 12.0
Generation 13    | 2.1       | 2.85      | 0.0       | 0.0       | 0.0       | 4.0       | 7.0
Generation 14    | 1.5       | 2.68      | 0.0       | 0.0       | 0.0       | 1.0       | 7.0
Generation 15    | 0.7       | 1.25      | 0.0       | 0.0       | 0.0       | 1.0       | 4.0
Generation 16    | 0.5       | 0.97      | 0.0       | 0.0       | 0.0       | 0.75      | 3.0
Generation 17    | 0.3       | 0.95      | 0.0       | 0.0       | 0.0       | 0.0       | 3.0
Generation 18    | 0.1       | 0.32      | 0.0       | 0.0       | 0.0       | 0.0       | 1.0

Per-generation breakdown (standing):
Generation 1     | 22.6      | 16.86     | 0.0       | 9.0       | 20.5      | 39.75     | 41.0
Generation 2     | 18.8      | 11.68     | 0.0       | 10.25     | 18.5      | 26.5      | 39.0
Generation 3     | 17.7      | 14.24     | 0.0       | 6.5       | 16.5      | 23.0      | 40.0
Generation 4     | 19.3      | 14.77     | 0.0       | 9.5       | 19.5      | 25.0      | 46.0
Generation 5     | 16.4      | 14.9      | 0.0       | 5.0       | 12.5      | 23.0      | 48.0
Generation 6     | 14.8      | 13.02     | 0.0       | 3.5       | 12.5      | 23.5      | 40.0
Generation 7     | 13.9      | 13.92     | 0.0       | 3.0       | 11.0      | 18.75     | 40.0
Generation 8     | 15.8      | 16.0      | 0.0       | 3.5       | 11.0      | 23.75     | 50.0
Generation 9     | 14.8      | 19.12     | 0.0       | 2.25      | 7.5       | 16.75     | 61.0
Generation 10    | 13.2      | 19.41     | 0.0       | 2.0       | 5.0       | 16.75     | 64.0
Generation 11    | 10.8      | 19.81     | 0.0       | 1.0       | 3.5       | 9.75      | 65.0
Generation 12    | 8.9       | 15.95     | 0.0       | 1.25      | 4.0       | 7.25      | 53.0
Generation 13    | 6.6       | 9.96      | 0.0       | 1.25      | 2.5       | 5.75      | 32.0
Generation 14    | 5.3       | 9.33      | 0.0       | 0.25      | 1.0       | 3.75      | 29.0
Generation 15    | 4.7       | 9.63      | 0.0       | 0.0       | 0.5       | 4.25      | 31.0
Generation 16    | 3.9       | 7.25      | 0.0       | 0.0       | 0.0       | 4.0       | 23.0
Generation 17    | 2.6       | 6.2       | 0.0       | 0.0       | 0.0       | 1.75      | 20.0
Generation 18    | 2.2       | 5.63      | 0.0       | 0.0       | 0.0       | 0.75      | 18.0
Generation 19    | 1.2       | 3.46      | 0.0       | 0.0       | 0.0       | 0.0       | 11.0
Generation 20    | 0.8       | 1.93      | 0.0       | 0.0       | 0.0       | 0.0       | 6.0
Generation 21    | 0.6       | 1.35      | 0.0       | 0.0       | 0.0       | 0.0       | 4.0
Generation 22    | 0.7       | 1.89      | 0.0       | 0.0       | 0.0       | 0.0       | 6.0
Generation 23    | 0.4       | 1.26      | 0.0       | 0.0       | 0.0       | 0.0       | 4.0
Generation 24    | 0.2       | 0.63      | 0.0       | 0.0       | 0.0       | 0.0       | 2.0
Generation 25    | 0.1       | 0.32      | 0.0       | 0.0       | 0.0       | 0.0       | 1.0


##############################
### Concert Day 150
##############################

--- Global Epidemic Metrics ---
Metric           | Mean      | Std       | Min       | P25       | Median    | P75       | Max
-----------------------------------------------------------------------------------------------
Total infected   | 202869.3  | 4622.76   | 197362.0  | 197952.25 | 204343.5  | 206585.0  | 208962.0
Attack rate      | 46.69     | 1.06      | 45.42     | 45.56     | 47.03     | 47.55     | 48.09
R0               | 1.37      | 0.07      | 1.25      | 1.35      | 1.39      | 1.41      | 1.46
Infectious pop   | 8376.7    | 6682.76   | 548.0     | 2276.25   | 7816.0    | 15078.0   | 17091.0

--- Sitting (occupation 1) ---
Metric           | Mean      | Std       | Min       | P25       | Median    | P75       | Max
-----------------------------------------------------------------------------------------------
Susceptible      | 516.1     | 65.22     | 417.0     | 454.0     | 539.0     | 568.75    | 581.0
Infectious       | 11.0      | 11.17     | 0.0       | 2.5       | 7.0       | 21.5      | 28.0
Exposed          | 5.5       | 4.9       | 0.0       | 1.25      | 4.5       | 8.5       | 13.0
Recovered        | 49.2      | 49.8      | 2.0       | 10.0      | 31.0      | 94.0      | 129.0
Dead             | 0.0       | 0.0       | 0.0       | 0.0       | 0.0       | 0.0       | 0.0
Same day other   | 1.2       | 1.48      | 0.0       | 0.0       | 0.5       | 2.0       | 4.0
Infected         | 10.4      | 10.71     | 0.0       | 2.0       | 7.0       | 17.5      | 28.0

Infection rate (sitting): 2.02%

Expected vs Observed (sitting):
Metric           | Mean      | Std       | Min       | P25       | Median    | P75       | Max
-----------------------------------------------------------------------------------------------
Expected         | 10.16     | 9.36      | 0.0       | 2.92      | 7.74      | 18.59     | 24.35
Std              | 2.63      | 1.77      | 0.0       | 1.68      | 2.73      | 4.18      | 4.79
Z-score          | -0.04     | 0.83      | -1.23     | -0.53     | -0.0      | 0.33      | 1.23

--- Standing (occupation 2) ---
Metric           | Mean      | Std       | Min       | P25       | Median    | P75       | Max
-----------------------------------------------------------------------------------------------
Susceptible      | 509.9     | 65.23     | 395.0     | 454.75    | 537.0     | 559.25    | 572.0
Infectious       | 11.2      | 8.93      | 0.0       | 3.25      | 10.5      | 20.0      | 22.0
Exposed          | 6.1       | 4.72      | 0.0       | 1.5       | 7.5       | 9.75      | 13.0
Recovered        | 47.5      | 52.16     | 3.0       | 10.75     | 19.5      | 88.0      | 142.0
Dead             | 0.0       | 0.0       | 0.0       | 0.0       | 0.0       | 0.0       | 0.0
Same day other   | 1.3       | 1.42      | 0.0       | 0.0       | 1.0       | 2.0       | 4.0
Infected         | 20.1      | 15.35     | 0.0       | 7.5       | 19.5      | 29.5      | 48.0

Infection rate (standing): 3.94%

Expected vs Observed (standing):
Metric           | Mean      | Std       | Min       | P25       | Median    | P75       | Max
-----------------------------------------------------------------------------------------------
Expected         | 31.01     | 22.13     | 0.0       | 11.26     | 33.92     | 50.72     | 56.62
Std              | 4.79      | 2.36      | 0.0       | 3.31      | 5.55      | 6.71      | 7.02
Z-score          | -1.81     | 1.68      | -4.07     | -3.15     | -1.89     | -0.29     | 0.54

Per-generation breakdown (sitting):
Generation 1     | 7.0       | 6.55      | 0.0       | 1.25      | 5.5       | 13.75     | 16.0
Generation 2     | 5.0       | 6.16      | 0.0       | 0.0       | 1.5       | 10.75     | 15.0
Generation 3     | 3.9       | 4.7       | 0.0       | 0.0       | 1.5       | 7.75      | 13.0
Generation 4     | 3.8       | 4.52      | 0.0       | 0.0       | 1.5       | 8.25      | 11.0
Generation 5     | 3.3       | 4.24      | 0.0       | 0.0       | 0.5       | 6.75      | 11.0
Generation 6     | 3.1       | 5.38      | 0.0       | 0.0       | 0.0       | 3.5       | 16.0
Generation 7     | 1.8       | 3.79      | 0.0       | 0.0       | 0.0       | 1.0       | 12.0
Generation 8     | 1.8       | 3.74      | 0.0       | 0.0       | 0.0       | 0.75      | 11.0
Generation 9     | 1.8       | 4.05      | 0.0       | 0.0       | 0.0       | 0.0       | 12.0
Generation 10    | 2.3       | 4.85      | 0.0       | 0.0       | 0.0       | 0.0       | 12.0
Generation 11    | 2.0       | 4.45      | 0.0       | 0.0       | 0.0       | 0.0       | 13.0
Generation 12    | 2.7       | 5.93      | 0.0       | 0.0       | 0.0       | 0.0       | 17.0
Generation 13    | 1.9       | 4.07      | 0.0       | 0.0       | 0.0       | 0.0       | 11.0
Generation 14    | 1.0       | 2.31      | 0.0       | 0.0       | 0.0       | 0.0       | 7.0
Generation 15    | 0.6       | 1.35      | 0.0       | 0.0       | 0.0       | 0.0       | 4.0
Generation 16    | 0.7       | 2.21      | 0.0       | 0.0       | 0.0       | 0.0       | 7.0
Generation 17    | 0.9       | 2.85      | 0.0       | 0.0       | 0.0       | 0.0       | 9.0
Generation 18    | 1.4       | 4.43      | 0.0       | 0.0       | 0.0       | 0.0       | 14.0
Generation 19    | 0.8       | 2.53      | 0.0       | 0.0       | 0.0       | 0.0       | 8.0
Generation 20    | 0.5       | 1.58      | 0.0       | 0.0       | 0.0       | 0.0       | 5.0
Generation 21    | 0.5       | 1.58      | 0.0       | 0.0       | 0.0       | 0.0       | 5.0
Generation 22    | 0.6       | 1.9       | 0.0       | 0.0       | 0.0       | 0.0       | 6.0
Generation 23    | 0.4       | 1.26      | 0.0       | 0.0       | 0.0       | 0.0       | 4.0
Generation 24    | 0.3       | 0.95      | 0.0       | 0.0       | 0.0       | 0.0       | 3.0
Generation 25    | 0.2       | 0.63      | 0.0       | 0.0       | 0.0       | 0.0       | 2.0
Generation 26    | 0.1       | 0.32      | 0.0       | 0.0       | 0.0       | 0.0       | 1.0

Per-generation breakdown (standing):
Generation 1     | 22.6      | 17.48     | 0.0       | 8.5       | 23.5      | 33.25     | 56.0
Generation 2     | 19.3      | 15.8      | 0.0       | 8.5       | 14.0      | 30.75     | 48.0
Generation 3     | 19.5      | 16.94     | 0.0       | 10.0      | 13.0      | 32.25     | 48.0
Generation 4     | 20.8      | 18.24     | 0.0       | 9.0       | 14.0      | 36.0      | 49.0
Generation 5     | 23.6      | 20.79     | 0.0       | 10.75     | 15.5      | 39.75     | 61.0
Generation 6     | 25.5      | 23.65     | 0.0       | 8.75      | 20.5      | 35.5      | 69.0
Generation 7     | 25.0      | 28.26     | 0.0       | 4.25      | 17.0      | 28.75     | 83.0
Generation 8     | 21.6      | 22.26     | 0.0       | 3.5       | 16.5      | 31.0      | 62.0
Generation 9     | 18.7      | 21.3      | 0.0       | 2.25      | 9.5       | 34.5      | 60.0
Generation 10    | 12.9      | 16.26     | 0.0       | 0.0       | 6.5       | 20.0      | 48.0
Generation 11    | 11.9      | 17.3      | 0.0       | 0.0       | 2.5       | 16.75     | 46.0
Generation 12    | 10.5      | 16.45     | 0.0       | 0.0       | 2.0       | 13.75     | 43.0
Generation 13    | 8.7       | 14.41     | 0.0       | 0.0       | 0.0       | 9.75      | 38.0
Generation 14    | 7.2       | 13.2      | 0.0       | 0.0       | 0.0       | 4.75      | 37.0
Generation 15    | 4.4       | 8.06      | 0.0       | 0.0       | 0.0       | 2.75      | 21.0
Generation 16    | 3.3       | 6.52      | 0.0       | 0.0       | 0.0       | 2.5       | 20.0
Generation 17    | 2.9       | 7.06      | 0.0       | 0.0       | 0.0       | 0.0       | 22.0
Generation 18    | 2.3       | 4.99      | 0.0       | 0.0       | 0.0       | 0.0       | 14.0
Generation 19    | 2.0       | 4.62      | 0.0       | 0.0       | 0.0       | 0.0       | 14.0
Generation 20    | 1.6       | 3.41      | 0.0       | 0.0       | 0.0       | 0.0       | 9.0
Generation 21    | 0.6       | 1.26      | 0.0       | 0.0       | 0.0       | 0.0       | 3.0
Generation 22    | 0.2       | 0.63      | 0.0       | 0.0       | 0.0       | 0.0       | 2.0
Generation 23    | 0.2       | 0.63      | 0.0       | 0.0       | 0.0       | 0.0       | 2.0
Generation 24    | 0.2       | 0.63      | 0.0       | 0.0       | 0.0       | 0.0       | 2.0


##############################
### Concert Day 160
##############################

--- Global Epidemic Metrics ---
Metric           | Mean      | Std       | Min       | P25       | Median    | P75       | Max
-----------------------------------------------------------------------------------------------
Total infected   | 204382.2  | 4281.69   | 196452.0  | 202588.0  | 204501.5  | 208188.25 | 209304.0
Attack rate      | 47.04     | 0.99      | 45.21     | 46.63     | 47.07     | 47.91     | 48.17
R0               | 1.37      | 0.06      | 1.24      | 1.35      | 1.38      | 1.4       | 1.45
Infectious pop   | 12903.0   | 3885.56   | 4169.0    | 12797.75  | 13661.5   | 15670.25  | 16555.0

--- Sitting (occupation 1) ---
Metric           | Mean      | Std       | Min       | P25       | Median    | P75       | Max
-----------------------------------------------------------------------------------------------
Susceptible      | 475.2     | 44.57     | 404.0     | 449.5     | 468.5     | 488.0     | 546.0
Infectious       | 15.9      | 4.63      | 6.0       | 13.5      | 18.0      | 19.0      | 20.0
Exposed          | 7.8       | 2.62      | 3.0       | 7.0       | 7.0       | 9.5       | 12.0
Recovered        | 81.8      | 39.68     | 21.0      | 68.0      | 85.5      | 105.5     | 149.0
Dead             | 0.0       | 0.0       | 0.0       | 0.0       | 0.0       | 0.0       | 0.0
Same day other   | 2.3       | 1.64      | 0.0       | 1.25      | 2.5       | 3.0       | 5.0
Infected         | 11.3      | 4.88      | 5.0       | 7.5       | 10.5      | 14.5      | 19.0

Infection rate (sitting): 2.38%

Expected vs Observed (sitting):
Metric           | Mean      | Std       | Min       | P25       | Median    | P75       | Max
-----------------------------------------------------------------------------------------------
Expected         | 15.02     | 3.82      | 6.71      | 12.94     | 16.25     | 17.16     | 19.71
Std              | 3.78      | 0.52      | 2.57      | 3.55      | 3.95      | 4.06      | 4.35
Z-score          | -0.95     | 1.17      | -2.46     | -1.61     | -1.24     | -0.2      | 0.8

--- Standing (occupation 2) ---
Metric           | Mean      | Std       | Min       | P25       | Median    | P75       | Max
-----------------------------------------------------------------------------------------------
Susceptible      | 469.0     | 47.02     | 395.0     | 437.25    | 465.0     | 485.25    | 552.0
Infectious       | 17.1      | 6.37      | 5.0       | 14.25     | 18.5      | 19.75     | 28.0
Exposed          | 7.8       | 4.39      | 0.0       | 5.25      | 8.0       | 10.0      | 16.0
Recovered        | 80.0      | 39.67     | 17.0      | 65.75     | 83.0      | 102.75    | 147.0
Dead             | 0.0       | 0.0       | 0.0       | 0.0       | 0.0       | 0.0       | 0.0
Same day other   | 2.1       | 1.45      | 0.0       | 2.0       | 2.0       | 2.75      | 5.0
Infected         | 37.8      | 10.84     | 16.0      | 34.0      | 40.0      | 45.0      | 51.0

Infection rate (standing): 8.06%

Expected vs Observed (standing):
Metric           | Mean      | Std       | Min       | P25       | Median    | P75       | Max
-----------------------------------------------------------------------------------------------
Expected         | 45.85     | 13.31     | 17.01     | 40.78     | 49.58     | 52.81     | 63.52
Std              | 6.32      | 0.95      | 4.06      | 6.09      | 6.64      | 6.82      | 7.3
Z-score          | -1.21     | 0.88      | -2.39     | -1.86     | -1.33     | -0.45     | 0.02

Per-generation breakdown (sitting):
Generation 1     | 10.0      | 6.57      | 3.0       | 5.25      | 7.5       | 15.25     | 20.0
Generation 2     | 7.0       | 7.48      | 0.0       | 3.5       | 5.0       | 7.75      | 27.0
Generation 3     | 6.2       | 7.36      | 0.0       | 3.0       | 3.5       | 6.75      | 26.0
Generation 4     | 4.4       | 6.15      | 0.0       | 1.25      | 3.0       | 4.5       | 21.0
Generation 5     | 5.3       | 7.94      | 0.0       | 1.0       | 2.0       | 5.75      | 26.0
Generation 6     | 5.1       | 7.06      | 0.0       | 1.0       | 2.5       | 6.25      | 23.0
Generation 7     | 3.2       | 3.79      | 0.0       | 0.0       | 3.0       | 4.5       | 12.0
Generation 8     | 3.1       | 4.15      | 0.0       | 0.0       | 2.0       | 3.75      | 13.0
Generation 9     | 2.5       | 3.14      | 0.0       | 0.0       | 2.0       | 3.0       | 10.0
Generation 10    | 2.0       | 2.11      | 0.0       | 0.0       | 1.5       | 3.75      | 5.0
Generation 11    | 1.2       | 1.69      | 0.0       | 0.0       | 0.0       | 2.0       | 4.0
Generation 12    | 0.6       | 1.07      | 0.0       | 0.0       | 0.0       | 0.75      | 3.0
Generation 13    | 0.8       | 1.4       | 0.0       | 0.0       | 0.0       | 1.5       | 4.0
Generation 14    | 0.5       | 0.97      | 0.0       | 0.0       | 0.0       | 0.75      | 3.0
Generation 15    | 0.4       | 0.7       | 0.0       | 0.0       | 0.0       | 0.75      | 2.0
Generation 16    | 0.1       | 0.32      | 0.0       | 0.0       | 0.0       | 0.0       | 1.0

Per-generation breakdown (standing):
Generation 1     | 32.3      | 8.54      | 17.0      | 29.25     | 31.0      | 35.0      | 46.0
Generation 2     | 28.5      | 6.2       | 20.0      | 24.75     | 27.0      | 31.0      | 40.0
Generation 3     | 28.3      | 9.48      | 15.0      | 22.0      | 26.0      | 38.0      | 41.0
Generation 4     | 25.9      | 11.68     | 10.0      | 18.0      | 24.5      | 31.75     | 48.0
Generation 5     | 28.0      | 18.24     | 5.0       | 16.75     | 26.0      | 36.0      | 65.0
Generation 6     | 20.7      | 17.38     | 3.0       | 8.5       | 17.5      | 23.5      | 62.0
Generation 7     | 19.2      | 19.54     | 1.0       | 9.0       | 14.5      | 25.25     | 68.0
Generation 8     | 14.8      | 16.62     | 0.0       | 6.5       | 11.0      | 17.0      | 58.0
Generation 9     | 11.6      | 15.19     | 0.0       | 4.25      | 7.5       | 10.5      | 52.0
Generation 10    | 8.8       | 14.02     | 0.0       | 1.0       | 3.0       | 9.75      | 46.0
Generation 11    | 6.0       | 9.31      | 0.0       | 1.25      | 2.5       | 5.75      | 31.0
Generation 12    | 4.9       | 8.14      | 0.0       | 0.25      | 1.0       | 6.0       | 26.0
Generation 13    | 2.6       | 5.25      | 0.0       | 0.0       | 0.5       | 2.5       | 17.0
Generation 14    | 2.0       | 4.06      | 0.0       | 0.0       | 0.0       | 2.5       | 13.0
Generation 15    | 1.4       | 2.88      | 0.0       | 0.0       | 0.0       | 1.5       | 9.0
Generation 16    | 0.4       | 0.97      | 0.0       | 0.0       | 0.0       | 0.0       | 3.0
Generation 17    | 0.5       | 1.58      | 0.0       | 0.0       | 0.0       | 0.0       | 5.0
Generation 18    | 0.4       | 1.26      | 0.0       | 0.0       | 0.0       | 0.0       | 4.0
Generation 19    | 0.1       | 0.32      | 0.0       | 0.0       | 0.0       | 0.0       | 1.0


##############################
### Concert Day 170
##############################

--- Global Epidemic Metrics ---
Metric           | Mean      | Std       | Min       | P25       | Median    | P75       | Max
-----------------------------------------------------------------------------------------------
Total infected   | 203072.5  | 4184.12   | 196415.0  | 202447.25 | 202739.5  | 203598.25 | 212130.0
Attack rate      | 46.74     | 0.96      | 45.21     | 46.59     | 46.66     | 46.86     | 48.82
R0               | 1.38      | 0.06      | 1.3       | 1.33      | 1.38      | 1.43      | 1.47
Infectious pop   | 9606.9    | 4911.31   | 2567.0    | 5293.0    | 11485.5   | 13192.0   | 16043.0

--- Sitting (occupation 1) ---
Metric           | Mean      | Std       | Min       | P25       | Median    | P75       | Max
-----------------------------------------------------------------------------------------------
Susceptible      | 483.0     | 70.98     | 378.0     | 415.25    | 493.0     | 546.25    | 568.0
Infectious       | 14.6      | 8.03      | 3.0       | 7.0       | 17.0      | 18.75     | 24.0
Exposed          | 5.3       | 3.37      | 0.0       | 2.5       | 5.5       | 7.75      | 11.0
Recovered        | 77.8      | 64.29     | 11.0      | 22.5      | 58.0      | 138.75    | 181.0
Dead             | 0.0       | 0.0       | 0.0       | 0.0       | 0.0       | 0.0       | 0.0
Same day other   | 2.3       | 1.64      | 0.0       | 1.25      | 2.0       | 2.75      | 5.0
Infected         | 9.3       | 6.55      | 1.0       | 5.0       | 9.5       | 11.75     | 24.0

Infection rate (sitting): 1.93%

Expected vs Observed (sitting):
Metric           | Mean      | Std       | Min       | P25       | Median    | P75       | Max
-----------------------------------------------------------------------------------------------
Expected         | 13.57     | 7.24      | 3.47      | 6.79      | 14.24     | 18.15     | 23.85
Std              | 3.47      | 1.06      | 1.86      | 2.51      | 3.7       | 4.18      | 4.76
Z-score          | -1.17     | 0.83      | -2.15     | -1.73     | -1.34     | -0.83     | 0.28

--- Standing (occupation 2) ---
Metric           | Mean      | Std       | Min       | P25       | Median    | P75       | Max
-----------------------------------------------------------------------------------------------
Susceptible      | 477.7     | 70.21     | 385.0     | 406.75    | 493.0     | 542.25    | 560.0
Infectious       | 13.5      | 6.9       | 3.0       | 8.0       | 15.0      | 19.5      | 21.0
Exposed          | 6.3       | 4.19      | 0.0       | 4.25      | 6.0       | 9.25      | 13.0
Recovered        | 77.4      | 62.2      | 7.0       | 21.0      | 59.5      | 143.25    | 159.0
Dead             | 0.0       | 0.0       | 0.0       | 0.0       | 0.0       | 0.0       | 0.0
Same day other   | 1.1       | 1.1       | 0.0       | 0.0       | 1.0       | 2.0       | 3.0
Infected         | 26.6      | 13.59     | 11.0      | 12.25     | 29.5      | 38.75     | 43.0

Infection rate (standing): 5.57%

Expected vs Observed (standing):
Metric           | Mean      | Std       | Min       | P25       | Median    | P75       | Max
-----------------------------------------------------------------------------------------------
Expected         | 36.42     | 16.22     | 10.38     | 24.63     | 44.82     | 47.17     | 53.35
Std              | 5.59      | 1.35      | 3.19      | 4.84      | 6.36      | 6.45      | 6.87
Z-score          | -1.64     | 1.2       | -3.27     | -2.46     | -1.61     | -0.84     | 0.51

Per-generation breakdown (sitting):
Generation 1     | 8.7       | 7.87      | 1.0       | 5.25      | 6.0       | 9.0       | 27.0
Generation 2     | 7.4       | 10.12     | 0.0       | 1.25      | 4.0       | 9.5       | 33.0
Generation 3     | 7.4       | 9.91      | 0.0       | 1.25      | 3.0       | 9.75      | 31.0
Generation 4     | 5.4       | 6.96      | 0.0       | 0.5       | 4.0       | 5.75      | 23.0
Generation 5     | 5.1       | 5.61      | 0.0       | 0.5       | 4.5       | 6.5       | 18.0
Generation 6     | 3.5       | 3.63      | 0.0       | 0.0       | 4.0       | 5.0       | 11.0
Generation 7     | 2.9       | 2.88      | 0.0       | 0.0       | 2.5       | 5.75      | 7.0
Generation 8     | 2.5       | 3.41      | 0.0       | 0.0       | 0.5       | 4.75      | 10.0
Generation 9     | 1.9       | 3.38      | 0.0       | 0.0       | 0.5       | 2.0       | 11.0
Generation 10    | 1.8       | 2.57      | 0.0       | 0.0       | 0.0       | 3.5       | 6.0
Generation 11    | 1.7       | 2.83      | 0.0       | 0.0       | 0.0       | 3.0       | 7.0
Generation 12    | 0.5       | 0.97      | 0.0       | 0.0       | 0.0       | 0.75      | 3.0
Generation 13    | 0.5       | 0.85      | 0.0       | 0.0       | 0.0       | 0.75      | 2.0
Generation 14    | 0.6       | 1.35      | 0.0       | 0.0       | 0.0       | 0.0       | 4.0
Generation 15    | 0.4       | 0.84      | 0.0       | 0.0       | 0.0       | 0.0       | 2.0

Per-generation breakdown (standing):
Generation 1     | 26.5      | 14.99     | 8.0       | 14.5      | 26.0      | 33.75     | 54.0
Generation 2     | 24.4      | 17.23     | 7.0       | 9.25      | 23.0      | 33.5      | 60.0
Generation 3     | 23.7      | 16.9      | 6.0       | 12.75     | 18.5      | 27.5      | 61.0
Generation 4     | 23.8      | 19.96     | 2.0       | 10.75     | 18.0      | 28.5      | 66.0
Generation 5     | 23.8      | 21.97     | 0.0       | 9.0       | 18.0      | 28.25     | 63.0
Generation 6     | 21.3      | 22.58     | 0.0       | 2.75      | 13.5      | 30.25     | 62.0
Generation 7     | 21.4      | 24.49     | 0.0       | 2.0       | 10.0      | 35.25     | 66.0
Generation 8     | 19.8      | 25.75     | 0.0       | 1.0       | 10.0      | 25.5      | 73.0
Generation 9     | 17.8      | 24.19     | 0.0       | 0.0       | 8.0       | 25.75     | 72.0
Generation 10    | 16.1      | 25.03     | 0.0       | 0.0       | 3.5       | 24.5      | 76.0
Generation 11    | 14.4      | 26.66     | 0.0       | 0.0       | 2.5       | 18.75     | 86.0
Generation 12    | 13.4      | 28.28     | 0.0       | 0.0       | 3.0       | 11.25     | 92.0
Generation 13    | 9.5       | 20.44     | 0.0       | 0.0       | 1.5       | 6.75      | 66.0
Generation 14    | 7.4       | 17.62     | 0.0       | 0.0       | 1.0       | 3.75      | 57.0
Generation 15    | 5.6       | 14.67     | 0.0       | 0.0       | 0.0       | 1.75      | 47.0
Generation 16    | 4.4       | 11.24     | 0.0       | 0.0       | 0.0       | 2.25      | 36.0
Generation 17    | 3.2       | 7.5       | 0.0       | 0.0       | 0.0       | 3.0       | 24.0
Generation 18    | 2.5       | 5.1       | 0.0       | 0.0       | 0.0       | 3.0       | 16.0
Generation 19    | 1.5       | 3.24      | 0.0       | 0.0       | 0.0       | 0.75      | 10.0
Generation 20    | 1.5       | 3.06      | 0.0       | 0.0       | 0.0       | 0.75      | 9.0
Generation 21    | 0.7       | 1.64      | 0.0       | 0.0       | 0.0       | 0.0       | 5.0
Generation 22    | 0.4       | 0.97      | 0.0       | 0.0       | 0.0       | 0.0       | 3.0
Generation 23    | 0.4       | 0.97      | 0.0       | 0.0       | 0.0       | 0.0       | 3.0
Generation 24    | 0.2       | 0.63      | 0.0       | 0.0       | 0.0       | 0.0       | 2.0
Generation 25    | 0.2       | 0.63      | 0.0       | 0.0       | 0.0       | 0.0       | 2.0


##############################
### Concert Day 180
##############################

--- Global Epidemic Metrics ---
Metric           | Mean      | Std       | Min       | P25       | Median    | P75       | Max
-----------------------------------------------------------------------------------------------
Total infected   | 182336.5  | 64183.15  | 30.0      | 198631.0  | 201959.5  | 204652.25 | 209941.0
Attack rate      | 41.97     | 14.77     | 0.02      | 45.72     | 46.48     | 47.1      | 48.32
R0               | 1.29      | 0.28      | 0.5       | 1.35      | 1.37      | 1.39      | 1.46
Infectious pop   | 11997.0   | 4916.22   | 0.0       | 12596.25  | 13702.0   | 14661.25  | 15806.0

--- Sitting (occupation 1) ---
Metric           | Mean      | Std       | Min       | P25       | Median    | P75       | Max
-----------------------------------------------------------------------------------------------
Susceptible      | 440.0     | 63.4      | 347.0     | 407.25    | 422.0     | 468.0     | 583.0
Infectious       | 15.7      | 6.99      | 0.0       | 15.0      | 16.5      | 18.5      | 26.0
Exposed          | 6.6       | 3.27      | 0.0       | 6.0       | 7.0       | 8.0       | 12.0
Recovered        | 118.2     | 59.56     | 0.0       | 85.75     | 129.0     | 148.5     | 222.0
Dead             | 0.0       | 0.0       | 0.0       | 0.0       | 0.0       | 0.0       | 0.0
Same day other   | 2.5       | 2.01      | 0.0       | 1.0       | 3.0       | 3.0       | 6.0
Infected         | 9.8       | 5.33      | 0.0       | 6.25      | 11.5      | 13.75     | 17.0

Infection rate (sitting): 2.23%

Expected vs Observed (sitting):
Metric           | Mean      | Std       | Min       | P25       | Median    | P75       | Max
-----------------------------------------------------------------------------------------------
Expected         | 13.58     | 6.25      | 0.0       | 12.3      | 15.24     | 16.46     | 22.34
Std              | 3.4       | 1.3       | 0.0       | 3.45      | 3.83      | 3.99      | 4.6
Z-score          | -0.98     | 0.88      | -2.59     | -1.27     | -1.17     | -0.44     | 0.5

--- Standing (occupation 2) ---
Metric           | Mean      | Std       | Min       | P25       | Median    | P75       | Max
-----------------------------------------------------------------------------------------------
Susceptible      | 436.8     | 58.21     | 352.0     | 411.5     | 422.0     | 455.75    | 576.0
Infectious       | 15.4      | 7.12      | 0.0       | 11.75     | 17.5      | 18.75     | 24.0
Exposed          | 7.6       | 4.33      | 0.0       | 5.5       | 8.0       | 10.0      | 13.0
Recovered        | 114.1     | 54.51     | 0.0       | 91.25     | 122.5     | 136.25    | 213.0
Dead             | 0.0       | 0.0       | 0.0       | 0.0       | 0.0       | 0.0       | 0.0
Same day other   | 2.1       | 1.91      | 0.0       | 0.25      | 2.0       | 3.75      | 5.0
Infected         | 26.7      | 13.65     | 0.0       | 20.75     | 25.5      | 36.25     | 48.0

Infection rate (standing): 6.11%

Expected vs Observed (standing):
Metric           | Mean      | Std       | Min       | P25       | Median    | P75       | Max
-----------------------------------------------------------------------------------------------
Expected         | 38.66     | 18.34     | 0.0       | 31.02     | 44.83     | 46.06     | 63.9
Std              | 5.51      | 2.13      | 0.0       | 5.34      | 6.33      | 6.41      | 7.42
Z-score          | -1.86     | 1.53      | -4.43     | -2.65     | -2.22     | -0.43     | 0.17

Per-generation breakdown (sitting):
Generation 1     | 7.5       | 4.38      | 0.0       | 4.75      | 9.0       | 11.0      | 12.0
Generation 2     | 4.1       | 2.77      | 0.0       | 2.0       | 5.0       | 5.75      | 8.0
Generation 3     | 3.2       | 3.05      | 0.0       | 0.5       | 3.0       | 4.5       | 9.0
Generation 4     | 2.0       | 2.05      | 0.0       | 0.0       | 1.5       | 4.0       | 5.0
Generation 5     | 1.6       | 2.01      | 0.0       | 0.0       | 1.0       | 2.0       | 6.0
Generation 6     | 1.5       | 2.42      | 0.0       | 0.0       | 0.0       | 2.5       | 7.0
Generation 7     | 1.1       | 2.23      | 0.0       | 0.0       | 0.0       | 1.5       | 7.0
Generation 8     | 0.6       | 1.26      | 0.0       | 0.0       | 0.0       | 0.75      | 4.0

Per-generation breakdown (standing):
Generation 1     | 25.0      | 13.55     | 0.0       | 16.25     | 26.5      | 35.25     | 43.0
Generation 2     | 18.2      | 11.57     | 0.0       | 9.0       | 19.0      | 26.25     | 34.0
Generation 3     | 16.8      | 10.65     | 0.0       | 8.0       | 17.0      | 23.75     | 34.0
Generation 4     | 12.5      | 7.59      | 0.0       | 11.0      | 12.0      | 13.75     | 27.0
Generation 5     | 7.9       | 5.32      | 0.0       | 5.0       | 7.5       | 12.5      | 15.0
Generation 6     | 4.9       | 4.38      | 0.0       | 1.0       | 4.5       | 8.75      | 12.0
Generation 7     | 4.4       | 4.88      | 0.0       | 0.25      | 3.0       | 6.75      | 14.0
Generation 8     | 2.4       | 3.47      | 0.0       | 0.0       | 0.5       | 4.25      | 10.0
Generation 9     | 1.3       | 2.79      | 0.0       | 0.0       | 0.0       | 1.0       | 9.0
Generation 10    | 1.2       | 2.9       | 0.0       | 0.0       | 0.0       | 0.0       | 9.0
Generation 11    | 0.4       | 0.97      | 0.0       | 0.0       | 0.0       | 0.0       | 3.0
Generation 12    | 0.4       | 1.26      | 0.0       | 0.0       | 0.0       | 0.0       | 4.0
Generation 13    | 0.2       | 0.63      | 0.0       | 0.0       | 0.0       | 0.0       | 2.0
Generation 14    | 0.3       | 0.95      | 0.0       | 0.0       | 0.0       | 0.0       | 3.0
Generation 15    | 0.1       | 0.32      | 0.0       | 0.0       | 0.0       | 0.0       | 1.0
Generation 16    | 0.1       | 0.32      | 0.0       | 0.0       | 0.0       | 0.0       | 1.0
Generation 17    | 0.2       | 0.63      | 0.0       | 0.0       | 0.0       | 0.0       | 2.0
Generation 18    | 0.3       | 0.95      | 0.0       | 0.0       | 0.0       | 0.0       | 3.0
Generation 19    | 0.2       | 0.63      | 0.0       | 0.0       | 0.0       | 0.0       | 2.0
Generation 20    | 0.2       | 0.63      | 0.0       | 0.0       | 0.0       | 0.0       | 2.0


##############################
### Concert Day 190
##############################

--- Global Epidemic Metrics ---
Metric           | Mean      | Std       | Min       | P25       | Median    | P75       | Max
-----------------------------------------------------------------------------------------------
Total infected   | 199935.1  | 4383.79   | 191986.0  | 199223.75 | 200341.5  | 202468.75 | 206430.0
Attack rate      | 46.02     | 1.01      | 44.19     | 45.85     | 46.11     | 46.6      | 47.51
R0               | 1.36      | 0.06      | 1.24      | 1.35      | 1.36      | 1.39      | 1.46
Infectious pop   | 12366.9   | 2280.09   | 7271.0    | 11208.75  | 12933.0   | 13633.0   | 15288.0

--- Sitting (occupation 1) ---
Metric           | Mean      | Std       | Min       | P25       | Median    | P75       | Max
-----------------------------------------------------------------------------------------------
Susceptible      | 432.8     | 44.84     | 390.0     | 403.25    | 413.0     | 447.25    | 522.0
Infectious       | 15.3      | 4.0       | 7.0       | 12.75     | 16.5      | 17.75     | 21.0
Exposed          | 7.4       | 2.84      | 2.0       | 7.0       | 7.0       | 8.5       | 12.0
Recovered        | 125.3     | 46.56     | 37.0      | 102.75    | 141.0     | 153.0     | 183.0
Dead             | 0.0       | 0.0       | 0.0       | 0.0       | 0.0       | 0.0       | 0.0
Same day other   | 2.2       | 1.69      | 0.0       | 1.0       | 1.5       | 3.75      | 5.0
Infected         | 12.3      | 4.97      | 3.0       | 10.0      | 12.5      | 16.5      | 19.0

Infection rate (sitting): 2.84%

Expected vs Observed (sitting):
Metric           | Mean      | Std       | Min       | P25       | Median    | P75       | Max
-----------------------------------------------------------------------------------------------
Expected         | 13.49     | 3.85      | 5.59      | 12.34     | 14.03     | 14.75     | 18.98
Std              | 3.57      | 0.55      | 2.35      | 3.47      | 3.68      | 3.77      | 4.26
Z-score          | -0.33     | 1.08      | -1.71     | -1.07     | -0.35     | 0.1       | 1.43

--- Standing (occupation 2) ---
Metric           | Mean      | Std       | Min       | P25       | Median    | P75       | Max
-----------------------------------------------------------------------------------------------
Susceptible      | 418.7     | 44.96     | 363.0     | 381.75    | 409.0     | 439.0     | 499.0
Infectious       | 18.3      | 4.74      | 10.0      | 15.25     | 18.5      | 21.5      | 25.0
Exposed          | 6.5       | 2.72      | 3.0       | 4.25      | 6.5       | 8.75      | 10.0
Recovered        | 130.5     | 47.24     | 52.0      | 104.0     | 134.5     | 169.0     | 198.0
Dead             | 0.0       | 0.0       | 0.0       | 0.0       | 0.0       | 0.0       | 0.0
Same day other   | 2.0       | 0.47      | 1.0       | 2.0       | 2.0       | 2.0       | 3.0
Infected         | 28.7      | 11.8      | 9.0       | 24.25     | 27.0      | 34.5      | 50.0

Infection rate (standing): 6.85%

Expected vs Observed (standing):
Metric           | Mean      | Std       | Min       | P25       | Median    | P75       | Max
-----------------------------------------------------------------------------------------------
Expected         | 45.13     | 11.3      | 22.03     | 43.14     | 45.79     | 48.22     | 61.39
Std              | 6.28      | 0.77      | 4.55      | 6.24      | 6.38      | 6.55      | 7.27
Z-score          | -2.63     | 0.86      | -4.34     | -3.1      | -2.67     | -1.92     | -1.57

Per-generation breakdown (sitting):
Generation 1     | 10.3      | 6.72      | 1.0       | 4.75      | 11.0      | 12.0      | 23.0
Generation 2     | 8.8       | 6.94      | 1.0       | 3.0       | 10.0      | 10.75     | 24.0
Generation 3     | 7.3       | 5.85      | 0.0       | 1.75      | 7.5       | 11.0      | 18.0
Generation 4     | 6.2       | 5.07      | 0.0       | 1.75      | 6.5       | 9.5       | 15.0
Generation 5     | 6.2       | 6.27      | 0.0       | 1.5       | 4.0       | 9.5       | 19.0
Generation 6     | 4.0       | 4.88      | 0.0       | 0.25      | 3.0       | 5.75      | 16.0
Generation 7     | 2.5       | 3.34      | 0.0       | 0.0       | 1.0       | 3.75      | 10.0
Generation 8     | 2.0       | 3.83      | 0.0       | 0.0       | 0.0       | 1.0       | 11.0
Generation 9     | 1.2       | 2.57      | 0.0       | 0.0       | 0.0       | 0.75      | 8.0
Generation 10    | 1.2       | 2.82      | 0.0       | 0.0       | 0.0       | 0.75      | 9.0
Generation 11    | 1.1       | 2.6       | 0.0       | 0.0       | 0.0       | 0.0       | 8.0

Per-generation breakdown (standing):
Generation 1     | 22.0      | 9.3       | 7.0       | 15.0      | 22.0      | 28.25     | 37.0
Generation 2     | 17.9      | 9.83      | 2.0       | 12.25     | 19.0      | 22.75     | 32.0
Generation 3     | 16.8      | 11.11     | 2.0       | 7.5       | 18.5      | 25.0      | 35.0
Generation 4     | 11.8      | 8.7       | 1.0       | 4.25      | 12.5      | 16.25     | 25.0
Generation 5     | 10.7      | 7.24      | 1.0       | 5.25      | 11.0      | 13.75     | 24.0
Generation 6     | 8.3       | 8.58      | 0.0       | 2.25      | 6.0       | 11.5      | 29.0
Generation 7     | 8.3       | 10.08     | 0.0       | 2.25      | 6.0       | 9.0       | 34.0
Generation 8     | 6.6       | 6.15      | 0.0       | 3.25      | 6.0       | 8.25      | 21.0
Generation 9     | 4.8       | 4.37      | 0.0       | 1.25      | 5.0       | 6.75      | 14.0
Generation 10    | 3.8       | 4.66      | 0.0       | 0.25      | 1.5       | 6.5       | 14.0
Generation 11    | 2.1       | 3.63      | 0.0       | 0.0       | 1.0       | 2.0       | 12.0
Generation 12    | 1.1       | 1.85      | 0.0       | 0.0       | 0.5       | 1.0       | 6.0
Generation 13    | 0.5       | 1.27      | 0.0       | 0.0       | 0.0       | 0.0       | 4.0
Generation 14    | 0.4       | 1.26      | 0.0       | 0.0       | 0.0       | 0.0       | 4.0
Generation 15    | 0.1       | 0.32      | 0.0       | 0.0       | 0.0       | 0.0       | 1.0


##############################
### Concert Day 200
##############################

--- Global Epidemic Metrics ---
Metric           | Mean      | Std       | Min       | P25       | Median    | P75       | Max
-----------------------------------------------------------------------------------------------
Total infected   | 174708.5  | 63974.36  | 30.0      | 192847.5  | 200967.5  | 201963.5  | 207316.0
Attack rate      | 40.21     | 14.72     | 0.02      | 44.38     | 46.25     | 46.48     | 47.71
R0               | 1.22      | 0.34      | 0.25      | 1.27      | 1.33      | 1.34      | 1.4
Infectious pop   | 8453.8    | 6026.33   | 0.0       | 3677.5    | 9857.0    | 13314.5   | 15652.0

--- Sitting (occupation 1) ---
Metric           | Mean      | Std       | Min       | P25       | Median    | P75       | Max
-----------------------------------------------------------------------------------------------
Susceptible      | 485.0     | 79.73     | 375.0     | 419.5     | 481.5     | 556.25    | 583.0
Infectious       | 10.9      | 7.26      | 0.0       | 6.0       | 11.0      | 17.25     | 21.0
Exposed          | 4.2       | 3.79      | 0.0       | 1.5       | 4.5       | 5.0       | 13.0
Recovered        | 81.9      | 72.31     | 0.0       | 15.5      | 82.0      | 133.75    | 195.0
Dead             | 0.0       | 0.0       | 0.0       | 0.0       | 0.0       | 0.0       | 0.0
Same day other   | 1.0       | 1.05      | 0.0       | 0.0       | 1.0       | 1.75      | 3.0
Infected         | 6.9       | 5.34      | 0.0       | 2.75      | 7.5       | 9.75      | 17.0

Infection rate (sitting): 1.42%

Expected vs Observed (sitting):
Metric           | Mean      | Std       | Min       | P25       | Median    | P75       | Max
-----------------------------------------------------------------------------------------------
Expected         | 9.93      | 6.2       | 0.0       | 6.02      | 11.43     | 14.93     | 17.76
Std              | 2.83      | 1.35      | 0.0       | 2.44      | 3.34      | 3.8       | 4.12
Z-score          | -0.89     | 1.26      | -2.54     | -1.76     | -1.09     | -0.1      | 1.38

--- Standing (occupation 2) ---
Metric           | Mean      | Std       | Min       | P25       | Median    | P75       | Max
-----------------------------------------------------------------------------------------------
Susceptible      | 477.5     | 79.7      | 365.0     | 412.0     | 469.0     | 550.25    | 576.0
Infectious       | 13.5      | 10.49     | 0.0       | 3.25      | 15.5      | 22.5      | 27.0
Exposed          | 5.7       | 3.83      | 0.0       | 3.5       | 6.5       | 7.75      | 12.0
Recovered        | 78.6      | 69.44     | 0.0       | 14.75     | 77.0      | 135.75    | 193.0
Dead             | 0.0       | 0.0       | 0.0       | 0.0       | 0.0       | 0.0       | 0.0
Same day other   | 0.7       | 0.95      | 0.0       | 0.0       | 0.5       | 1.0       | 3.0
Infected         | 27.8      | 22.39     | 0.0       | 8.25      | 26.5      | 45.0      | 58.0

Infection rate (standing): 5.82%

Expected vs Observed (standing):
Metric           | Mean      | Std       | Min       | P25       | Median    | P75       | Max
-----------------------------------------------------------------------------------------------
Expected         | 34.31     | 25.9      | 0.0       | 10.99     | 36.06     | 56.79     | 66.13
Std              | 4.75      | 2.91      | 0.0       | 3.14      | 5.7       | 7.05      | 7.54
Z-score          | -1.02     | 1.34      | -3.7      | -1.69     | -0.84     | 0.0       | 0.57

Per-generation breakdown (sitting):
Generation 1     | 5.8       | 4.76      | 0.0       | 2.25      | 6.0       | 8.5       | 15.0
Generation 2     | 5.1       | 4.23      | 0.0       | 1.75      | 4.5       | 7.0       | 12.0
Generation 3     | 4.8       | 4.44      | 0.0       | 0.25      | 5.0       | 7.75      | 11.0
Generation 4     | 4.1       | 4.68      | 0.0       | 0.0       | 2.5       | 7.0       | 13.0
Generation 5     | 3.5       | 4.17      | 0.0       | 0.0       | 1.5       | 7.25      | 11.0
Generation 6     | 2.9       | 3.96      | 0.0       | 0.0       | 1.0       | 4.75      | 12.0
Generation 7     | 2.5       | 4.09      | 0.0       | 0.0       | 0.0       | 3.5       | 12.0
Generation 8     | 2.1       | 3.63      | 0.0       | 0.0       | 0.0       | 3.25      | 11.0
Generation 9     | 1.1       | 1.91      | 0.0       | 0.0       | 0.0       | 1.75      | 6.0
Generation 10    | 0.7       | 1.06      | 0.0       | 0.0       | 0.0       | 1.0       | 3.0
Generation 11    | 0.4       | 0.97      | 0.0       | 0.0       | 0.0       | 0.0       | 3.0
Generation 12    | 0.5       | 1.58      | 0.0       | 0.0       | 0.0       | 0.0       | 5.0
Generation 13    | 0.5       | 1.58      | 0.0       | 0.0       | 0.0       | 0.0       | 5.0

Per-generation breakdown (standing):
Generation 1     | 24.0      | 18.78     | 0.0       | 8.5       | 22.5      | 39.5      | 50.0
Generation 2     | 22.7      | 19.24     | 0.0       | 4.5       | 26.0      | 34.5      | 56.0
Generation 3     | 20.6      | 21.1      | 0.0       | 2.75      | 15.5      | 35.25     | 63.0
Generation 4     | 17.0      | 19.39     | 0.0       | 2.25      | 12.0      | 27.0      | 61.0
Generation 5     | 16.4      | 20.79     | 0.0       | 1.75      | 11.0      | 22.75     | 69.0
Generation 6     | 15.1      | 19.15     | 0.0       | 0.5       | 9.5       | 21.0      | 61.0
Generation 7     | 11.4      | 13.87     | 0.0       | 0.75      | 6.5       | 15.75     | 42.0
Generation 8     | 6.9       | 8.94      | 0.0       | 0.0       | 3.5       | 8.75      | 23.0
Generation 9     | 3.7       | 5.17      | 0.0       | 0.0       | 1.5       | 4.5       | 13.0
Generation 10    | 3.0       | 4.94      | 0.0       | 0.0       | 0.5       | 2.75      | 14.0
Generation 11    | 2.6       | 5.48      | 0.0       | 0.0       | 0.0       | 0.75      | 16.0
Generation 12    | 1.7       | 3.95      | 0.0       | 0.0       | 0.0       | 0.0       | 12.0
Generation 13    | 0.8       | 1.93      | 0.0       | 0.0       | 0.0       | 0.0       | 6.0
Generation 14    | 0.6       | 1.58      | 0.0       | 0.0       | 0.0       | 0.0       | 5.0
Generation 15    | 0.6       | 1.58      | 0.0       | 0.0       | 0.0       | 0.0       | 5.0
Generation 16    | 1.1       | 3.14      | 0.0       | 0.0       | 0.0       | 0.0       | 10.0
Generation 17    | 0.6       | 1.9       | 0.0       | 0.0       | 0.0       | 0.0       | 6.0
Generation 18    | 0.3       | 0.95      | 0.0       | 0.0       | 0.0       | 0.0       | 3.0
Generation 19    | 0.3       | 0.95      | 0.0       | 0.0       | 0.0       | 0.0       | 3.0


##############################
### Concert Day 210
##############################

--- Global Epidemic Metrics ---
Metric           | Mean      | Std       | Min       | P25       | Median    | P75       | Max
-----------------------------------------------------------------------------------------------
Total infected   | 181443.6  | 63772.83  | 125.0     | 198846.75 | 200497.5  | 202852.25 | 207727.0
Attack rate      | 41.76     | 14.67     | 0.04      | 45.76     | 46.14     | 46.69     | 47.81
R0               | 1.34      | 0.09      | 1.11      | 1.33      | 1.36      | 1.37      | 1.42
Infectious pop   | 7229.9    | 3328.51   | 0.0       | 5438.0    | 7762.0    | 9841.75   | 10765.0

--- Sitting (occupation 1) ---
Metric           | Mean      | Std       | Min       | P25       | Median    | P75       | Max
-----------------------------------------------------------------------------------------------
Susceptible      | 389.9     | 68.92     | 349.0     | 362.75    | 366.0     | 383.25    | 583.0
Infectious       | 10.0      | 5.19      | 0.0       | 7.0       | 11.5      | 13.75     | 17.0
Exposed          | 2.8       | 2.94      | 0.0       | 0.25      | 1.5       | 5.0       | 8.0
Recovered        | 179.1     | 64.66     | 0.0       | 182.25    | 200.0     | 211.0     | 217.0
Dead             | 0.0       | 0.0       | 0.0       | 0.0       | 0.0       | 0.0       | 0.0
Same day other   | 1.2       | 1.03      | 0.0       | 0.25      | 1.0       | 2.0       | 3.0
Infected         | 5.5       | 3.6       | 0.0       | 3.0       | 5.0       | 8.75      | 11.0

Infection rate (sitting): 1.41%

Expected vs Observed (sitting):
Metric           | Mean      | Std       | Min       | P25       | Median    | P75       | Max
-----------------------------------------------------------------------------------------------
Expected         | 7.51      | 3.88      | 0.0       | 5.15      | 8.68      | 10.63     | 12.02
Std              | 2.53      | 1.02      | 0.0       | 2.25      | 2.91      | 3.21      | 3.41
Z-score          | -0.7      | 0.81      | -2.06     | -0.98     | -0.72     | -0.05     | 0.47

--- Standing (occupation 2) ---
Metric           | Mean      | Std       | Min       | P25       | Median    | P75       | Max
-----------------------------------------------------------------------------------------------
Susceptible      | 394.5     | 64.47     | 360.0     | 369.5     | 375.5     | 382.0     | 576.0
Infectious       | 10.0      | 5.01      | 0.0       | 7.5       | 10.0      | 12.75     | 17.0
Exposed          | 3.3       | 1.83      | 0.0       | 2.0       | 3.5       | 4.75      | 6.0
Recovered        | 167.6     | 59.98     | 0.0       | 174.5     | 188.0     | 196.0     | 199.0
Dead             | 0.0       | 0.0       | 0.0       | 0.0       | 0.0       | 0.0       | 0.0
Same day other   | 0.6       | 0.84      | 0.0       | 0.0       | 0.0       | 1.0       | 2.0
Infected         | 18.8      | 9.98      | 0.0       | 17.25     | 20.5      | 24.5      | 31.0

Infection rate (standing): 4.77%

Expected vs Observed (standing):
Metric           | Mean      | Std       | Min       | P25       | Median    | P75       | Max
-----------------------------------------------------------------------------------------------
Expected         | 22.66     | 11.45     | 0.0       | 17.02     | 22.75     | 28.97     | 38.27
Std              | 4.29      | 1.68      | 0.0       | 4.02      | 4.62      | 5.17      | 5.87
Z-score          | -0.77     | 1.11      | -3.08     | -1.16     | -0.82     | -0.24     | 1.23

Per-generation breakdown (sitting):
Generation 1     | 4.7       | 2.83      | 0.0       | 2.5       | 4.5       | 7.0       | 9.0
Generation 2     | 2.8       | 2.97      | 0.0       | 1.0       | 1.5       | 5.75      | 7.0
Generation 3     | 2.3       | 2.67      | 0.0       | 0.25      | 1.0       | 4.25      | 7.0
Generation 4     | 1.5       | 2.22      | 0.0       | 0.0       | 0.0       | 3.25      | 5.0
Generation 5     | 1.1       | 1.91      | 0.0       | 0.0       | 0.0       | 1.5       | 5.0
Generation 6     | 0.5       | 0.97      | 0.0       | 0.0       | 0.0       | 0.75      | 3.0
Generation 7     | 0.3       | 0.67      | 0.0       | 0.0       | 0.0       | 0.0       | 2.0
Generation 8     | 0.4       | 0.84      | 0.0       | 0.0       | 0.0       | 0.0       | 2.0
Generation 9     | 0.3       | 0.67      | 0.0       | 0.0       | 0.0       | 0.0       | 2.0
Generation 10    | 0.1       | 0.32      | 0.0       | 0.0       | 0.0       | 0.0       | 1.0

Per-generation breakdown (standing):
Generation 1     | 13.4      | 7.82      | 0.0       | 8.25      | 15.0      | 20.25     | 23.0
Generation 2     | 8.1       | 5.0       | 0.0       | 5.5       | 8.5       | 10.75     | 17.0
Generation 3     | 7.1       | 5.11      | 0.0       | 4.0       | 8.0       | 9.5       | 17.0
Generation 4     | 5.5       | 6.35      | 0.0       | 1.25      | 3.0       | 6.75      | 19.0
Generation 5     | 4.2       | 5.65      | 0.0       | 0.0       | 3.0       | 3.75      | 15.0
Generation 6     | 3.9       | 4.61      | 0.0       | 0.0       | 2.5       | 5.75      | 13.0
Generation 7     | 2.8       | 4.39      | 0.0       | 0.0       | 0.0       | 4.5       | 13.0
Generation 8     | 2.4       | 3.84      | 0.0       | 0.0       | 0.0       | 3.5       | 11.0
Generation 9     | 1.0       | 2.16      | 0.0       | 0.0       | 0.0       | 0.0       | 6.0
Generation 10    | 0.4       | 0.84      | 0.0       | 0.0       | 0.0       | 0.0       | 2.0
Generation 11    | 0.4       | 0.97      | 0.0       | 0.0       | 0.0       | 0.0       | 3.0
Generation 12    | 0.1       | 0.32      | 0.0       | 0.0       | 0.0       | 0.0       | 1.0


##############################
### Concert Day 220
##############################

--- Global Epidemic Metrics ---
Metric           | Mean      | Std       | Min       | P25       | Median    | P75       | Max
-----------------------------------------------------------------------------------------------
Total infected   | 181957.9  | 63002.96  | 2808.0    | 198768.75 | 201634.5  | 203727.5  | 205316.0
Attack rate      | 41.88     | 14.5      | 0.66      | 45.75     | 46.41     | 46.89     | 47.25
R0               | 1.33      | 0.18      | 0.83      | 1.36      | 1.39      | 1.39      | 1.46
Infectious pop   | 8085.7    | 4378.13   | 14.0      | 6068.75   | 7766.5    | 11023.5   | 14040.0

--- Sitting (occupation 1) ---
Metric           | Mean      | Std       | Min       | P25       | Median    | P75       | Max
-----------------------------------------------------------------------------------------------
Susceptible      | 420.2     | 78.58     | 346.0     | 370.75    | 386.0     | 461.25    | 583.0
Infectious       | 11.3      | 5.36      | 0.0       | 8.5       | 13.5      | 14.75     | 18.0
Exposed          | 3.5       | 3.34      | 0.0       | 0.25      | 3.5       | 5.5       | 9.0
Recovered        | 146.7     | 75.92     | 0.0       | 96.0      | 185.5     | 192.75    | 223.0
Dead             | 0.0       | 0.0       | 0.0       | 0.0       | 0.0       | 0.0       | 0.0
Same day other   | 1.3       | 1.7       | 0.0       | 0.0       | 0.5       | 2.0       | 5.0
Infected         | 6.6       | 4.09      | 0.0       | 5.25      | 7.0       | 8.0       | 14.0

Infection rate (sitting): 1.57%

Expected vs Observed (sitting):
Metric           | Mean      | Std       | Min       | P25       | Median    | P75       | Max
-----------------------------------------------------------------------------------------------
Expected         | 9.13      | 4.28      | 0.0       | 7.93      | 9.74      | 11.4      | 14.43
Std              | 2.8       | 1.08      | 0.0       | 2.79      | 3.08      | 3.32      | 3.73
Z-score          | -0.77     | 0.98      | -2.94     | -1.05     | -1.0      | -0.03     | 0.55

--- Standing (occupation 2) ---
Metric           | Mean      | Std       | Min       | P25       | Median    | P75       | Max
-----------------------------------------------------------------------------------------------
Susceptible      | 415.0     | 77.43     | 352.0     | 360.5     | 374.0     | 458.75    | 576.0
Infectious       | 10.9      | 8.2       | 0.0       | 5.0       | 10.0      | 18.25     | 22.0
Exposed          | 3.6       | 3.37      | 0.0       | 1.25      | 2.5       | 6.25      | 10.0
Recovered        | 145.4     | 78.21     | 0.0       | 89.75     | 181.5     | 201.0     | 219.0
Dead             | 0.0       | 0.0       | 0.0       | 0.0       | 0.0       | 0.0       | 0.0
Same day other   | 1.1       | 1.66      | 0.0       | 0.0       | 0.5       | 1.0       | 5.0
Infected         | 17.3      | 13.2      | 0.0       | 7.25      | 17.0      | 27.25     | 36.0

Infection rate (standing): 4.17%

Expected vs Observed (standing):
Metric           | Mean      | Std       | Min       | P25       | Median    | P75       | Max
-----------------------------------------------------------------------------------------------
Expected         | 26.31     | 19.7      | 0.0       | 10.96     | 26.4      | 43.88     | 53.53
Std              | 4.36      | 2.3       | 0.0       | 3.26      | 4.96      | 6.28      | 6.83
Z-score          | -1.68     | 0.99      | -3.15     | -2.15     | -1.9      | -1.5      | 0.0

Per-generation breakdown (sitting):
Generation 1     | 5.9       | 5.57      | 0.0       | 3.25      | 4.5       | 7.5       | 19.0
Generation 2     | 4.8       | 5.05      | 0.0       | 0.75      | 3.5       | 7.25      | 16.0
Generation 3     | 3.4       | 4.74      | 0.0       | 0.25      | 3.0       | 3.0       | 16.0
Generation 4     | 2.8       | 3.94      | 0.0       | 0.25      | 1.5       | 3.0       | 13.0
Generation 5     | 1.9       | 4.04      | 0.0       | 0.0       | 0.0       | 1.75      | 13.0
Generation 6     | 1.3       | 3.13      | 0.0       | 0.0       | 0.0       | 0.75      | 10.0
Generation 7     | 1.2       | 2.53      | 0.0       | 0.0       | 0.0       | 1.5       | 8.0
Generation 8     | 0.9       | 2.02      | 0.0       | 0.0       | 0.0       | 0.0       | 6.0
Generation 9     | 0.4       | 1.26      | 0.0       | 0.0       | 0.0       | 0.0       | 4.0
Generation 10    | 0.5       | 1.58      | 0.0       | 0.0       | 0.0       | 0.0       | 5.0
Generation 11    | 0.4       | 1.26      | 0.0       | 0.0       | 0.0       | 0.0       | 4.0
Generation 12    | 0.4       | 1.26      | 0.0       | 0.0       | 0.0       | 0.0       | 4.0
Generation 13    | 0.3       | 0.95      | 0.0       | 0.0       | 0.0       | 0.0       | 3.0

Per-generation breakdown (standing):
Generation 1     | 13.0      | 11.07     | 0.0       | 3.75      | 13.5      | 19.75     | 34.0
Generation 2     | 8.9       | 7.4       | 0.0       | 1.75      | 10.0      | 13.75     | 19.0
Generation 3     | 7.9       | 7.95      | 0.0       | 0.25      | 7.5       | 12.75     | 23.0
Generation 4     | 7.6       | 8.11      | 0.0       | 0.0       | 6.5       | 13.0      | 23.0
Generation 5     | 5.1       | 5.8       | 0.0       | 0.0       | 3.5       | 10.25     | 14.0
Generation 6     | 3.6       | 4.99      | 0.0       | 0.0       | 1.0       | 5.75      | 15.0
Generation 7     | 2.4       | 3.24      | 0.0       | 0.0       | 0.0       | 5.5       | 8.0
Generation 8     | 1.8       | 2.57      | 0.0       | 0.0       | 0.0       | 3.5       | 6.0
Generation 9     | 1.2       | 1.81      | 0.0       | 0.0       | 0.0       | 2.5       | 5.0
Generation 10    | 0.9       | 1.52      | 0.0       | 0.0       | 0.0       | 1.5       | 4.0
Generation 11    | 0.4       | 0.7       | 0.0       | 0.0       | 0.0       | 0.75      | 2.0
Generation 12    | 0.1       | 0.32      | 0.0       | 0.0       | 0.0       | 0.0       | 1.0
Generation 13    | 0.3       | 0.95      | 0.0       | 0.0       | 0.0       | 0.0       | 3.0
Generation 14    | 0.7       | 2.21      | 0.0       | 0.0       | 0.0       | 0.0       | 7.0
Generation 15    | 0.4       | 1.26      | 0.0       | 0.0       | 0.0       | 0.0       | 4.0
Generation 16    | 0.4       | 1.26      | 0.0       | 0.0       | 0.0       | 0.0       | 4.0
Generation 17    | 0.3       | 0.95      | 0.0       | 0.0       | 0.0       | 0.0       | 3.0
Generation 18    | 0.1       | 0.32      | 0.0       | 0.0       | 0.0       | 0.0       | 1.0


##############################
### Concert Day 230
##############################

--- Global Epidemic Metrics ---
Metric           | Mean      | Std       | Min       | P25       | Median    | P75       | Max
-----------------------------------------------------------------------------------------------
Total infected   | 199987.6  | 4739.0    | 191468.0  | 196926.75 | 202029.0  | 203517.0  | 205294.0
Attack rate      | 46.03     | 1.09      | 44.07     | 45.32     | 46.5      | 46.84     | 47.25
R0               | 1.33      | 0.04      | 1.28      | 1.31      | 1.33      | 1.37      | 1.38
Infectious pop   | 8663.5    | 3460.44   | 3760.0    | 5312.25   | 9760.0    | 11444.75  | 12982.0

--- Sitting (occupation 1) ---
Metric           | Mean      | Std       | Min       | P25       | Median    | P75       | Max
-----------------------------------------------------------------------------------------------
Susceptible      | 404.4     | 62.37     | 350.0     | 364.25    | 386.0     | 394.5     | 529.0
Infectious       | 11.8      | 6.01      | 2.0       | 6.5       | 13.0      | 16.5      | 20.0
Exposed          | 5.0       | 2.98      | 1.0       | 4.0       | 4.0       | 7.0       | 10.0
Recovered        | 161.0     | 65.88     | 36.0      | 162.5     | 174.5     | 202.25    | 222.0
Dead             | 0.0       | 0.0       | 0.0       | 0.0       | 0.0       | 0.0       | 0.0
Same day other   | 0.8       | 0.42      | 0.0       | 1.0       | 1.0       | 1.0       | 1.0
Infected         | 7.1       | 4.48      | 0.0       | 4.0       | 7.0       | 9.0       | 16.0

Infection rate (sitting): 1.76%

Expected vs Observed (sitting):
Metric           | Mean      | Std       | Min       | P25       | Median    | P75       | Max
-----------------------------------------------------------------------------------------------
Expected         | 9.89      | 5.58      | 1.49      | 5.61      | 9.94      | 12.89     | 20.56
Std              | 2.97      | 0.94      | 1.22      | 2.33      | 3.11      | 3.53      | 4.44
Z-score          | -0.88     | 0.75      | -2.59     | -1.17     | -0.74     | -0.31     | -0.15

--- Standing (occupation 2) ---
Metric           | Mean      | Std       | Min       | P25       | Median    | P75       | Max
-----------------------------------------------------------------------------------------------
Susceptible      | 403.4     | 59.96     | 352.0     | 364.5     | 379.5     | 401.5     | 525.0
Infectious       | 12.0      | 4.97      | 5.0       | 8.5       | 10.5      | 16.5      | 20.0
Exposed          | 4.4       | 3.06      | 1.0       | 2.25      | 3.5       | 5.0       | 11.0
Recovered        | 155.3     | 61.02     | 32.0      | 153.25    | 184.5     | 188.5     | 216.0
Dead             | 0.0       | 0.0       | 0.0       | 0.0       | 0.0       | 0.0       | 0.0
Same day other   | 0.9       | 0.74      | 0.0       | 0.25      | 1.0       | 1.0       | 2.0
Infected         | 20.1      | 10.73     | 2.0       | 12.5      | 21.0      | 29.0      | 34.0

Infection rate (standing): 4.98%

Expected vs Observed (standing):
Metric           | Mean      | Std       | Min       | P25       | Median    | P75       | Max
-----------------------------------------------------------------------------------------------
Expected         | 28.93     | 11.24     | 10.85     | 19.69     | 32.57     | 36.29     | 46.72
Std              | 5.07      | 1.0       | 3.24      | 4.32      | 5.52      | 5.72      | 6.42
Z-score          | -1.75     | 1.11      | -3.38     | -2.7      | -1.53     | -0.73     | -0.41

Per-generation breakdown (sitting):
Generation 1     | 5.3       | 4.64      | 0.0       | 3.0       | 5.0       | 6.75      | 16.0
Generation 2     | 4.9       | 5.28      | 0.0       | 0.25      | 4.0       | 7.75      | 16.0
Generation 3     | 3.9       | 5.28      | 0.0       | 0.0       | 1.0       | 6.5       | 15.0
Generation 4     | 3.8       | 6.7       | 0.0       | 0.0       | 0.5       | 3.25      | 19.0
Generation 5     | 2.5       | 4.62      | 0.0       | 0.0       | 0.0       | 1.75      | 13.0
Generation 6     | 1.8       | 3.82      | 0.0       | 0.0       | 0.0       | 0.0       | 10.0
Generation 7     | 2.1       | 4.48      | 0.0       | 0.0       | 0.0       | 0.0       | 12.0
Generation 8     | 1.7       | 3.59      | 0.0       | 0.0       | 0.0       | 0.0       | 9.0
Generation 9     | 0.7       | 1.49      | 0.0       | 0.0       | 0.0       | 0.0       | 4.0
Generation 10    | 0.6       | 1.35      | 0.0       | 0.0       | 0.0       | 0.0       | 4.0
Generation 11    | 0.3       | 0.67      | 0.0       | 0.0       | 0.0       | 0.0       | 2.0
Generation 12    | 0.1       | 0.32      | 0.0       | 0.0       | 0.0       | 0.0       | 1.0

Per-generation breakdown (standing):
Generation 1     | 18.7      | 13.03     | 1.0       | 7.75      | 18.5      | 29.75     | 34.0
Generation 2     | 14.7      | 14.86     | 0.0       | 5.0       | 8.5       | 18.75     | 47.0
Generation 3     | 11.3      | 14.95     | 0.0       | 1.25      | 5.0       | 16.25     | 45.0
Generation 4     | 11.6      | 18.02     | 0.0       | 2.25      | 3.0       | 14.5      | 59.0
Generation 5     | 10.9      | 18.03     | 0.0       | 1.25      | 3.5       | 13.0      | 59.0
Generation 6     | 7.8       | 14.09     | 0.0       | 0.25      | 2.5       | 8.5       | 46.0
Generation 7     | 8.1       | 15.98     | 0.0       | 0.0       | 1.5       | 7.5       | 52.0
Generation 8     | 6.1       | 13.84     | 0.0       | 0.0       | 1.0       | 4.75      | 45.0
Generation 9     | 4.5       | 9.55      | 0.0       | 0.0       | 0.5       | 3.75      | 31.0
Generation 10    | 3.1       | 9.11      | 0.0       | 0.0       | 0.0       | 0.75      | 29.0
Generation 11    | 2.3       | 7.27      | 0.0       | 0.0       | 0.0       | 0.0       | 23.0
Generation 12    | 1.4       | 4.43      | 0.0       | 0.0       | 0.0       | 0.0       | 14.0
Generation 13    | 1.7       | 5.38      | 0.0       | 0.0       | 0.0       | 0.0       | 17.0
Generation 14    | 1.5       | 4.74      | 0.0       | 0.0       | 0.0       | 0.0       | 15.0
Generation 15    | 0.9       | 2.85      | 0.0       | 0.0       | 0.0       | 0.0       | 9.0
Generation 16    | 0.5       | 1.58      | 0.0       | 0.0       | 0.0       | 0.0       | 5.0
Generation 17    | 0.1       | 0.32      | 0.0       | 0.0       | 0.0       | 0.0       | 1.0
Generation 18    | 0.1       | 0.32      | 0.0       | 0.0       | 0.0       | 0.0       | 1.0


##############################
### Concert Day 240
##############################

--- Global Epidemic Metrics ---
Metric           | Mean      | Std       | Min       | P25       | Median    | P75       | Max
-----------------------------------------------------------------------------------------------
Total infected   | 201349.7  | 5051.87   | 193613.0  | 197981.5  | 201223.5  | 204257.25 | 211428.0
Attack rate      | 46.34     | 1.16      | 44.56     | 45.57     | 46.31     | 47.01     | 48.66
R0               | 1.37      | 0.07      | 1.28      | 1.33      | 1.36      | 1.39      | 1.53
Infectious pop   | 6255.3    | 4251.83   | 618.0     | 2248.75   | 6505.5    | 9689.25   | 12509.0

--- Sitting (occupation 1) ---
Metric           | Mean      | Std       | Min       | P25       | Median    | P75       | Max
-----------------------------------------------------------------------------------------------
Susceptible      | 379.8     | 53.8      | 335.0     | 343.75    | 361.5     | 400.0     | 513.0
Infectious       | 9.2       | 6.29      | 0.0       | 4.5       | 10.0      | 14.25     | 17.0
Exposed          | 4.6       | 3.92      | 0.0       | 1.25      | 5.0       | 6.75      | 12.0
Recovered        | 188.5     | 61.7      | 45.0      | 161.5     | 206.5     | 231.75    | 247.0
Dead             | 0.0       | 0.0       | 0.0       | 0.0       | 0.0       | 0.0       | 0.0
Same day other   | 0.9       | 1.1       | 0.0       | 0.0       | 0.5       | 1.75      | 3.0
Infected         | 4.4       | 2.72      | 0.0       | 2.75      | 5.5       | 6.0       | 7.0

Infection rate (sitting): 1.16%

Expected vs Observed (sitting):
Metric           | Mean      | Std       | Min       | P25       | Median    | P75       | Max
-----------------------------------------------------------------------------------------------
Expected         | 7.52      | 5.62      | 0.0       | 3.18      | 7.24      | 12.51     | 15.62
Std              | 2.41      | 1.28      | 0.0       | 1.76      | 2.66      | 3.47      | 3.89
Z-score          | -0.96     | 0.94      | -2.43     | -1.65     | -0.8      | -0.2      | 0.29

--- Standing (occupation 2) ---
Metric           | Mean      | Std       | Min       | P25       | Median    | P75       | Max
-----------------------------------------------------------------------------------------------
Susceptible      | 377.2     | 50.65     | 329.0     | 347.5     | 362.5     | 391.75    | 501.0
Infectious       | 8.6       | 5.76      | 1.0       | 4.25      | 8.0       | 13.25     | 17.0
Exposed          | 3.2       | 3.16      | 0.0       | 1.0       | 2.5       | 4.0       | 9.0
Recovered        | 186.0     | 56.94     | 53.0      | 165.25    | 203.5     | 220.5     | 246.0
Dead             | 0.0       | 0.0       | 0.0       | 0.0       | 0.0       | 0.0       | 0.0
Same day other   | 1.0       | 1.25      | 0.0       | 0.0       | 1.0       | 1.0       | 4.0
Infected         | 12.8      | 10.66     | 2.0       | 3.25      | 10.0      | 22.75     | 28.0

Infection rate (standing): 3.39%

Expected vs Observed (standing):
Metric           | Mean      | Std       | Min       | P25       | Median    | P75       | Max
-----------------------------------------------------------------------------------------------
Expected         | 20.18     | 13.81     | 2.05      | 9.09      | 20.53     | 29.33     | 38.89
Std              | 4.05      | 1.6       | 1.43      | 2.97      | 4.36      | 5.2       | 5.93
Z-score          | -1.59     | 1.22      | -2.64     | -2.33     | -2.01     | -1.22     | 1.36

Per-generation breakdown (sitting):
Generation 1     | 3.6       | 2.76      | 0.0       | 2.0       | 4.0       | 5.0       | 9.0
Generation 2     | 2.8       | 3.58      | 0.0       | 0.0       | 1.5       | 5.0       | 10.0
Generation 3     | 1.9       | 2.69      | 0.0       | 0.0       | 0.5       | 3.5       | 8.0
Generation 4     | 1.5       | 2.59      | 0.0       | 0.0       | 0.0       | 2.25      | 7.0
Generation 5     | 0.9       | 2.02      | 0.0       | 0.0       | 0.0       | 0.0       | 6.0
Generation 6     | 1.4       | 3.5       | 0.0       | 0.0       | 0.0       | 0.0       | 11.0
Generation 7     | 1.9       | 4.07      | 0.0       | 0.0       | 0.0       | 0.0       | 11.0
Generation 8     | 1.2       | 2.57      | 0.0       | 0.0       | 0.0       | 0.0       | 7.0
Generation 9     | 1.1       | 2.42      | 0.0       | 0.0       | 0.0       | 0.0       | 7.0
Generation 10    | 1.1       | 2.33      | 0.0       | 0.0       | 0.0       | 0.0       | 6.0
Generation 11    | 0.6       | 1.35      | 0.0       | 0.0       | 0.0       | 0.0       | 4.0
Generation 12    | 0.4       | 0.84      | 0.0       | 0.0       | 0.0       | 0.0       | 2.0
Generation 13    | 0.2       | 0.42      | 0.0       | 0.0       | 0.0       | 0.0       | 1.0
Generation 14    | 0.2       | 0.63      | 0.0       | 0.0       | 0.0       | 0.0       | 2.0
Generation 15    | 0.2       | 0.63      | 0.0       | 0.0       | 0.0       | 0.0       | 2.0
Generation 16    | 0.2       | 0.63      | 0.0       | 0.0       | 0.0       | 0.0       | 2.0
Generation 17    | 0.1       | 0.32      | 0.0       | 0.0       | 0.0       | 0.0       | 1.0

Per-generation breakdown (standing):
Generation 1     | 10.4      | 7.63      | 1.0       | 6.25      | 7.0       | 15.75     | 24.0
Generation 2     | 6.5       | 6.52      | 0.0       | 2.25      | 4.5       | 7.5       | 19.0
Generation 3     | 3.7       | 4.4       | 0.0       | 0.0       | 3.0       | 4.75      | 13.0
Generation 4     | 2.1       | 2.28      | 0.0       | 0.0       | 1.5       | 3.75      | 6.0
Generation 5     | 1.9       | 2.42      | 0.0       | 0.0       | 1.0       | 2.75      | 7.0
Generation 6     | 1.5       | 1.65      | 0.0       | 0.0       | 1.0       | 3.0       | 4.0
Generation 7     | 1.1       | 1.66      | 0.0       | 0.0       | 0.5       | 1.0       | 5.0
Generation 8     | 0.5       | 0.85      | 0.0       | 0.0       | 0.0       | 0.75      | 2.0
Generation 9     | 0.6       | 1.07      | 0.0       | 0.0       | 0.0       | 0.75      | 3.0
Generation 10    | 0.5       | 1.58      | 0.0       | 0.0       | 0.0       | 0.0       | 5.0
Generation 11    | 0.3       | 0.95      | 0.0       | 0.0       | 0.0       | 0.0       | 3.0
Generation 12    | 0.2       | 0.63      | 0.0       | 0.0       | 0.0       | 0.0       | 2.0
Generation 13    | 0.1       | 0.32      | 0.0       | 0.0       | 0.0       | 0.0       | 1.0


##############################
### Concert Day 250
##############################

--- Global Epidemic Metrics ---
Metric           | Mean      | Std       | Min       | P25       | Median    | P75       | Max
-----------------------------------------------------------------------------------------------
Total infected   | 201843.0  | 6311.35   | 190206.0  | 199165.0  | 202618.5  | 205160.0  | 211500.0
Attack rate      | 46.45     | 1.45      | 43.78     | 45.84     | 46.63     | 47.22     | 48.68
R0               | 1.37      | 0.05      | 1.29      | 1.35      | 1.37      | 1.4       | 1.46
Infectious pop   | 5167.9    | 4930.23   | 688.0     | 2103.75   | 2544.0    | 8850.0    | 13810.0

--- Sitting (occupation 1) ---
Metric           | Mean      | Std       | Min       | P25       | Median    | P75       | Max
-----------------------------------------------------------------------------------------------
Susceptible      | 383.9     | 69.28     | 328.0     | 338.5     | 365.0     | 399.0     | 561.0
Infectious       | 7.1       | 8.53      | 0.0       | 1.0       | 3.5       | 11.0      | 24.0
Exposed          | 2.7       | 2.91      | 0.0       | 1.0       | 2.5       | 3.0       | 10.0
Recovered        | 188.2     | 71.57     | 17.0      | 167.75    | 204.0     | 240.25    | 251.0
Dead             | 0.0       | 0.0       | 0.0       | 0.0       | 0.0       | 0.0       | 0.0
Same day other   | 1.1       | 1.6       | 0.0       | 0.0       | 0.5       | 1.0       | 4.0
Infected         | 3.3       | 3.68      | 0.0       | 0.25      | 2.0       | 6.0       | 10.0

Infection rate (sitting): 0.86%

Expected vs Observed (sitting):
Metric           | Mean      | Std       | Min       | P25       | Median    | P75       | Max
-----------------------------------------------------------------------------------------------
Expected         | 5.61      | 6.62      | 0.0       | 0.73      | 3.12      | 9.19      | 18.68
Std              | 1.92      | 1.39      | 0.0       | 0.85      | 1.76      | 2.93      | 4.22
Z-score          | -0.66     | 1.2       | -2.53     | -1.65     | -0.55     | 0.1       | 1.29

--- Standing (occupation 2) ---
Metric           | Mean      | Std       | Min       | P25       | Median    | P75       | Max
-----------------------------------------------------------------------------------------------
Susceptible      | 380.7     | 66.62     | 334.0     | 345.0     | 365.5     | 370.5     | 561.0
Infectious       | 8.5       | 9.4       | 2.0       | 2.0       | 3.5       | 13.5      | 28.0
Exposed          | 2.4       | 3.41      | 0.0       | 0.0       | 1.0       | 2.75      | 9.0
Recovered        | 184.0     | 68.59     | 11.0      | 181.75    | 206.0     | 227.75    | 240.0
Dead             | 0.0       | 0.0       | 0.0       | 0.0       | 0.0       | 0.0       | 0.0
Same day other   | 0.4       | 0.7       | 0.0       | 0.0       | 0.0       | 0.75      | 2.0
Infected         | 14.6      | 19.18     | 0.0       | 1.25      | 4.5       | 24.75     | 58.0

Infection rate (standing): 3.84%

Expected vs Observed (standing):
Metric           | Mean      | Std       | Min       | P25       | Median    | P75       | Max
-----------------------------------------------------------------------------------------------
Expected         | 19.48     | 21.26     | 4.16      | 4.5       | 9.87      | 29.63     | 65.12
Std              | 3.73      | 1.99      | 2.03      | 2.11      | 3.04      | 5.13      | 7.39
Z-score          | -1.3      | 1.02      | -2.63     | -1.84     | -1.39     | -1.02     | 0.38

Per-generation breakdown (sitting):
Generation 1     | 2.1       | 2.81      | 0.0       | 0.0       | 1.5       | 2.75      | 9.0
Generation 2     | 2.1       | 3.41      | 0.0       | 0.0       | 1.0       | 2.0       | 11.0
Generation 3     | 1.8       | 3.16      | 0.0       | 0.0       | 0.5       | 1.75      | 10.0
Generation 4     | 2.3       | 4.74      | 0.0       | 0.0       | 0.0       | 1.75      | 15.0
Generation 5     | 1.2       | 2.53      | 0.0       | 0.0       | 0.0       | 1.5       | 8.0
Generation 6     | 1.2       | 2.3       | 0.0       | 0.0       | 0.0       | 0.75      | 6.0
Generation 7     | 0.6       | 1.26      | 0.0       | 0.0       | 0.0       | 0.75      | 4.0
Generation 8     | 0.4       | 0.7       | 0.0       | 0.0       | 0.0       | 0.75      | 2.0

Per-generation breakdown (standing):
Generation 1     | 12.2      | 16.48     | 0.0       | 0.25      | 3.0       | 21.0      | 50.0
Generation 2     | 9.0       | 12.01     | 0.0       | 0.0       | 3.0       | 14.5      | 34.0
Generation 3     | 9.8       | 14.37     | 0.0       | 0.0       | 0.5       | 15.75     | 40.0
Generation 4     | 9.7       | 17.68     | 0.0       | 0.0       | 0.5       | 10.0      | 54.0
Generation 5     | 7.9       | 14.98     | 0.0       | 0.0       | 0.5       | 4.75      | 45.0
Generation 6     | 9.1       | 18.5      | 0.0       | 0.0       | 0.5       | 4.0       | 57.0
Generation 7     | 8.5       | 18.89     | 0.0       | 0.0       | 0.0       | 2.75      | 59.0
Generation 8     | 7.3       | 17.92     | 0.0       | 0.0       | 0.0       | 1.75      | 57.0
Generation 9     | 6.2       | 17.25     | 0.0       | 0.0       | 0.0       | 0.75      | 55.0
Generation 10    | 5.5       | 16.04     | 0.0       | 0.0       | 0.0       | 0.0       | 51.0
Generation 11    | 4.7       | 12.89     | 0.0       | 0.0       | 0.0       | 0.0       | 41.0
Generation 12    | 4.3       | 12.91     | 0.0       | 0.0       | 0.0       | 0.0       | 41.0
Generation 13    | 2.8       | 7.86      | 0.0       | 0.0       | 0.0       | 0.0       | 25.0
Generation 14    | 1.5       | 4.4       | 0.0       | 0.0       | 0.0       | 0.0       | 14.0
Generation 15    | 1.1       | 3.48      | 0.0       | 0.0       | 0.0       | 0.0       | 11.0
Generation 16    | 0.8       | 2.53      | 0.0       | 0.0       | 0.0       | 0.0       | 8.0
Generation 17    | 0.4       | 1.26      | 0.0       | 0.0       | 0.0       | 0.0       | 4.0


##############################
### Concert Day 260
##############################

--- Global Epidemic Metrics ---
Metric           | Mean      | Std       | Min       | P25       | Median    | P75       | Max
-----------------------------------------------------------------------------------------------
Total infected   | 204110.1  | 3372.82   | 199818.0  | 201065.0  | 204518.5  | 206307.5  | 208755.0
Attack rate      | 46.98     | 0.78      | 45.99     | 46.28     | 47.07     | 47.48     | 48.04
R0               | 1.34      | 0.03      | 1.28      | 1.34      | 1.34      | 1.36      | 1.38
Infectious pop   | 4649.7    | 4683.78   | 776.0     | 882.75    | 3008.0    | 7308.25   | 15191.0

--- Sitting (occupation 1) ---
Metric           | Mean      | Std       | Min       | P25       | Median    | P75       | Max
-----------------------------------------------------------------------------------------------
Susceptible      | 353.0     | 16.59     | 338.0     | 342.25    | 348.5     | 356.0     | 394.0
Infectious       | 6.8       | 6.65      | 0.0       | 1.25      | 5.0       | 10.0      | 20.0
Exposed          | 2.7       | 4.16      | 0.0       | 0.25      | 1.0       | 2.0       | 13.0
Recovered        | 220.0     | 26.41     | 155.0     | 210.75    | 226.5     | 238.75    | 243.0
Dead             | 0.0       | 0.0       | 0.0       | 0.0       | 0.0       | 0.0       | 0.0
Same day other   | 0.5       | 0.85      | 0.0       | 0.0       | 0.0       | 0.75      | 2.0
Infected         | 2.5       | 3.37      | 0.0       | 0.25      | 1.5       | 2.75      | 11.0

Infection rate (sitting): 0.71%

Expected vs Observed (sitting):
Metric           | Mean      | Std       | Min       | P25       | Median    | P75       | Max
-----------------------------------------------------------------------------------------------
Expected         | 5.06      | 5.15      | 0.0       | 0.88      | 3.61      | 7.35      | 15.92
Std              | 1.89      | 1.22      | 0.0       | 0.92      | 1.85      | 2.68      | 3.91
Z-score          | -1.05     | 0.69      | -2.27     | -1.35     | -0.87     | -0.78     | 0.0

--- Standing (occupation 2) ---
Metric           | Mean      | Std       | Min       | P25       | Median    | P75       | Max
-----------------------------------------------------------------------------------------------
Susceptible      | 352.2     | 18.91     | 321.0     | 341.75    | 355.0     | 357.75    | 390.0
Infectious       | 6.9       | 7.77      | 0.0       | 1.5       | 5.0       | 8.5       | 25.0
Exposed          | 2.0       | 2.4       | 0.0       | 0.0       | 1.5       | 2.75      | 7.0
Recovered        | 214.6     | 25.98     | 152.0     | 209.5     | 215.5     | 225.0     | 252.0
Dead             | 0.0       | 0.0       | 0.0       | 0.0       | 0.0       | 0.0       | 0.0
Same day other   | 0.3       | 0.67      | 0.0       | 0.0       | 0.0       | 0.0       | 2.0
Infected         | 10.2      | 12.93     | 0.0       | 4.5       | 6.5       | 9.25      | 44.0

Infection rate (standing): 2.9%

Expected vs Observed (standing):
Metric           | Mean      | Std       | Min       | P25       | Median    | P75       | Max
-----------------------------------------------------------------------------------------------
Expected         | 14.89     | 17.34     | 0.0       | 3.21      | 10.46     | 18.31     | 56.51
Std              | 3.03      | 2.21      | 0.0       | 1.74      | 3.13      | 4.16      | 6.95
Z-score          | -0.87     | 1.52      | -4.28     | -1.66     | -0.31     | 0.0       | 1.14

Per-generation breakdown (sitting):
Generation 1     | 1.9       | 3.11      | 0.0       | 0.0       | 0.5       | 2.75      | 10.0
Generation 2     | 1.2       | 2.3       | 0.0       | 0.0       | 0.0       | 1.5       | 7.0
Generation 3     | 0.5       | 1.08      | 0.0       | 0.0       | 0.0       | 0.0       | 3.0
Generation 4     | 0.1       | 0.32      | 0.0       | 0.0       | 0.0       | 0.0       | 1.0
Generation 5     | 0.1       | 0.32      | 0.0       | 0.0       | 0.0       | 0.0       | 1.0
Generation 6     | 0.1       | 0.32      | 0.0       | 0.0       | 0.0       | 0.0       | 1.0

Per-generation breakdown (standing):
Generation 1     | 7.6       | 10.56     | 0.0       | 0.5       | 4.5       | 8.75      | 34.0
Generation 2     | 5.2       | 8.22      | 0.0       | 0.0       | 2.0       | 5.0       | 26.0
Generation 3     | 4.5       | 7.4       | 0.0       | 0.0       | 1.5       | 5.0       | 24.0
Generation 4     | 2.9       | 4.38      | 0.0       | 0.0       | 1.0       | 4.5       | 14.0
Generation 5     | 1.9       | 3.48      | 0.0       | 0.0       | 0.0       | 2.0       | 11.0
Generation 6     | 1.6       | 2.63      | 0.0       | 0.0       | 0.0       | 2.0       | 8.0
Generation 7     | 1.6       | 2.67      | 0.0       | 0.0       | 0.0       | 1.75      | 7.0
Generation 8     | 1.2       | 2.3       | 0.0       | 0.0       | 0.0       | 1.5       | 7.0
Generation 9     | 0.8       | 1.48      | 0.0       | 0.0       | 0.0       | 0.75      | 4.0
Generation 10    | 0.4       | 0.97      | 0.0       | 0.0       | 0.0       | 0.0       | 3.0
Generation 11    | 0.2       | 0.63      | 0.0       | 0.0       | 0.0       | 0.0       | 2.0
Generation 12    | 0.2       | 0.63      | 0.0       | 0.0       | 0.0       | 0.0       | 2.0
Generation 13    | 0.2       | 0.63      | 0.0       | 0.0       | 0.0       | 0.0       | 2.0
Generation 14    | 0.2       | 0.63      | 0.0       | 0.0       | 0.0       | 0.0       | 2.0
Generation 15    | 0.2       | 0.63      | 0.0       | 0.0       | 0.0       | 0.0       | 2.0


##############################
### Concert Day 270
##############################

--- Global Epidemic Metrics ---
Metric           | Mean      | Std       | Min       | P25       | Median    | P75       | Max
-----------------------------------------------------------------------------------------------
Total infected   | 186158.8  | 33815.85  | 93434.0   | 188785.75 | 198931.0  | 201497.0  | 206668.0
Attack rate      | 42.85     | 7.78      | 21.51     | 43.45     | 45.78     | 46.37     | 47.56
R0               | 1.34      | 0.08      | 1.19      | 1.3       | 1.36      | 1.39      | 1.45
Infectious pop   | 3366.0    | 3611.95   | 644.0     | 1236.75   | 1799.0    | 3578.5    | 11896.0

--- Sitting (occupation 1) ---
Metric           | Mean      | Std       | Min       | P25       | Median    | P75       | Max
-----------------------------------------------------------------------------------------------
Susceptible      | 410.7     | 92.45     | 342.0     | 351.25    | 362.5     | 447.0     | 575.0
Infectious       | 4.5       | 2.8       | 1.0       | 2.25      | 4.0       | 5.75      | 9.0
Exposed          | 2.1       | 3.67      | 0.0       | 0.25      | 1.0       | 1.0       | 12.0
Recovered        | 165.2     | 94.27     | 5.0       | 117.0     | 215.0     | 228.5     | 238.0
Dead             | 0.0       | 0.0       | 0.0       | 0.0       | 0.0       | 0.0       | 0.0
Same day other   | 0.5       | 0.53      | 0.0       | 0.0       | 0.5       | 1.0       | 1.0
Infected         | 1.7       | 1.34      | 0.0       | 1.0       | 1.5       | 2.75      | 4.0

Infection rate (sitting): 0.41%

Expected vs Observed (sitting):
Metric           | Mean      | Std       | Min       | P25       | Median    | P75       | Max
-----------------------------------------------------------------------------------------------
Expected         | 3.79      | 2.47      | 0.71      | 2.27      | 3.27      | 4.59      | 8.64
Std              | 1.84      | 0.63      | 0.84      | 1.5       | 1.79      | 2.13      | 2.91
Z-score          | -0.93     | 0.94      | -2.66     | -1.58     | -0.66     | -0.27     | 0.35

--- Standing (occupation 2) ---
Metric           | Mean      | Std       | Min       | P25       | Median    | P75       | Max
-----------------------------------------------------------------------------------------------
Susceptible      | 402.8     | 95.89     | 335.0     | 340.25    | 351.0     | 451.0     | 574.0
Infectious       | 4.9       | 4.46      | 0.0       | 1.5       | 4.0       | 7.0       | 14.0
Exposed          | 1.3       | 1.77      | 0.0       | 0.0       | 1.0       | 1.0       | 5.0
Recovered        | 166.5     | 96.93     | 2.0       | 108.5     | 220.5     | 229.0     | 237.0
Dead             | 0.0       | 0.0       | 0.0       | 0.0       | 0.0       | 0.0       | 0.0
Same day other   | 0.5       | 0.71      | 0.0       | 0.0       | 0.0       | 1.0       | 2.0
Infected         | 8.5       | 11.07     | 0.0       | 1.5       | 7.0       | 8.75      | 38.0

Infection rate (standing): 2.11%

Expected vs Observed (standing):
Metric           | Mean      | Std       | Min       | P25       | Median    | P75       | Max
-----------------------------------------------------------------------------------------------
Expected         | 11.83     | 11.99     | 0.0       | 3.75      | 8.45      | 14.97     | 40.45
Std              | 2.93      | 1.71      | 0.0       | 1.83      | 2.87      | 3.77      | 6.09
Z-score          | -1.02     | 0.94      | -2.54     | -1.5      | -1.1      | -0.23     | 0.25

Per-generation breakdown (sitting):
Generation 1     | 1.7       | 1.83      | 0.0       | 0.0       | 1.5       | 2.75      | 5.0
Generation 2     | 1.2       | 1.75      | 0.0       | 0.0       | 0.0       | 2.0       | 5.0
Generation 3     | 2.0       | 3.06      | 0.0       | 0.0       | 0.0       | 4.0       | 7.0
Generation 4     | 1.9       | 3.31      | 0.0       | 0.0       | 0.0       | 2.5       | 10.0
Generation 5     | 2.2       | 4.78      | 0.0       | 0.0       | 0.0       | 1.5       | 15.0
Generation 6     | 1.7       | 3.06      | 0.0       | 0.0       | 0.0       | 3.0       | 9.0
Generation 7     | 1.2       | 1.99      | 0.0       | 0.0       | 0.0       | 2.25      | 5.0
Generation 8     | 1.4       | 2.37      | 0.0       | 0.0       | 0.0       | 2.25      | 6.0
Generation 9     | 1.8       | 3.36      | 0.0       | 0.0       | 0.0       | 1.5       | 9.0
Generation 10    | 1.5       | 3.24      | 0.0       | 0.0       | 0.0       | 0.0       | 9.0
Generation 11    | 2.1       | 5.13      | 0.0       | 0.0       | 0.0       | 0.0       | 16.0
Generation 12    | 1.2       | 3.46      | 0.0       | 0.0       | 0.0       | 0.0       | 11.0
Generation 13    | 0.9       | 2.51      | 0.0       | 0.0       | 0.0       | 0.0       | 8.0
Generation 14    | 0.8       | 2.53      | 0.0       | 0.0       | 0.0       | 0.0       | 8.0
Generation 15    | 0.4       | 1.26      | 0.0       | 0.0       | 0.0       | 0.0       | 4.0
Generation 16    | 0.2       | 0.63      | 0.0       | 0.0       | 0.0       | 0.0       | 2.0

Per-generation breakdown (standing):
Generation 1     | 7.9       | 10.95     | 0.0       | 1.0       | 5.5       | 7.75      | 37.0
Generation 2     | 4.1       | 7.11      | 0.0       | 0.0       | 1.5       | 3.75      | 23.0
Generation 3     | 2.6       | 4.67      | 0.0       | 0.0       | 0.5       | 2.75      | 15.0
Generation 4     | 2.0       | 3.68      | 0.0       | 0.0       | 0.5       | 2.0       | 12.0
Generation 5     | 1.8       | 3.22      | 0.0       | 0.0       | 0.0       | 2.5       | 10.0
Generation 6     | 1.1       | 2.18      | 0.0       | 0.0       | 0.0       | 1.0       | 7.0
Generation 7     | 0.6       | 1.35      | 0.0       | 0.0       | 0.0       | 0.0       | 4.0
Generation 8     | 0.5       | 1.08      | 0.0       | 0.0       | 0.0       | 0.0       | 3.0
Generation 9     | 0.2       | 0.63      | 0.0       | 0.0       | 0.0       | 0.0       | 2.0
Generation 10    | 0.1       | 0.32      | 0.0       | 0.0       | 0.0       | 0.0       | 1.0
Generation 11    | 0.2       | 0.63      | 0.0       | 0.0       | 0.0       | 0.0       | 2.0
Generation 12    | 0.1       | 0.32      | 0.0       | 0.0       | 0.0       | 0.0       | 1.0


##############################
### Concert Day 280
##############################

--- Global Epidemic Metrics ---
Metric           | Mean      | Std       | Min       | P25       | Median    | P75       | Max
-----------------------------------------------------------------------------------------------
Total infected   | 181359.1  | 63846.35  | 35.0      | 198186.0  | 201572.5  | 203670.0  | 208180.0
Attack rate      | 41.74     | 14.69     | 0.02      | 45.61     | 46.39     | 46.87     | 47.91
R0               | 1.23      | 0.43      | 0.0       | 1.33      | 1.36      | 1.4       | 1.42
Infectious pop   | 2730.3    | 4252.5    | 0.0       | 412.5     | 552.0     | 3027.5    | 12463.0

--- Sitting (occupation 1) ---
Metric           | Mean      | Std       | Min       | P25       | Median    | P75       | Max
-----------------------------------------------------------------------------------------------
Susceptible      | 377.4     | 75.14     | 325.0     | 345.75    | 352.5     | 368.25    | 583.0
Infectious       | 5.0       | 8.33      | 0.0       | 0.0       | 1.0       | 5.0       | 24.0
Exposed          | 1.7       | 3.37      | 0.0       | 0.0       | 0.0       | 0.75      | 9.0
Recovered        | 198.8     | 75.84     | 0.0       | 206.25    | 226.5     | 236.5     | 257.0
Dead             | 0.0       | 0.0       | 0.0       | 0.0       | 0.0       | 0.0       | 0.0
Same day other   | 0.1       | 0.32      | 0.0       | 0.0       | 0.0       | 0.0       | 1.0
Infected         | 3.0       | 5.35      | 0.0       | 0.0       | 0.0       | 2.5       | 13.0

Infection rate (sitting): 0.79%

Expected vs Observed (sitting):
Metric           | Mean      | Std       | Min       | P25       | Median    | P75       | Max
-----------------------------------------------------------------------------------------------
Expected         | 3.8       | 6.54      | 0.0       | 0.0       | 0.69      | 3.61      | 19.41
Std              | 1.25      | 1.52      | 0.0       | 0.0       | 0.83      | 1.85      | 4.3
Z-score          | -0.33     | 0.67      | -1.49     | -0.8      | 0.0       | 0.0       | 0.46

--- Standing (occupation 2) ---
Metric           | Mean      | Std       | Min       | P25       | Median    | P75       | Max
-----------------------------------------------------------------------------------------------
Susceptible      | 382.6     | 72.29     | 321.0     | 353.5     | 359.0     | 376.75    | 576.0
Infectious       | 2.5       | 5.04      | 0.0       | 0.0       | 0.0       | 2.5       | 16.0
Exposed          | 1.3       | 2.06      | 0.0       | 0.0       | 0.0       | 1.75      | 5.0
Recovered        | 189.2     | 73.47     | 0.0       | 189.5     | 217.0     | 221.75    | 255.0
Dead             | 0.0       | 0.0       | 0.0       | 0.0       | 0.0       | 0.0       | 0.0
Same day other   | 0.4       | 0.7       | 0.0       | 0.0       | 0.0       | 0.75      | 2.0
Infected         | 4.6       | 13.51     | 0.0       | 0.0       | 0.0       | 0.75      | 43.0

Infection rate (standing): 1.2%

Expected vs Observed (standing):
Metric           | Mean      | Std       | Min       | P25       | Median    | P75       | Max
-----------------------------------------------------------------------------------------------
Expected         | 6.02      | 12.37     | 0.0       | 0.0       | 0.0       | 5.8       | 39.37
Std              | 1.34      | 2.05      | 0.0       | 0.0       | 0.0       | 2.34      | 5.97
Z-score          | -0.6      | 1.19      | -3.16     | -1.12     | 0.0       | 0.0       | 0.61

Per-generation breakdown (sitting):
Generation 1     | 2.0       | 4.45      | 0.0       | 0.0       | 0.0       | 0.0       | 13.0
Generation 2     | 1.2       | 2.9       | 0.0       | 0.0       | 0.0       | 0.0       | 9.0
Generation 3     | 1.1       | 2.6       | 0.0       | 0.0       | 0.0       | 0.0       | 8.0
Generation 4     | 0.4       | 0.97      | 0.0       | 0.0       | 0.0       | 0.0       | 3.0
Generation 5     | 0.3       | 0.95      | 0.0       | 0.0       | 0.0       | 0.0       | 3.0
Generation 6     | 0.4       | 1.26      | 0.0       | 0.0       | 0.0       | 0.0       | 4.0
Generation 7     | 0.1       | 0.32      | 0.0       | 0.0       | 0.0       | 0.0       | 1.0

Per-generation breakdown (standing):
Generation 1     | 3.4       | 10.41     | 0.0       | 0.0       | 0.0       | 0.0       | 33.0
Generation 2     | 2.7       | 8.19      | 0.0       | 0.0       | 0.0       | 0.0       | 26.0
Generation 3     | 1.7       | 5.03      | 0.0       | 0.0       | 0.0       | 0.0       | 16.0
Generation 4     | 1.2       | 3.79      | 0.0       | 0.0       | 0.0       | 0.0       | 12.0
Generation 5     | 0.6       | 1.9       | 0.0       | 0.0       | 0.0       | 0.0       | 6.0
Generation 6     | 0.8       | 2.53      | 0.0       | 0.0       | 0.0       | 0.0       | 8.0
Generation 7     | 0.7       | 2.21      | 0.0       | 0.0       | 0.0       | 0.0       | 7.0
Generation 8     | 0.8       | 2.53      | 0.0       | 0.0       | 0.0       | 0.0       | 8.0
Generation 9     | 0.1       | 0.32      | 0.0       | 0.0       | 0.0       | 0.0       | 1.0


##############################
### Concert Day 290
##############################

--- Global Epidemic Metrics ---
Metric           | Mean      | Std       | Min       | P25       | Median    | P75       | Max
-----------------------------------------------------------------------------------------------
Total infected   | 181810.6  | 63993.96  | 36.0      | 198365.25 | 201739.5  | 204627.5  | 207569.0
Attack rate      | 41.84     | 14.73     | 0.02      | 45.65     | 46.43     | 47.09     | 47.77
R0               | 1.25      | 0.35      | 0.25      | 1.32      | 1.37      | 1.38      | 1.42
Infectious pop   | 2500.2    | 3925.39   | 0.0       | 310.0     | 415.5     | 3753.0    | 12469.0

--- Sitting (occupation 1) ---
Metric           | Mean      | Std       | Min       | P25       | Median    | P75       | Max
-----------------------------------------------------------------------------------------------
Susceptible      | 379.9     | 74.76     | 336.0     | 341.5     | 356.5     | 369.0     | 583.0
Infectious       | 2.5       | 3.69      | 0.0       | 0.0       | 0.5       | 3.5       | 10.0
Exposed          | 1.5       | 2.84      | 0.0       | 0.0       | 0.0       | 1.75      | 9.0
Recovered        | 198.8     | 75.43     | 0.0       | 206.75    | 225.5     | 240.75    | 247.0
Dead             | 0.0       | 0.0       | 0.0       | 0.0       | 0.0       | 0.0       | 0.0
Same day other   | 0.3       | 0.67      | 0.0       | 0.0       | 0.0       | 0.0       | 2.0
Infected         | 1.2       | 2.57      | 0.0       | 0.0       | 0.0       | 0.0       | 7.0

Infection rate (sitting): 0.32%

Expected vs Observed (sitting):
Metric           | Mean      | Std       | Min       | P25       | Median    | P75       | Max
-----------------------------------------------------------------------------------------------
Expected         | 1.95      | 2.97      | 0.0       | 0.0       | 0.35      | 2.65      | 8.39
Std              | 0.91      | 1.11      | 0.0       | 0.0       | 0.42      | 1.6       | 2.87
Z-score          | -0.47     | 0.62      | -1.75     | -0.75     | -0.19     | 0.0       | 0.0

--- Standing (occupation 2) ---
Metric           | Mean      | Std       | Min       | P25       | Median    | P75       | Max
-----------------------------------------------------------------------------------------------
Susceptible      | 375.7     | 73.16     | 337.0     | 339.75    | 347.5     | 363.75    | 576.0
Infectious       | 3.4       | 5.56      | 0.0       | 0.0       | 1.5       | 4.25      | 18.0
Exposed          | 1.0       | 2.21      | 0.0       | 0.0       | 0.0       | 0.75      | 7.0
Recovered        | 195.5     | 74.14     | 0.0       | 206.75    | 224.5     | 235.5     | 237.0
Dead             | 0.0       | 0.0       | 0.0       | 0.0       | 0.0       | 0.0       | 0.0
Same day other   | 0.4       | 0.97      | 0.0       | 0.0       | 0.0       | 0.0       | 3.0
Infected         | 5.1       | 9.06      | 0.0       | 0.0       | 0.5       | 5.25      | 28.0

Infection rate (standing): 1.36%

Expected vs Observed (standing):
Metric           | Mean      | Std       | Min       | P25       | Median    | P75       | Max
-----------------------------------------------------------------------------------------------
Expected         | 7.77      | 13.22     | 0.0       | 0.0       | 3.23      | 9.47      | 42.95
Std              | 1.86      | 2.05      | 0.0       | 0.0       | 1.77      | 2.98      | 6.19
Z-score          | -0.75     | 1.02      | -2.41     | -1.55     | -0.3      | 0.0       | 0.54

Per-generation breakdown (sitting):
Generation 1     | 0.6       | 1.35      | 0.0       | 0.0       | 0.0       | 0.0       | 4.0
Generation 2     | 0.4       | 0.97      | 0.0       | 0.0       | 0.0       | 0.0       | 3.0
Generation 3     | 0.3       | 0.67      | 0.0       | 0.0       | 0.0       | 0.0       | 2.0
Generation 4     | 0.2       | 0.42      | 0.0       | 0.0       | 0.0       | 0.0       | 1.0
Generation 5     | 0.1       | 0.32      | 0.0       | 0.0       | 0.0       | 0.0       | 1.0

Per-generation breakdown (standing):
Generation 1     | 2.9       | 5.57      | 0.0       | 0.0       | 0.0       | 2.5       | 17.0
Generation 2     | 1.8       | 3.16      | 0.0       | 0.0       | 0.0       | 2.25      | 8.0
Generation 3     | 1.1       | 2.08      | 0.0       | 0.0       | 0.0       | 0.75      | 5.0
Generation 4     | 0.5       | 0.97      | 0.0       | 0.0       | 0.0       | 0.75      | 3.0
Generation 5     | 0.3       | 0.67      | 0.0       | 0.0       | 0.0       | 0.0       | 2.0
Generation 6     | 0.2       | 0.42      | 0.0       | 0.0       | 0.0       | 0.0       | 1.0
Generation 7     | 0.3       | 0.95      | 0.0       | 0.0       | 0.0       | 0.0       | 3.0
Generation 8     | 0.2       | 0.63      | 0.0       | 0.0       | 0.0       | 0.0       | 2.0
Generation 9     | 0.1       | 0.32      | 0.0       | 0.0       | 0.0       | 0.0       | 1.0


##############################
### Concert Day 300
##############################

--- Global Epidemic Metrics ---
Metric           | Mean      | Std       | Min       | P25       | Median    | P75       | Max
-----------------------------------------------------------------------------------------------
Total infected   | 163219.0  | 82913.59  | 56.0      | 199999.75 | 200455.5  | 202707.5  | 208736.0
Attack rate      | 37.57     | 19.08     | 0.02      | 46.03     | 46.13     | 46.65     | 48.04
R0               | 1.25      | 0.32      | 0.4       | 1.34      | 1.36      | 1.39      | 1.43
Infectious pop   | 2272.7    | 4469.88   | 0.0       | 106.5     | 218.5     | 1501.75   | 13974.0

--- Sitting (occupation 1) ---
Metric           | Mean      | Std       | Min       | P25       | Median    | P75       | Max
-----------------------------------------------------------------------------------------------
Susceptible      | 400.8     | 96.77     | 338.0     | 350.0     | 354.5     | 381.75    | 583.0
Infectious       | 2.8       | 5.77      | 0.0       | 0.0       | 0.0       | 1.75      | 18.0
Exposed          | 1.5       | 3.41      | 0.0       | 0.0       | 0.0       | 1.0       | 11.0
Recovered        | 177.3     | 96.04     | 0.0       | 175.0     | 223.0     | 230.75    | 245.0
Dead             | 0.0       | 0.0       | 0.0       | 0.0       | 0.0       | 0.0       | 0.0
Same day other   | 0.6       | 1.9       | 0.0       | 0.0       | 0.0       | 0.0       | 6.0
Infected         | 1.5       | 2.76      | 0.0       | 0.0       | 0.0       | 1.0       | 8.0

Infection rate (sitting): 0.37%

Expected vs Observed (sitting):
Metric           | Mean      | Std       | Min       | P25       | Median    | P75       | Max
-----------------------------------------------------------------------------------------------
Expected         | 2.13      | 4.48      | 0.0       | 0.0       | 0.0       | 1.26      | 14.06
Std              | 0.8       | 1.26      | 0.0       | 0.0       | 0.0       | 1.11      | 3.68
Z-score          | -0.17     | 0.54      | -1.65     | -0.03     | 0.0       | 0.0       | 0.32

--- Standing (occupation 2) ---
Metric           | Mean      | Std       | Min       | P25       | Median    | P75       | Max
-----------------------------------------------------------------------------------------------
Susceptible      | 395.1     | 95.93     | 327.0     | 342.75    | 357.5     | 373.0     | 575.0
Infectious       | 2.7       | 6.27      | 0.0       | 0.0       | 0.0       | 1.0       | 20.0
Exposed          | 1.0       | 2.49      | 0.0       | 0.0       | 0.0       | 0.75      | 8.0
Recovered        | 177.1     | 95.29     | 1.0       | 180.25    | 217.0     | 233.25    | 247.0
Dead             | 0.0       | 0.0       | 0.0       | 0.0       | 0.0       | 0.0       | 0.0
Same day other   | 0.1       | 0.32      | 0.0       | 0.0       | 0.0       | 0.0       | 1.0
Infected         | 4.2       | 10.64     | 0.0       | 0.0       | 0.0       | 1.5       | 34.0

Infection rate (standing): 1.06%

Expected vs Observed (standing):
Metric           | Mean      | Std       | Min       | P25       | Median    | P75       | Max
-----------------------------------------------------------------------------------------------
Expected         | 5.97      | 13.92     | 0.0       | 0.0       | 0.0       | 2.2       | 44.37
Std              | 1.25      | 2.07      | 0.0       | 0.0       | 0.0       | 1.48      | 6.26
Z-score          | -0.47     | 0.76      | -1.66     | -1.14     | 0.0       | 0.0       | 0.0

Per-generation breakdown (sitting):
Generation 1     | 1.1       | 1.97      | 0.0       | 0.0       | 0.0       | 1.0       | 6.0
Generation 2     | 0.3       | 0.67      | 0.0       | 0.0       | 0.0       | 0.0       | 2.0
Generation 3     | 0.2       | 0.63      | 0.0       | 0.0       | 0.0       | 0.0       | 2.0
Generation 4     | 0.1       | 0.32      | 0.0       | 0.0       | 0.0       | 0.0       | 1.0
Generation 5     | 0.1       | 0.32      | 0.0       | 0.0       | 0.0       | 0.0       | 1.0
Generation 6     | 0.1       | 0.32      | 0.0       | 0.0       | 0.0       | 0.0       | 1.0

Per-generation breakdown (standing):
Generation 1     | 3.7       | 9.09      | 0.0       | 0.0       | 0.0       | 1.5       | 29.0
Generation 2     | 2.8       | 6.43      | 0.0       | 0.0       | 0.0       | 0.75      | 20.0
Generation 3     | 2.4       | 5.58      | 0.0       | 0.0       | 0.0       | 0.0       | 17.0
Generation 4     | 2.8       | 6.76      | 0.0       | 0.0       | 0.0       | 0.0       | 21.0
Generation 5     | 2.8       | 7.27      | 0.0       | 0.0       | 0.0       | 0.0       | 23.0
Generation 6     | 1.6       | 3.66      | 0.0       | 0.0       | 0.0       | 0.0       | 11.0
Generation 7     | 0.6       | 1.58      | 0.0       | 0.0       | 0.0       | 0.0       | 5.0
Generation 8     | 0.2       | 0.42      | 0.0       | 0.0       | 0.0       | 0.0       | 1.0
